SOURCE,EXTERNAL_ID,PMCID,DOI,AUTHORS,PUBLICATION_YEAR,PUBLICATION_MONTH,TITLE,JOURNAL,VOLUME,ISSUE,PAGE_INFO,PUBLISHER,TIMES_CITED,GRANTS,OPEN_ACCESS,LICENSE,FIRST_PUB_DATE (dd/mm/yyyy),EMBARGO_DATE (dd/mm/yyyy),IN_EPMC,EPMC_AUTH_MAN
MED,41704302,PMC12907448,10.3389/frai.2025.1731633,"Deepsahith, KV; Shashank, Basineni; Kumar, Bangipavan; Alphonse, Sherly; Subburaj, Brindha; Subramanian, Girish",2025,,Graph-enhanced multimodal fusion of vascular biomarkers and deep features for diabetic retinopathy detection.,"Front Artif Intell",8,"","1731633",,0,"",Y,cc by,2026-02-02,,Y,N
MED,41224814,PMC12612173,10.1038/s41598-025-23234-1,"Sekar, Priyadharshini; Bhoopalan, Ramasubramanian; Nagaprasad, N; Mamo, Tadesse Regassa; Dhanabal, SP; Krishnaraj, Ramaswamy",2025,11,D-TNet: a hybrid Dense Net-transformer model for robust diabetic retinopathy detection.,"Sci Rep",15,"1","39594",,3,"",Y,cc by-nc-nd,2025-11-12,,Y,N
MED,41348927,PMC12680365,10.1371/journal.pcbi.1013745,"Akter, Zarin; Ahad, Jawad Ibn; Farhan, Md Mutasim; Khan, Riasat",2025,12,Graph-enhanced deep learning for diabetic retinopathy diagnosis: A quality-aware and uncertainty-driven approach.,"PLoS Comput Biol",21,"12","e1013745",,1,"",Y,cc by,2025-12-05,,Y,N
MED,41388060,PMC12800199,10.1038/s41598-025-31339-w,"Anupama, BC; Rao, Sheela N; Malini, M Bindu; Athreya, V Vikram",2025,12,Comparative analysis of novel preprocessing techniques and deep learning based multi modal feature fusion for diabetic retinopathy grading.,"Sci Rep",16,"1","1743",,0,"",Y,cc by,2025-12-12,,Y,N
MED,40841568,PMC12370889,10.1038/s41598-025-14944-7,"Mohsen, Farida; Belhaouari, Samir; Shah, Zubair",2025,8,Integrating non-linear radon transformation for diabetic retinopathy grading.,"Sci Rep",15,"1","30706",,1,"",Y,cc by-nc-nd,2025-08-21,,Y,N
MED,41350373,PMC12789564,10.1038/s41598-025-30893-7,"Dejene, Fitsum Mesfin; Ayano, Yehualashet Megersa; Feyisa, Degaga Wolde; Debelee, Taye Girma; Mekonnen, Hiwot Taye; Gessesse, Girum Woldegebreal; Merga, Zelalem Chimdesa; Molla, Hasset Tamirat; Mulie, Destaw",2025,12,Knowledge distillation-based lightweight MobileNet model for diabetic retinopathy classification.,"Sci Rep",16,"1","1181",,2,"",Y,cc by-nc-nd,2025-12-05,,Y,N
MED,40463488,PMC12128631,10.1117/1.jmi.12.3.034504,"Nielsen, Christopher; Wilms, Matthias; Forkert, Nils D",2025,5,Highly efficient homomorphic encryption-based federated learning for diabetic retinopathy classification.,"J Med Imaging (Bellingham)",12,"3","034504",,2,"",N,,2025-05-01,,Y,N
MED,40890865,PMC12403315,10.1186/s42490-025-00098-0,"Dejene, Fitsum Mesfin; Debelee, Taye Girma; Schwenker, Friedhelm; Ayano, Yehualashet Megersa; Feyisa, Degaga Wolde",2025,9,Diabetic retinopathy screening using machine learning: a systematic review.,"BMC Biomed Eng",7,"1","12",,3,"",Y,cc by-nc-nd,2025-09-02,,Y,N
MED,39526031,PMC11543537,10.1016/j.mex.2024.103018,"Awasthi, Vishal; Awasthi, Namita; Kumar, Hemant; Singh, Shubhendra; Singh, Prabal Pratap; Dixit, Poonam; Agarwal, Rashi",2024,12,ViT-HHO: Optimized vision transformer for diabetic retinopathy detection using Harris Hawk optimization.,"MethodsX",13,"","103018",,0,"",Y,cc by-nc-nd,2024-10-23,,Y,N
MED,40804930,PMC12346750,10.3390/diagnostics15151966,"Acosta-Jiménez, Samara; Maeda-Gutiérrez, Valeria; Galván-Tejada, Carlos E; Mendoza-Mendoza, Miguel M; Reveles-Gómez, Luis C; Celaya-Padilla, José M; Galván-Tejada, Jorge I; García-Domínguez, Antonio",2025,8,Assessing ResNeXt and RegNet Models for Diabetic Retinopathy Classification: A Comprehensive Comparative Study.,"Diagnostics (Basel)",15,"15","1966",,0,"",Y,cc by,2025-08-05,,Y,N
MED,41295121,PMC12653631,10.3390/jimaging11110404,"Li, Long; Huang, Yibo; Li, Chong; Zhou, Fei; Li, Jingjing; Ghazali, Kamarul Hawari",2025,11,LatAtk: A Medical Image Attack Method Focused on Lesion Areas with High Transferability.,"J Imaging",11,"11","404",,0,"""Guangdong Basic and Applied Basic Research Foundation"":""2023A1515012846"",""The Key Research and Development Program of Guangxi"":""AB24010085"",""Open Project Program of Key Laboratory of Equipment Data Security and Guarantee Technology, Ministry of Education"":""GDZB2024060500"",""Guangxi Science and Technology Major Program"":""AA24263010"",""Basic Scientific Research Ability Improvement Project for Young and Middle-aged Teachers of Guangxi Higher Education Institutions"":""2024KY0233, 2025KY0243"",""Natural Science Foundation of Guangxi Province"":""2025GXNSFBA069410"",""National Natural Science Foundation of China"":""62462019, 62172350"",""Open Project Program of Guangxi Key Laboratory of Digital Infrastructure"":""GXDIOP2024019""",Y,cc by,2025-11-11,,Y,N
MED,40732620,PMC12298238,10.3390/s25144492,"Zedadra, Amina; Salah-Salah, Mahmoud Yassine; Zedadra, Ouarda; Guerrieri, Antonio",2025,7,Multi-Modal AI for Multi-Label Retinal Disease Prediction Using OCT and Fundus Images: A Hybrid Approach.,"Sensors (Basel)",25,"14","4492",,7,"""European Union - NextGenerationEU427 - National Recovery and Resilience Plan (Piano Nazionale di Ripresa e Resilienza, PNRR) - Project:428 ""SoBigData.it - Strengthening the Italian RI for Social Mining and Big Data Analytics"""":""Prot. IR0000013429 - Avviso n. 3264 del 28/12/2021."",""European Union NextGenerationEU National Recovery and Resilience Plan (Piano Nazionale di Ripresa e Resilienza, PNRR)—Project: “SoBigData.it—Strengthening the Italian RI for Social Mining and Big Data Analytics”"":""Prot. IR0000013-Avviso n. 3264 del 28/12/2021""",Y,cc by,2025-07-19,,Y,N
MED,39882466,PMC11774831,10.1016/j.heliyon.2025.e41802,"Hassan, Masoud Muhammed; Ismail, Halbast Rashid",2025,1,Bayesian deep learning applied to diabetic retinopathy with uncertainty quantification.,"Heliyon",11,"2","e41802",,0,"",Y,cc by-nc-nd,2025-01-08,,Y,N
MED,40241910,PMC12000039,10.3389/fmed.2025.1551315,"Zafar, Amad; Kim, Kwang Su; Ali, Muhammad Umair; Byun, Jong Hyuk; Kim, Seong-Han",2025,,A lightweight multi-deep learning framework for accurate diabetic retinopathy detection and multi-level severity identification.,"Front Med (Lausanne)",12,"","1551315",,3,"",Y,cc by,2025-04-02,,Y,N
MED,41168219,PMC12575606,10.1038/s41598-025-21337-3,"Sekar, Priyadharshini; Suba Raja, Kanaga S; Krishnaraj, Ramaswamy",2025,10,DRCNN-Lesion Proxy: a hybrid CNN with lesion-inspired feature simulation for diabetic retinopathy severity classification.,"Sci Rep",15,"1","37954",,2,"",Y,cc by-nc-nd,2025-10-30,,Y,N
MED,40082685,PMC11906594,10.1038/s41598-025-93376-9,"Sharma, Neeraj; Lalwani, Praveen",2025,3,A multi model deep net with an explainable AI based framework for diabetic retinopathy segmentation and classification.,"Sci Rep",15,"1","8777",,2,"",Y,cc by-nc-nd,2025-03-13,,Y,N
PPR,PPR1122375,,10.21203/rs.3.rs-8070946/v1,"Gupta, Sujal; Kumar, Suyash",2025,,A SMOTEENN-Powered Stacked Ensemble with Transformer-Based Meta-Learner for Balanced Diabetic Retinopathy Grading,"",,"","",Research Square,0,"",N,cc by,2025-11-19,,N,N
MED,41396341,,10.1007/s10278-025-01774-2,"Guo, Yanfei; Yang, Chenglong; Zhang, Zhenhua; Zhang, Yuanke; Li, Dapeng; Li, Dewang",2025,12,AttMamba: Integrating Dual-Attention and Vision Mamba for Diabetic Retinopathy Grading.,"J Imaging Inform Med",,"","",,0,"""Youth Innovative Research Team in China"":""2022KJ179"",""Natural Science Foundation of Rizhao"":""RZ2022ZR64"",""Shandong Provincial Natural Science Foundation"":""ZR2025QC677""",N,,2025-12-15,,N,N
MED,40596233,PMC12216456,10.1038/s41598-025-07561-x,"Badar, Danyal; Abbas, Junaid; Alsini, Raed; Abbas, Tahir; ChengLiang, Wang; Daud, Ali",2025,7,Transformer attention fusion for fine grained medical image classification.,"Sci Rep",15,"1","20655",,4,"",Y,cc by-nc-nd,2025-07-01,,Y,N
MED,41153291,PMC12563609,10.3390/diagnostics15202619,"Singh, Archana; Jain, Sushma; Arora, Vinay",2025,10,Pixel-Attention W-Shaped Network for Joint Lesion Segmentation and Diabetic Retinopathy Severity Staging.,"Diagnostics (Basel)",15,"20","2619",,1,"",Y,cc by,2025-10-17,,Y,N
MED,41203681,PMC12594895,10.1038/s41598-025-25399-1,"Bhoopalan, Ramasubramanian; Sekar, Priyadharshini; Nagaprasad, N; Mamo, Tadesse Regassa; Krishnaraj, Ramaswamy",2025,11,Task optimized vision transformer for diabetic retinopathy detection and classification in resource constrained early diagnosis settings.,"Sci Rep",15,"1","39047",,2,"",Y,cc by-nc-nd,2025-11-07,,Y,N
MED,41492535,PMC12765111,10.1016/j.mex.2025.103605,"Ara, Tabassum; Mishra, Ved Prakash; Bali, Manish; Yenkikar, Anuradha",2025,12,Hybrid quantum-classical deep learning framework for balanced multiclass diabetic retinopathy classification.,"MethodsX",15,"","103605",,2,"",Y,cc by-nc-nd,2025-09-04,,Y,N
PMC,PMC12555487,PMC12555487,,"",2025,10,Artificial Intelligence for Diabetic Retinopathy Screening: Performance of Deep Learning Models,"Eur J Public Health",35,"Suppl 4","",,0,"",Y,cc by-nc,2025-10-01,,Y,N
MED,40436513,,10.1016/j.medengphy.2025.104350,"Dixit, Ravi Bhushan; Jha, Chandan Kumar",2025,6,Fundus image based diabetic retinopathy detection using EfficientNetB3 with squeeze and excitation block.,"Med Eng Phys",140,"","104350",,0,"",N,,2025-04-25,,N,N
MED,39346742,PMC11427755,10.3389/frobt.2024.1445565,"Alam, Md Nuho Ul; Bahadur, Erfanul Hoque; Masum, Abdul Kadar Muhammad; Noori, Farzan M; Uddin, Md Zia",2024,,SwAV-driven diagnostics: new perspectives on grading diabetic retinopathy from retinal photography.,"Front Robot AI",11,"","1445565",,3,"",Y,cc by,2024-09-13,,Y,N
MED,40259941,PMC12009469,10.31661/jbpe.v0i0.2408-1811,"Rezaee, Khosro; Farnami, Fateme",2025,4,Innovative Approach for Diabetic Retinopathy Severity Classification: An AI-Powered Tool using CNN-Transformer Fusion.,"J Biomed Phys Eng",15,"2","137-158",,1,"",Y,cc by-nc,2025-04-01,,Y,N
MED,40269112,PMC12019244,10.1038/s41598-025-99228-w,"Pamula, Udayaraju; Pulipati, Venkateswararao; Vijaya Suresh, G; Jagannatha Reddy, MV; Bondala, Anil Kumar; Mantena, Srihari Varma; Vatambeti, Ramesh",2025,4,Optimizing diabetic retinopathy detection with electric fish algorithm and bilinear convolutional networks.,"Sci Rep",15,"1","14215",,3,"",Y,cc by-nc-nd,2025-04-23,,Y,N
MED,41151189,,10.1016/j.compmedimag.2025.102655,"Huang, Xuan; Ai, Zhuang; She, Chongyang; Li, Qi; Wei, Qihao; Xu, Sha; Lu, Yaping; Zeng, Fanxin",2025,12,A CNN-Transformer fusion network for Diabetic retinopathy image classification.,"Comput Med Imaging Graph",126,"","102655",,1,"""Beijing Hospitals Authority"":""QML20230302"",""National Natural Science Foundation of China"":""62206185"",""Sichuan Province Department of Science and Technology"":""2022YFS0222"",""Sichuan Province Department of Science and Technology"":""2023YFS0469""",N,,2025-10-21,,N,N
MED,40154203,,10.1016/j.compbiomed.2025.110054,"D S, Renu; Saji, KS",2025,5,Hybrid deep learning framework for diabetic retinopathy classification with optimized attention AlexNet.,"Comput Biol Med",190,"","110054",,0,"",N,,2025-03-27,,N,N
MED,40871882,PMC12390166,10.3390/s25165019,"Kansal, Sachin; Mishra, Bajrangi Kumar; Sethi, Saniya; Vinayak, Kanika; Kansal, Priya; Narayan, Jyotindra",2025,8,RetinoDeep: Leveraging Deep Learning Models for Advanced Retinopathy Diagnostics.,"Sensors (Basel)",25,"16","5019",,2,"",Y,cc by,2025-08-13,,Y,N
MED,39885230,PMC11782675,10.1038/s41598-025-87171-9,"Akhtar, Samia; Aftab, Shabib; Ali, Oualid; Ahmad, Munir; Khan, Muhammad Adnan; Abbas, Sagheer; Ghazal, Taher M",2025,1,A deep learning based model for diabetic retinopathy grading.,"Sci Rep",15,"1","3763",,15,"""Prince Mohammad Bin Fahd University, Al-Khobar, Dhahran, 34754, Saudi Arabia"":""ID_NOT_SUPPLIED""",Y,cc by-nc-nd,2025-01-30,,Y,N
MED,40670454,PMC12267427,10.1038/s41598-025-07050-1,"Zhou, Qiuji; Guo, Yongde; Liu, Wenjian; Liu, Yifeng; Lin, Yanzhen",2025,7,Enhancing pathological feature discrimination in diabetic retinopathy multi-classification with self-paced progressive multi-scale training.,"Sci Rep",15,"1","25705",,1,"""Fundo para o Desenvolvimento das Ciências e da Tecnologia"":""No. 0051/2022/AFJ""",Y,cc by-nc-nd,2025-07-16,,Y,N
MED,39757295,PMC11701072,10.1038/s41746-024-01424-x,"Lin, Tian; Wang, Meng; Lin, Aidi; Mai, Xiaoting; Liang, Huiyu; Tham, Yih-Chung; Chen, Haoyu",2025,1,Efficiency and safety of automated label cleaning on multimodal retinal images.,"NPJ Digit Med",8,"1","10",,3,"",Y,cc by-nc-nd,2025-01-05,,Y,N
MED,40863488,PMC12387618,10.3390/jimaging11080278,"Qureshi, Afraz Danish Ali; Malik, Hassaan; Naeem, Ahmad; Hassan, Syeda Nida; Jeong, Daesik; Naqvi, Rizwan Ali",2025,8,ODDM: Integration of SMOTE Tomek with Deep Learning on Imbalanced Color Fundus Images for Classification of Several Ocular Diseases.,"J Imaging",11,"8","278",,0,"""National Research Foundation of Korea"":""NRF[2022-R1-G1A1(010226)]"",""National Research Foundation (NRF)"":""NRF [2022-R1-G1A1(010226)]""",Y,cc by,2025-08-18,,Y,N
MED,40542189,PMC12181238,10.1038/s41746-025-01772-2,"Shi, Danli; Zhang, Weiyi; Yang, Jiancheng; Huang, Siyu; Chen, Xiaolan; Xu, Pusheng; Jin, Kai; Lin, Shan; Wei, Jin; Yusufu, Mayinuer; Liu, Shunming; Zhang, Qing; Ge, Zongyuan; Xu, Xun; He, Mingguang",2025,6,A multimodal visual-language foundation model for computational ophthalmology.,"NPJ Digit Med",8,"1","381",,31,"""Global STEM Professorship Scheme"":""P0046113"",""Start-up Fund for RAPs under the Strategic Hiring Scheme"":""P0048623"",""Henry G. Leong Endowed Professorship in Elderly Vision Health"":""ID_NOT_SUPPLIED""",Y,cc by-nc-nd,2025-06-21,,Y,N
MED,40151816,PMC11948315,10.7717/peerj-cs.2756,"Akgül, İsmail",2025,,Activation function cyclically switchable convolutional neural network model.,"PeerJ Comput Sci",11,"","e2756",,0,"",Y,cc by,2025-03-24,,Y,N
MED,39874303,PMC11774367,10.1371/journal.pone.0318264,"Liu, Zenglei; Gao, Ailian; Sheng, Hui; Wang, Xueling",2025,,Identification of diabetic retinopathy lesions in fundus images by integrating CNN and vision mamba models.,"PLoS One",20,"1","e0318264",,3,"",Y,cc by,2025-01-28,,Y,N
MED,39981059,PMC11840206,10.1016/j.mex.2025.103185,"Bali, Manish; Mishra, Ved Prakash; Yenkikar, Anuradha; Chikmurge, Diptee",2025,6,QuantumNet: An enhanced diabetic retinopathy detection model using classical deep learning-quantum transfer learning.,"MethodsX",14,"","103185",,5,"",Y,cc by-nc-nd,2025-01-25,,Y,N
MED,41008727,PMC12468348,10.3390/diagnostics15182355,"Singh, Archana; Jain, Sushma; Arora, Vinay",2025,9,A Multi-Model Image Enhancement and Tailored U-Net Architecture for Robust Diabetic Retinopathy Grading.,"Diagnostics (Basel)",15,"18","2355",,3,"",Y,cc by,2025-09-17,,Y,N
MED,39026925,PMC11246935,10.18240/ijo.2024.07.03,"Zhang, Guang-Hua; Zhuo, Guang-Ping; Zhang, Zhao-Xia; Sun, Bin; Yang, Wei-Hua; Zhang, Shao-Chong",2024,,Diabetic retinopathy identification based on multi-source-free domain adaptation.,"Int J Ophthalmol",17,"7","1193-1204",,2,"",N,,2024-07-18,2024-07-18,Y,N
MED,40415584,,10.1111/jep.70126,"Mohamed Yaseen, M; Vijayan, Thulasi Bai",2025,6,Optimised Hybrid Attention-Based Capsule Network Integrated Three-Pathway Network for Chronic Disease Detection in Retinal Images.,"J Eval Clin Pract",31,"4","e70126",,0,"",N,,2025-06-01,,N,N
AGR,IND608908440,,,"Hassan, Masoud Muhammed; Ismail, Halbast Rashid",2025,1,Bayesian deep learning applied to diabetic retinopathy with uncertainty quantification,"Heliyon",11,"2","Not Available",,0,"",N,,2025-01-01,,N,N
MED,40670428,PMC12267704,10.1038/s41598-025-07077-4,"Joo, Jaehan; Lee, Hunyoul; Kim, Suk Chan",2025,7,GMS-JIGNet: guided multi-scale jigsaw puzzles for self-supervised artificial spot segmentation in fundus photography.,"Sci Rep",15,"1","25753",,0,"""National Research Foundation of Korea"":""2022R1A2C1092737"",""Korea Institute of Energy Technology Evaluation and Planning"":""20224000000090""",Y,cc by-nc-nd,2025-07-16,,Y,N
MED,41010353,PMC12471856,10.3390/life15091411,"Ashraf, Muhammad Hassaan; Mehmood, Muhammad Nabeel; Ahmed, Musharif; Hussain, Dildar; Khan, Jawad; Jung, Younhyun; Zakariah, Mohammed; AlSekait, Deema Mohammed",2025,9,HIRD-Net: An Explainable CNN-Based Framework with Attention Mechanism for Diabetic Retinopathy Diagnosis Using CLAHE-D-DoG Enhanced Fundus Images.,"Life (Basel)",15,"9","1411",,2,"""Princess Nourah bint Abdulrahman University, Riyadh, Saudi Arabia"":""ORF-2025-1107"",""Princess Nourah bint Abdulrahman University, Riyadh, Saudi Arabia"":""PNURSP2025R435"",""King Saud University, Riyadh, Saudi Arabia"":""ORF-2025-1107"",""King Saud University, Riyadh, Saudi Arabia"":""PNURSP2025R435""",Y,cc by,2025-09-08,,Y,N
MED,40048106,,10.1007/s11517-025-03307-z,"Durai, D Binny Jeba; Jaya, T",2025,8,Hybrid model of feature-driven modular neural network-based grasshopper optimization algorithm for diabetic retinopathy classification using fundus images.,"Med Biol Eng Comput",63,"8","2423-2436",,0,"",N,,2025-03-06,,N,N
MED,39610484,PMC11599653,10.1007/s40200-024-01497-1,"Saproo, Dimple; Mahajan, Aparna N; Narwal, Seema",2024,12,Deep learning based binary classification of diabetic retinopathy images using transfer learning approach.,"J Diabetes Metab Disord",23,"2","2289-2314",,3,"",N,,2024-09-20,2025-09-20,Y,N
MED,40995078,PMC12456084,10.3389/fmed.2025.1644456,"Ke, Geng-Qian; Fu, Yang-Jun; Huang, Zhuo-Han; Dai, Shi-Xue; Wen, Yun-Hua; Lv, Hai-Xiang",2025,,"Artificial intelligence in proliferative diabetic retinopathy: advancing diagnosis, precision surgery, and anti-VEGF therapy optimization.","Front Med (Lausanne)",12,"","1644456",,0,"",Y,cc by,2025-09-09,,Y,N
MED,37510133,PMC10378050,10.3390/diagnostics13142389,"Zhu, Dongsheng; Ge, Aiming; Chen, Xindi; Wang, Qiuyang; Wu, Jiangbo; Liu, Shuo",2023,7,Supervised Contrastive Learning with Angular Margin for the Detection and Grading of Diabetic Retinopathy.,"Diagnostics (Basel)",13,"14","2389",,4,"""Yiwu Research Institute of Fudan University"":""20-1-20""",Y,cc by,2023-07-17,,Y,N
MED,40890231,PMC12402473,10.1038/s41598-025-17158-z,"Sun, Lei; Peng, Qinghua; Xiao, Xiaoxia; Liu, Jun; Li, Yang; Shu, Dan; Xue, Jinrou",2025,9,MAFNet: A novel adaptive multi-scale model for fine-grained grading of diabetic retinopathy.,"Sci Rep",15,"1","32280",,0,"""Key Research Projects of Hunan Provincial Administration of Traditional Chinese Medicine"":""A2023048"",""Key Research Projects of Hunan Provincial Department of Education"":""23A0273"",""Hunan Provincial Natural Science Foundation of China"":""2025JJ90031""",Y,cc by-nc-nd,2025-09-02,,Y,N
MED,41449171,PMC12830750,10.1038/s41598-025-32991-y,"Geetha, T; Hema, C",2025,12,Deep learning-based joint analysis of diabetic retinopathy and glaucoma in retinal fundus images.,"Sci Rep",16,"1","3133",,0,"",Y,cc by-nc-nd,2025-12-25,,Y,N
MED,38987446,PMC11237151,10.1038/s41598-024-67121-7,"Choopong, Pitipol; Kusakunniran, Worapan",2024,7,Selection of pre-trained weights for transfer learning in automated cytomegalovirus retinitis classification.,"Sci Rep",14,"1","15899",,1,"",Y,cc by,2024-07-10,,Y,N
MED,39779778,PMC11711487,10.1038/s41598-024-84478-x,"Akram, Mohsin; Adnan, Muhammad; Ali, Syed Farooq; Ahmad, Jameel; Yousef, Amr; Alshalali, Tagrid Abdullah N; Shaikh, Zaffar Ahmed",2025,1,Uncertainty-aware diabetic retinopathy detection using deep learning enhanced by Bayesian approaches.,"Sci Rep",15,"1","1342",,17,"",Y,cc by,2025-01-08,,Y,N
MED,37810367,PMC10557496,10.7717/peerj-cs.1585,"Dao, Quang Toan; Trinh, Hoang Quan; Nguyen, Viet Anh",2023,,An effective and comprehensible method to detect and evaluate retinal damage due to diabetes complications.,"PeerJ Comput Sci",9,"","e1585",,0,"",Y,cc by,2023-09-26,,Y,N
PMC,PMC12555721,PMC12555721,,"",2025,10,"Digital mental health promotion in Finland: who engages, what works, and how to improve impact","Eur J Public Health",35,"Suppl 4","",,0,"",Y,cc by-nc,2025-10-01,,Y,N
MED,39348249,,10.1109/jbhi.2024.3471807,"Deng, Tao; Huang, Yi; Yang, Chengfan",2025,1,Parallel Multi-Path Network for Ocular Disease Detection Inspired by Visual Cognition Mechanism.,"IEEE J Biomed Health Inform",29,"1","345-357",,0,"""Natural Science Foundation of Sichuan Province"":""2023NSFSC1418"",""National Natural Science Foundation of China"":""ID_NOT_SUPPLIED"",""China Postdoctoral Science Foundation"":""ID_NOT_SUPPLIED"",""National Natural Science Foundation of China"":""62106208"",""Natural Science Foundation of Sichuan Province"":""ID_NOT_SUPPLIED"",""China Postdoctoral Science Foundation"":""2021M702715"",""China Postdoctoral Science Foundation"":""2021TQ0272""",N,,2025-01-07,,N,N
MED,40564165,PMC12191321,10.3390/biomedicines13061446,"Park, Gang-Min; Moon, Ji-Hoon; Jung, Ho-Gil",2025,6,A Comparative Study of Lesion-Centered and Severity-Based Approaches to Diabetic Retinopathy Classification: Improving Interpretability and Performance.,"Biomedicines",13,"6","1446",,0,"""National Medical Center, Republic of Korea"":""NMC_I_2024_013001""",Y,cc by,2025-06-12,,Y,N
MED,38131541,PMC10833161,10.4103/ijo.ijo_1163_23,"Crane, Alexander B; Choudhry, Hassaam S; Dastjerdi, Mohammad H",2024,1,Effect of simulated cataract on the accuracy of artificial intelligence in detecting diabetic retinopathy in color fundus photos.,"Indian J Ophthalmol",72,"Suppl 1","S42-S45",,8,"",Y,cc by-nc-sa,2023-12-22,,Y,N
MED,40384679,PMC12082602,10.21037/qims-24-1791,"Mateen, Muhammad; Zhu, Weifang; Shi, Fei; Xiang, Dehui; Nie, Baoqing; Peng, Tao; Chen, Xinjian",2025,5,The role of artificial intelligence in the diagnosis of diabetic retinopathy through retinal lesion features: a narrative review.,"Quant Imaging Med Surg",15,"5","4816-4846",,1,"",Y,cc by-nc-nd,2025-04-16,,Y,N
MED,38469456,PMC10924814,10.1007/s13755-024-00282-x,"Hans, Rahul; Sharma, Sanjeev Kumar; Aickelin, Uwe",2024,12,Optimised deep k-nearest neighbour's based diabetic retinopathy diagnosis(ODeep-NN) using retinal images.,"Health Inf Sci Syst",12,"1","23",,1,"",N,,2024-03-09,2025-12-01,Y,N
MED,41012898,PMC12473202,10.3390/s25185658,"Conquer, Valérian; Lambolais, Thomas; Andrade-Miranda, Gustavo; Magnier, Baptiste",2025,9,Comprehensive Review of Open-Source Fundus Image Databases for Diabetic Retinopathy Diagnosis.,"Sensors (Basel)",25,"18","5658",,2,"",Y,cc by,2025-09-11,,Y,N
MED,41028406,PMC12485178,10.1038/s41598-025-85685-w,"Almattar, Wadha; Anwar, Saeed; Al-Azani, Sadam; Khan, Fakhri Alam",2025,9,Multi scale self supervised learning for deep knowledge transfer in diabetic retinopathy grading.,"Sci Rep",15,"1","33742",,0,"""King Fahd University of Petroleum and Minerals, SDAIA-KFUPM Joint Research Center for Artificial Intelligence"":""JRCAI-RG-14""",Y,cc by,2025-09-30,,Y,N
MED,40775922,,10.3233/shti250904,"Rafiei, Ali; Zaiane, Osmar R",2025,8,Sharper Detection: Enhanced Techniques for Diabetic Retinopathy Grading.,"Stud Health Technol Inform",329,"","568-572",,0,"",N,cc by-nc,2025-08-01,,N,N
MED,35845987,PMC9284280,10.3389/fphys.2022.918929,"Zhang, Guanghua; Sun, Bin; Zhang, Zhaoxia; Pan, Jing; Yang, Weihua; Liu, Yunfang",2022,,Multi-Model Domain Adaptation for Diabetic Retinopathy Classification.,"Front Physiol",13,"","918929",,5,"""Shanxi Provincial Key Research and Development Project"":""ID_NOT_SUPPLIED"",""Shanxi Scholarship Council of China"":""ID_NOT_SUPPLIED"",""Medical and Health Research Project of Zhejiang Province"":""ID_NOT_SUPPLIED""",Y,cc by,2022-07-01,,Y,N
MED,35979449,PMC9376263,10.3389/fpubh.2022.925901,"Albadr, Musatafa Abbas Abbood; Ayob, Masri; Tiun, Sabrina; Al-Dhief, Fahad Taha; Hasan, Mohammad Kamrul",2022,,Gray wolf optimization-extreme learning machine approach for diabetic retinopathy detection.,"Front Public Health",10,"","925901",,9,"""Universiti Kebangsaan Malaysia"":""DIP-2019-013""",Y,cc by,2022-08-01,,Y,N
PPR,PPR1095483,,10.1101/2025.10.01.25337115,"Sato, Takumi; Nishitsuka, Koichi; Itoh, Tohru; Okashita, Toshihiro; Wada, Satoshi; Shinjo, Atsushi",2025,,Explainable Deep Learning for Lesion-Level Detection of Diabetic Retinopathy: A Segmentation Approach Using Fundus Images Graded as Mild-to-Moderate Nonproliferative Diabetic Retinopathy,"",,"","",medRxiv,0,"",N,cc by,2025-10-03,,N,N
MED,38684593,,10.1007/s11517-024-03105-z,"Jeribi, Fathe; Nazir, Tahira; Nawaz, Marriam; Javed, Ali; Alhameed, Mohammed; Tahir, Ali",2024,9,Recognition of diabetic retinopathy and macular edema using deep learning.,"Med Biol Eng Comput",62,"9","2687-2701",,0,"""Deputyship of Research &amp; Innovation, Ministry of Education in Saudi Arabia"":""ISP23-78"",""Deputyship of Research & Innovation, Ministry of Education in Saudi Arabia"":""ISP23-78""",N,,2024-04-30,,N,N
MED,37835859,PMC10572213,10.3390/diagnostics13193116,"Bashir, Ijaz; Sajid, Muhammad Zaheer; Kalsoom, Rizwana; Ali Khan, Nauman; Qureshi, Imran; Abbas, Fakhar; Abbas, Qaisar",2023,10,RDS-DR: An Improved Deep Learning Model for Classifying Severity Levels of Diabetic Retinopathy.,"Diagnostics (Basel)",13,"19","3116",,1,"""Deanship of Scientific Research at Imam Mohammad Ibn Saud Islamic University (IMSIU)"":""IMSIU-RP23063""",Y,cc by,2023-10-03,,Y,N
PMC,PMC12556045,PMC12556045,,"",2025,10,Youth Wellbeing in Digital Space: Analyzing Mental Health Representations Through Minecraft Building,"Eur J Public Health",35,"Suppl 4","",,0,"",Y,cc by-nc,2025-10-01,,Y,N
MED,40601203,PMC12270989,10.1007/s40123-025-01191-2,"Arnould, Louis; Anwer, Atif; Grzybowski, Andrzej; Meriaudeau, Fabrice",2025,8,Selecting the Right AI Algorithm for the Job: A Guide for Navigating the AI Jungle in Ophthalmology.,"Ophthalmol Ther",14,"8","1637-1647",,0,"",Y,cc by-nc,2025-07-02,,Y,N
MED,41301187,PMC12649958,10.3390/bioengineering12111231,"Zhang, Zerui; Zhao, Hongbo; Dong, Li; Luo, Lin; Wang, Hao",2025,11,A Study on the Interpretability of Diabetic Retinopathy Diagnostic Models.,"Bioengineering (Basel)",12,"11","1231",,0,"""R&amp;D Program of Beijing Municipal Education Commission"":""KM202410025011"",""National Natural Science Foundation of China"":""82401283"",""National Institutes for Food and Drug Control Key Technology Funding"":""GJJS-2022-3-1"",""National Institutes for Food and Drug Control key technology funding"":""GJJS-2022-3-1""",Y,cc by,2025-11-10,,Y,N
MED,37724288,PMC10475636,10.18240/ijo.2023.09.05,"Liu, Yun-Fang; Ji, Yu-Ke; Fei, Fang-Qin; Chen, Nai-Mei; Zhu, Zhen-Tao; Fei, Xing-Zhen",2023,,Research progress in artificial intelligence assisted diabetic retinopathy diagnosis.,"Int J Ophthalmol",16,"9","1395-1405",,6,"",N,,2023-09-18,,Y,N
MED,38277925,,10.1016/j.compbiomed.2024.107993,"Zang, Feng; Ma, Hui; Ma, Hui",2024,3,CRA-Net: Transformer guided category-relation attention network for diabetic retinopathy grading.,"Comput Biol Med",170,"","107993",,8,"",N,,2024-01-15,,N,N
MED,38631117,,10.1016/j.compbiomed.2024.108428,"Xu, Xuebin; Liu, Dehua; Huang, Guohua; Wang, Muyu; Lei, Meng; Jia, Yang",2024,5,Computer aided diagnosis of diabetic retinopathy based on multi-view joint learning.,"Comput Biol Med",174,"","108428",,2,"""National Natural Science Foundation of China"":""ID_NOT_SUPPLIED""",N,cc by-nc,2024-04-06,,N,N
MED,38694880,PMC11062181,10.3389/frai.2024.1396160,"Anand, Vatsala; Koundal, Deepika; Alghamdi, Wael Y; Alsharbi, Bayan M",2024,,Smart grading of diabetic retinopathy: an intelligent recommendation-based fine-tuned EfficientNetB0 framework.,"Front Artif Intell",7,"","1396160",,8,"",Y,cc by,2024-04-16,,Y,N
MED,40161460,PMC11950740,10.1016/j.xops.2025.100707,"Kuo, David; Gao, Qitong; Patel, Dev; Pajic, Miroslav; Hadziahmetovic, Majda",2025,,How Foundational Is the Retina Foundation Model? Estimating RETFound's Label Efficiency on Binary Classification of Normal versus Abnormal OCT Images.,"Ophthalmol Sci",5,"3","100707",,8,"""NEI NIH HHS"":""R21 EY033480"",""National Institutes of Health"":""R21EY033480""",Y,cc by-nc-nd,2025-01-11,,Y,N
MED,41062523,PMC12508046,10.1038/s41598-025-18742-z,"Vijayalakshmi, S; Manoharan, J Samuel; Nivetha, B; Sathiya, A",2025,10,Multi-task deep learning framework combining CNN: vision transformers and PSO for accurate diabetic retinopathy diagnosis and lesion localization.,"Sci Rep",15,"1","35076",,4,"",Y,cc by-nc-nd,2025-10-08,,Y,N
MED,40706624,,10.1088/2057-1976/adf3b5,"Cai, Pengfei; Li, Biyuan; Ma, Jinying; Tian, Xiao; Huo, Lianhao; Jia, Xuefeng",2025,8,Frequency-spatial feature fusion via a hierarchical framework for diabetic retinopathy classification in low-quality fundus images.,"Biomed Phys Eng Express",11,"5","",,0,"""National Key Research and Development Program of China"":""2022YFF0706003"",""National Natural Science Foundation of China"":""11601372""",N,,2025-08-05,,N,N
MED,37420891,PMC10301863,10.3390/s23125726,"Mohanty, Cheena; Mahapatra, Sakuntala; Acharya, Biswaranjan; Kokkoras, Fotis; Gerogiannis, Vassilis C; Karamitsos, Ioannis; Kanavos, Andreas",2023,6,Using Deep Learning Architectures for Detection and Classification of Diabetic Retinopathy.,"Sensors (Basel)",23,"12","5726",,33,"",Y,cc by,2023-06-19,,Y,N
MED,38633420,PMC11022088,10.1016/j.mex.2024.102705,"Omer, Herman Khalid",2024,6,Diabetic retinopathy detection using Bilayered Neural Network classification model with resubstitution validation.,"MethodsX",12,"","102705",,0,"",Y,cc by,2024-04-06,,Y,N
MED,38461342,PMC10924962,10.1038/s41598-024-56389-4,"Wang, Yipeng; Wang, Liejun; Guo, Zhiqing; Song, Shiji; Li, Yanhong",2024,3,A graph convolutional network with dynamic weight fusion of multi-scale local features for diabetic retinopathy grading.,"Sci Rep",14,"1","5791",,3,"""Xinjiang University Excellent Doctoral Student Innovation Project"":""NO.XJU2022BS070"",""2023 Xinjiang Uygur Autonomous Region Postgraduate Research Innovation Project"":""XJ2023G099"",""Xinjiang Uygur Autonomous Region Tianshan Excellence Projec"":""2022TSYCLJ0036""",Y,cc by,2024-03-09,,Y,N
MED,38271723,,10.1088/1361-6560/ad22a1,"Fu, Yong; Wei, Yuekun; Chen, Siying; Chen, Caihong; Zhou, Rong; Li, Hongjun; Qiu, Mochan; Xie, Jin; Huang, Daizheng",2024,2,UC-stack: a deep learning computer automatic detection system for diabetic retinopathy classification.,"Phys Med Biol",69,"4","",,1,"""Guangxi Natural Science Foundation Innovation Research Team"":""ID_NOT_SUPPLIED"",""Guangxi Natural Science Foundation"":""2018GXNSFAA281133"",""Guangxi Natural Science Foundation Innovation Research Team"":""Grant2019GXNSFGA245002"",""National Natural Science Foundation of China"":""ID_NOT_SUPPLIED"",""Guangxi Innovation Driven Development Project"":""AA19254003"",""National Natural Science Foundation of China"":""62341601"",""Guangxi Innovation Driven Development Project"":""ID_NOT_SUPPLIED"",""Guangxi Natural Science Foundation"":""ID_NOT_SUPPLIED""",N,,2024-02-12,,N,N
MED,40307328,PMC12043946,10.1038/s41598-025-99309-w,"Sushith, Mishmala; Sathiya, A; Kalaipoonguzhali, V; Sathya, V",2025,4,A hybrid deep learning framework for early detection of diabetic retinopathy using retinal fundus images.,"Sci Rep",15,"1","15166",,14,"",Y,cc by-nc-nd,2025-04-30,,Y,N
MED,38321416,PMC11323616,10.1186/s12911-024-02446-x,"Chilukoti, Sai Venkatesh; Shan, Liqun; Tida, Vijay Srinivas; Maida, Anthony S; Hei, Xiali",2024,2,A reliable diabetic retinopathy grading via transfer learning and ensemble learning with quadratic weighted kappa metric.,"BMC Med Inform Decis Mak",24,"1","37",,17,"""NSF National Science Foundation"":""OIA-1946231"",""NSF National Science Foundation"":""OIA-2229752"",""NSF National Science Foundation"":""CNS-1650551 "",""NSF National Science Foundation"":""CNS-2117785""",Y,cc by,2024-02-06,,Y,N
MED,37835861,PMC10572365,10.3390/diagnostics13193120,"Wahab Sait, Abdul Rahaman",2023,10,A Lightweight Diabetic Retinopathy Detection Model Using a Deep-Learning Technique.,"Diagnostics (Basel)",13,"19","3120",,14,"""Deanship of Scientific Research, Vice Presidency for Graduate Studies and Scientific Research, King Faisal University, Saudi Arabia"":""4216"",""This work was supported by the Deanship of Scientific Research, Vice Presidency for Graduate Studies and Scientific Research, King Faisal University, Saudi Arabia"":""Grant No. 4216""",Y,cc by,2023-10-03,,Y,N
MED,37510123,PMC10378524,10.3390/diagnostics13142375,"Alwakid, Ghadah; Gouda, Walaa; Humayun, Mamoona",2023,7,"Enhancement of Diabetic Retinopathy Prognostication Using Deep Learning, CLAHE, and ESRGAN.","Diagnostics (Basel)",13,"14","2375",,9,"""Deputyship for Research & Innovation, Ministry of Education in Saudi Arabia"":""project number 223202"",""Deputyship for Research and Innovation, Ministry of Education in Saudi Arabia"":""223202""",Y,cc by,2023-07-14,,Y,N
MED,39835306,PMC11743363,10.3389/fpubh.2024.1442114,"Liu, Chong; Wang, Weiguang; Lian, Jian; Jiao, Wanzhen",2024,,Lesion classification and diabetic retinopathy grading by integrating softmax and pooling operators into vision transformer.,"Front Public Health",12,"","1442114",,4,"",Y,cc by,2025-01-06,,Y,N
MED,39867796,PMC11755306,10.12669/pjms.41.1.9171,"Zhang, Jing; Chen, Juan",2025,1,Research on grading detection methods for diabetic retinopathy based on deep learning.,"Pak J Med Sci",41,"1","225-229",,0,"",Y,cc by,2025-01-01,,Y,N
MED,40863489,PMC12387119,10.3390/jimaging11080279,"Alsohemi, Rahaf; Dardouri, Samia",2025,8,Fundus Image-Based Eye Disease Detection Using EfficientNetB3 Architecture.,"J Imaging",11,"8","279",,2,"",Y,cc by,2025-08-19,,Y,N
MED,41349528,PMC12765825,10.1016/j.xcrm.2025.102476,"Soh, Zhi Da; Bai, Yang; Yu, Kai; Zhou, Yang; Lei, Xiaofeng; Thakur, Sahil; Lee, Zann; Phang, Lee Ching Linette; Peng, Qingsheng; Xue, Can Can; Chong, Rachel Shujuan; Hoang, Quan V; Raghavan, Lavanya; Tham, Yih Chung; Sabanayagam, Charumathi; Wu, Wei-Chi; Ho, Ming-Chih; He, Jiangnan; Gupta, Preeti; Lamoureux, Ecosse; Saw, Seang Mei; Nangia, Vinay; Panda-Jonas, Songhomitra; Xu, Jie; Wang, Ya Xing; Xu, Xinxing; Jonas, Jost B; Wong, Tien Yin; Goh, Rick Siow Mong; Liu, Yong; Cheng, Ching-Yu",2025,12,An integrated language-vision foundation model for conversational diagnostics and triaging in primary eye care.,"Cell Rep Med",6,"12","102476",,4,"""National Medical Research Council"":""NMRC/CIRG/1488/2018"",""National Medical Research Council"":""MOH-CSASI22jul-0001"",""National Medical Research Council"":""NMRC/CIRG33jul-0039"",""Agency for Science, Technology and Research"":""A20H4b0141"",""Agency for Science, Technology and Research"":""H20H7a0031""",Y,cc by-nc-nd,2025-12-04,,Y,N
MED,39202252,PMC11353512,10.3390/diagnostics14161765,"Venkatesh, Ramesh; Gandhi, Priyanka; Choudhary, Ayushi; Kathare, Rupal; Chhablani, Jay; Prabhu, Vishma; Bavaskar, Snehal; Hande, Prathiba; Shetty, Rohit; Reddy, Nikitha Gurram; Rani, Padmaja Kumari; Yadav, Naresh Kumar",2024,8,Evaluation of Systemic Risk Factors in Patients with Diabetes Mellitus for Detecting Diabetic Retinopathy with Random Forest Classification Model.,"Diagnostics (Basel)",14,"16","1765",,2,"",Y,cc by,2024-08-13,,Y,N
MED,40588035,,10.1016/j.slast.2025.100325,"Rautaray, Jyotirmayee; Ali, Ali B M; Kandpal, Meenakshi; Mishra, Pranati; Rashid, Rzgar Farooq; Alimova, Farzona; Kallel, Mohamed; Batool, Nadia",2025,8,Leveraging FastViT based knowledge distillation with EfficientNet-B0 for diabetic retinopathy severity classification.,"SLAS Technol",33,"","100325",,2,"",N,cc by,2025-06-28,,N,N
MED,37766903,PMC10521302,10.1177/20552076231203676,"Alwakid, Ghadah; Gouda, Walaa; Humayun, Mamoona; Jhanjhi, NZ",2023,,Enhancing diabetic retinopathy classification using deep learning.,"Digit Health",9,"","20552076231203676",,0,"""Ministry of Education in Saudi Arabia"":""project number 223202""",Y,cc by-nc,2023-01-01,,Y,N
PPR,PPR690471,,10.21203/rs.3.rs-3120228/v1,"Tajerian, Amin; Keshtkar, Mohsen; Almasi-Hashiani, Amir; Tajerian, Mohammad",2023,,Enhancing Eye Diseases Diagnosis through Transfer Learning: Study of Deep Convolutional Neural Networks for Accurate Classification of Glaucoma and Diabetic Retinopathy from Healthy Eye Using Fundus Images,"",,"","",Research Square,0,"",N,cc by,2023-07-12,,N,N
MED,40020421,,10.1016/j.media.2025.103511,"Wei, Xin; Liu, Yanbei; Zhang, Fang; Geng, Lei; Shan, Chunyan; Cao, Xiangyu; Xiao, Zhitao",2025,5,MSTNet: Multi-scale spatial-aware transformer with multi-instance learning for diabetic retinopathy classification.,"Med Image Anal",102,"","103511",,3,"""National Natural Science Foundation of China"":""62371340"",""Natural Science Foundation of Tianjin Municipality"":""23JCYBJC00520""",N,,2025-02-24,,N,N
MED,40592857,PMC12214743,10.1038/s41467-025-60577-9,"Wang, Meng; Lin, Tian; Lin, Aidi; Yu, Kai; Peng, Yuanyuan; Wang, Lianyu; Chen, Cheng; Zou, Ke; Liang, Huiyu; Chen, Man; Yao, Xue; Zhang, Meiqin; Huang, Binwei; Zheng, Chaoxin; Zhang, Peixin; Chen, Wei; Luo, Yilong; Chen, Yifan; Xia, Honghe; Shi, Tingkun; Zhang, Qi; Guo, Jinming; Chen, Xiaolin; Wang, Jingcheng; Tham, Yih Chung; Liu, Dianbo; Wong, Wendy; Thakur, Sahil; Fenner, Beau J; Fang, Danqi; Liu, Siying; Liu, Qingyun; Huang, Yuqiang; Zeng, Hongqiang; Meng, Yanda; Zhou, Yukun; Jiang, Zehua; Qiu, Minghui; Zhang, Changqing; Chen, Xinjian; Wang, Sophia Y; Lee, Cecilia S; Sobrin, Lucia; Cheung, Carol Y; Pang, Chi Pui; Keane, Pearse A; Cheng, Ching-Yu; Chen, Haoyu; Fu, Huazhu",2025,7,Enhancing diagnostic accuracy in rare and common fundus diseases with a knowledge-rich vision-language model.,"Nat Commun",16,"1","5528",,21,"""NIA NIH HHS"":""R01 AG060942"",""NIH HHS"":""OT2 OD032644""",Y,cc by-nc-nd,2025-07-01,,Y,N
MED,36010325,PMC9406859,10.3390/diagnostics12081975,"Kobat, Sabiha Gungor; Baygin, Nursena; Yusufoglu, Elif; Baygin, Mehmet; Barua, Prabal Datta; Dogan, Sengul; Yaman, Orhan; Celiker, Ulku; Yildirim, Hakan; Tan, Ru-San; Tuncer, Turker; Islam, Nazrul; Acharya, U Rajendra",2022,8,Automated Diabetic Retinopathy Detection Using Horizontal and Vertical Patch Division-Based Pre-Trained DenseNET with Digital Fundus Images.,"Diagnostics (Basel)",12,"8","1975",,31,"",Y,cc by,2022-08-15,,Y,N
MED,37627904,PMC10453689,10.3390/diagnostics13162645,"Sajid, Muhammad Zaheer; Hamid, Muhammad Fareed; Youssef, Ayman; Yasmin, Javeria; Perumal, Ganeshkumar; Qureshi, Imran; Naqi, Syed Muhammad; Abbas, Qaisar",2023,8,DR-NASNet: Automated System to Detect and Classify Diabetic Retinopathy Severity Using Improved Pretrained NASNet Model.,"Diagnostics (Basel)",13,"16","2645",,7,"""Deanship of Scientific Research at Imam Mohammad Ibn Saud Islamic University (IMSIU)"":""IMSIU-RP23067""",Y,cc by,2023-08-10,,Y,N
MED,41339440,PMC12775537,10.1038/s41598-025-30128-9,"Sushith, Mishmala; Malligeswari, N; Anlin Sahaya Infant Tinu, M; Jaiganesh, M",2025,12,HyperGraph-based capsule temporal memory network for efficient and explainable diabetic retinopathy detection in retinal imaging.,"Sci Rep",16,"1","607",,0,"",Y,cc by-nc-nd,2025-12-03,,Y,N
MED,41584223,PMC12827511,10.3389/frai.2025.1716706,"Vaida, Maria; Huang, Ziyuan",2025,,Multimodal graph neural networks in healthcare: a review of fusion strategies across biomedical domains.,"Front Artif Intell",8,"","1716706",,1,"",Y,cc by,2026-01-09,,Y,N
PMC,PMC10917269,PMC10917269,,"Yang, Yaoming; Cai, Zhili; Qiu, Shuxia; Xu, Peng",2024,1,Vision transformer with masked autoencoders for referable diabetic retinopathy classification based on large-size retina image,"PLoS One",19,"3","",,0,"",Y,cc by,2024-01-01,,Y,N
MED,40725843,PMC12296123,10.3390/jcm14145150,"Ansari, Areeb; Ansari, Nabiha; Khalid, Usman; Markov, Daniel; Bechev, Kristian; Aleksiev, Vladimir; Markov, Galabin; Poryazova, Elena",2025,7,The Role of Artificial Intelligence in the Diagnosis and Management of Diabetic Retinopathy.,"J Clin Med",14,"14","5150",,4,"",Y,cc by,2025-07-20,,Y,N
MED,36611416,PMC9818466,10.3390/diagnostics13010124,"Mondal, Sambit S; Mandal, Nirupama; Singh, Krishna Kant; Singh, Akansha; Izonin, Ivan",2022,12,EDLDR: An Ensemble Deep Learning Technique for Detection and Classification of Diabetic Retinopathy.,"Diagnostics (Basel)",13,"1","124",,19,"",Y,cc by,2022-12-30,,Y,N
MED,37704728,PMC10550819,10.1038/s41586-023-06555-x,"Zhou, Yukun; Chia, Mark A; Wagner, Siegfried K; Ayhan, Murat S; Williamson, Dominic J; Struyven, Robbert R; Liu, Timing; Xu, Moucheng; Lozano, Mateo G; Woodward-Court, Peter; Kihara, Yuka; UK Biobank Eye & Vision Consortium; Altmann, Andre; Lee, Aaron Y; Topol, Eric J; Denniston, Alastair K; Alexander, Daniel C; Keane, Pearse A",2023,10,A foundation model for generalizable disease detection from retinal images.,"Nature",622,"7981","156-163",,660,"""Engineering and Physical Sciences Research Council"":""EP/V034537/1"",""Medical Research Council"":""MR/K003364/1"",""National Institute for Health Research (NIHR)"":""NF-SI-0515-10020"",""Medical Research Council"":""MC_PC_19005"",""National Institute for Health Research (NIHR)"":""NIHR205103"",""Engineering and Physical Sciences Research Council"":""EP/M020533/1"",""Medical Research Council"":""MC_UU_00007/10"",""National Institute for Health Research (NIHR)"":""NIHR205109"",""National Institute for Health Research (NIHR)"":""NIHR205096"",""Engineering and Physical Sciences Research Council"":""EP/R014019/1"",""Medical Research Council"":""MR/T019050/1""",Y,cc by,2023-09-13,,Y,N
MED,38223039,PMC10784049,10.21037/qims-23-567,"Liu, Xueyao; Dong, Xueyuan; Li, Tuo; Zou, Xiaofeng; Cheng, Chen; Jiang, Zekun; Gao, Zhumin; Duan, Sixu; Chen, Meirong; Liu, Tingting; Huang, Pu; Li, Dengwang; Lu, Hua",2024,1,A difficulty-aware and task-augmentation method based on meta-learning model for few-shot diabetic retinopathy classification.,"Quant Imaging Med Surg",14,"1","861-876",,5,"",Y,cc by-nc-nd,2024-01-02,,Y,N
MED,35545738,PMC9225981,10.1007/s11517-022-02564-6,"AbdelMaksoud, Eman; Barakat, Sherif; Elmogy, Mohammed",2022,7,A computer-aided diagnosis system for detecting various diabetic retinopathy grades based on a hybrid deep learning technique.,"Med Biol Eng Comput",60,"7","2015-2038",,17,"""Mansoura University"":""ID_NOT_SUPPLIED""",Y,cc by,2022-05-11,,Y,N
MED,41093956,PMC12528709,10.1038/s41598-025-89262-z,"Bhoopalan, Ramasubramanian; Priyadharshini, S",2025,10,A novel approach for the segmentation of retinal images by integration K-means clustering algorithm with graph cut for image segmentation.,"Sci Rep",15,"1","35950",,2,"""DST-SERB"":""CRG/2022/008041""",Y,cc by-nc-nd,2025-10-15,,Y,N
MED,37588156,PMC10426308,10.1177/20552076231194942,"Alwakid, Ghadah; Gouda, Walaa; Humayun, Mamoona; Jhanjhi, Noor Zaman",2023,,Deep learning-enhanced diabetic retinopathy image classification.,"Digit Health",9,"","20552076231194942",,11,"""Ministry of Education in Saudi Arabia"":""project number 223202""",Y,cc by-nc,2023-01-01,,Y,N
MED,41354757,PMC12686508,10.1038/s41598-025-28376-w,"Hussein, Shereen A; Farouk, Ahd A; Saeid, Mary Monir",2025,12,Intelligent retinal disease detection using deep learning.,"Sci Rep",15,"1","43282",,3,"""Fayoum University"":""ID_NOT_SUPPLIED""",Y,cc by,2025-12-08,,Y,N
MED,41310584,PMC12659348,10.1186/s12911-025-03253-8,"Marouf, Ahmed Al; Mottalib, Md Mozaharul; Ridi, Sadia Sobhana; Jafarullah, Omar; Rokne, Jon; Alhajj, Reda",2025,11,Eye-XAI: an explainable artificial intelligence approach for eye disease detection using symptom analysis.,"BMC Med Inform Decis Mak",25,"1","433",,2,"",Y,cc by-nc-nd,2025-11-27,,Y,N
MED,39833312,PMC11747016,10.1038/s41598-025-85752-2,"Almas, Shagufta; Wahid, Fazli; Ali, Sikandar; Alkhyyat, Ahmed; Ullah, Kamran; Khan, Jawad; Lee, Youngmoon",2025,1,Visual impairment prevention by early detection of diabetic retinopathy based on stacked auto-encoder.,"Sci Rep",15,"1","2554",,4,"""Hanyang University Republic of Korea"":""HY-2023-24""",Y,cc by-nc-nd,2025-01-20,,Y,N
MED,35569335,,10.1016/j.compbiomed.2022.105602,"Islam, Md Robiul; Abdulrazak, Lway Faisal; Nahiduzzaman, Md; Goni, Md Omaer Faruq; Anower, Md Shamim; Ahsan, Mominul; Haider, Julfikar; Kowalski, Marcin",2022,7,Applying supervised contrastive learning for the detection of diabetic retinopathy and its severity levels from fundus images.,"Comput Biol Med",146,"","105602",,36,"",N,cc by-nc-nd,2022-05-10,,N,N
MED,40089972,,10.1002/mp.17753,"Cao, Zhantao; Shi, Yuanbing; Zhang, Shuli; Chen, Huanan; Liu, Weide; Yue, Guanghui; Lin, Huazhen",2025,6,Decentralized learning for medical image classification with prototypical contrastive network.,"Med Phys",52,"6","4188-4204",,0,"""National Natural Science Foundation of China"":""62371305"",""Xiongan New Area Science and Technology Innovation Project"":""2022XAGG0111"",""Major Program of the Ministry of Industry and Information Technology"":""TC220H056"",""National Key Research and Development Program of China"":""2022YFA1003702""",N,,2025-03-16,,N,N
MED,34073541,PMC8198489,10.3390/s21113704,"Alyoubi, Wejdan L; Abulkhair, Maysoon F; Shalash, Wafaa M",2021,5,Diabetic Retinopathy Fundus Image Classification and Lesions Localization System Using Deep Learning.,"Sensors (Basel)",21,"11","3704",,47,"",Y,cc by,2021-05-26,,Y,N
MED,36805216,,10.1016/j.compbiomed.2023.106631,"Jian, Muwei; Chen, Hongyu; Tao, Chen; Li, Xiaoguang; Wang, Gaige",2023,3,Triple-DRNet: A triple-cascade convolution neural network for diabetic retinopathy grading using fundus images.,"Comput Biol Med",155,"","106631",,12,"""National Natural Science Foundation of China"":""61976123"",""National Natural Science Foundation of China"":""61601427"",""Key Technology Research and Development Program of Shandong"":""ZR2020ZD44""",N,,2023-02-07,,N,N
MED,38379789,PMC10876903,10.1016/j.xinn.2024.100575,"Fu, Yidian; Ma, Liang; Wan, Sheng; Ge, Shengfang; Yang, Zhi",2024,3,A novel clinical artificial intelligence model for disease detection via retinal imaging.,"Innovation (Camb)",5,"2","100575",,3,"""Science and Technology Commission of Shanghai Municipality"":""ID_NOT_SUPPLIED"",""National Natural Science Foundation of China"":""ID_NOT_SUPPLIED"",""China Postdoctoral Science Foundation"":""ID_NOT_SUPPLIED""",Y,cc by-nc-nd,2024-01-05,,Y,N
MED,39973787,,10.1177/08953996241311190,"Song, Pengfei; Wu, Yun",2025,3,DR-ConvNeXt: DR classification method for reconstructing ConvNeXt model structure.,"J Xray Sci Technol",33,"2","448-460",,0,"""National Natural Science Foundation of China"":""62266011""",N,,2025-02-12,,N,N
MED,41044095,PMC12494769,10.1038/s41598-025-06973-z,"Gandor, Michał; Pałka, Filip; Książek, Wojciech; Pławiak, Paweł; Siedlecka, Aleksandra; Jeruzalski, Tomasz; Olender-Skorek, Magdalena; Jonak, Kamil; Rejdak, Robert; Nowomiejska, Katarzyna; Matysik-Woźniak, Anna; Teus, Miguel; Sanchez, Carolina Arruabarrena; Sylwestrzak, Marek",2025,10,Diagnostics of diabetic retinopathy based on fundus photos using machine learning methods with advanced feature engineering algorithms.,"Sci Rep",15,"1","34486",,0,"""Targeted grant from the Ministry of Digital Affairs and the Ministry of Health"":""ID_NOT_SUPPLIED""",Y,cc by-nc-nd,2025-10-03,,Y,N
MED,38032322,PMC10691390,10.1167/tvst.12.11.38,"Blair, Joseph P M; Rodriguez, Jose Natan; Lasagni Vitar, Romina M; Stadelmann, Marc A; Abreu-González, Rodrigo; Donate, Juan; Ciller, Carlos; Apostolopoulos, Stefanos; Bermudez, Carlos; De Zanet, Sandro",2023,11,"Development of LuxIA, a Cloud-Based AI Diabetic Retinopathy Screening Tool Using a Single Color Fundus Image.","Transl Vis Sci Technol",12,"11","38",,4,"",Y,cc by-nc-nd,2023-11-01,,Y,N
MED,35388319,PMC8979701,10.1155/2022/4246239,"Zhang, Guanghua; Li, Keran; Chen, Zhixian; Sun, Li; Zhang, Jianwei; Pan, Xueping",2022,,Augmentation-Consistent Clustering Network for Diabetic Retinopathy Grading with Fewer Annotations.,"J Healthc Eng",2022,"","4246239",,2,"""Shanxi Transformation and Comprehensive Reform Demonstration Zone"":""2018KJCX04"",""Shanxi Transformation and Comprehensive Reform Demonstration Zone"":""2020-149"",""Shanxi Transformation and Comprehensive Reform Demonstration Zone"":""201903D311009"",""Shanxi Transformation and Comprehensive Reform Demonstration Zone"":""2020PY027"",""Shanxi Transformation and Comprehensive Reform Demonstration Zone"":""2019GY13"",""Shanxi Transformation and Comprehensive Reform Demonstration Zone"":""2021L575"",""Shanxi Transformation and Comprehensive Reform Demonstration Zone"":""HLW-20132""",Y,cc by,2022-03-28,,Y,N
MED,36981520,PMC10048517,10.3390/healthcare11060863,"Alwakid, Ghadah; Gouda, Walaa; Humayun, Mamoona",2023,3,Deep Learning-Based Prediction of Diabetic Retinopathy Using CLAHE and ESRGAN for Enhancement.,"Healthcare (Basel)",11,"6","863",,24,"""Deputyship for Research &amp;amp; Innovation, Ministry of Education in Saudi Arabia"":""223202"",""Deputyship for Research & Innovation, Ministry of Education in Saudi Arabia"":""project number 223202""",Y,cc by,2023-03-15,,Y,N
MED,36832262,PMC9955015,10.3390/diagnostics13040774,"Vijayan, Midhula; S, Venkatakrishnan",2023,2,A Regression-Based Approach to Diabetic Retinopathy Diagnosis Using Efficientnet.,"Diagnostics (Basel)",13,"4","774",,11,"",Y,cc by,2023-02-17,,Y,N
MED,36973632,PMC10406759,10.1007/s10278-023-00813-0,"Oulhadj, Mohammed; Riffi, Jamal; Khodriss, Chaimae; Mahraz, Adnane Mohamed; Bennis, Ahmed; Yahyaouy, Ali; Chraibi, Fouad; Abdellaoui, Meriem; Andaloussi, Idriss Benatiya; Tairi, Hamid",2023,8,Diabetic Retinopathy Prediction Based on Wavelet Decomposition and Modified Capsule Network.,"J Digit Imaging",36,"4","1739-1751",,9,"",N,,2023-03-27,2024-08-01,Y,N
MED,41268107,PMC12628489,10.1007/s44258-025-00066-2,"Chen, Justin; Fang, Raymond; Liu, Xiaorong; Zhang, Hao F",2025,,Optical strategies for in vivo retinal ganglion cell imaging.,"Med X",3,"1","21",,2,"""National Eye Institute"":""R01EY034353"",""American Heart Association"":""24PRE1177917"",""National Eye Institute"":""U01EY033001"",""National Eye Institute"":""R01EY034740""",Y,cc by,2025-11-17,,Y,N
MED,41047684,PMC13126304,10.2174/0115734056400866250923175325,"Gulati, Seema; Guleria, Kalpna; Goyal, Nitin; Dogra, Ayush",2025,10,Federated Deep Learning Approaches for Detecting Ocular Diseases in Medical Imaging: A Systematic Review.,"Curr Med Imaging",,"","",,0,"",Y,cc by,2025-10-02,,Y,N
MED,35233182,PMC8876080,10.1007/s11042-022-12103-y,"Gupta, Shubhi; Thakur, Sanjeev; Gupta, Ashutosh",2022,,Optimized hybrid machine learning approach for smartphone based diabetic retinopathy detection.,"Multimed Tools Appl",81,"10","14475-14501",,8,"",Y,,2022-02-25,,Y,N
PMC,PMC12544821,PMC12544821,,"",2025,1,OR33-04 A Simple Mobile Artificial Intelligence Retina Tracker (SMART) Powered by Efficient Deep Learning Models for Diagnosis and Prognosis of Diabetic Retinopathy,"J Endocr Soc",9,"Suppl 1","",,0,"",Y,cc by-nc-nd,2025-01-01,,Y,N
MED,40748964,PMC12316318,10.1371/journal.pone.0327743,"Duah, Gifty; Nyarko, Eric; Lotsi, Anani",2025,,A comparative study of machine learning models for automated detection and classification of retinal diseases in Ghana.,"PLoS One",20,"8","e0327743",,2,"",Y,cc by,2025-08-01,,Y,N
MED,39504782,,10.1016/j.compbiomed.2024.109352,"Li, Feng; Sheng, Xinyu; Wei, Hao; Tang, Shiqing; Zou, Haidong",2024,12,Multi-lesion segmentation guided deep attention network for automated detection of diabetic retinopathy.,"Comput Biol Med",183,"","109352",,7,"""Key Technologies Research and Development Program"":""2021YFB2802300"",""National Key Research and Development Program of China"":""2020YFC2008704""",N,,2024-11-05,,N,N
MED,37449186,PMC10336422,10.1016/j.heliyon.2023.e17217,"Tian, Miao; Wang, Hongqiu; Sun, Yingxue; Wu, Shaozhi; Tang, Qingqing; Zhang, Meixia",2023,7,Fine-grained attention & knowledge-based collaborative network for diabetic retinopathy grading.,"Heliyon",9,"7","e17217",,5,"",Y,cc by-nc-nd,2023-06-16,,Y,N
MED,36766498,PMC9914220,10.3390/diagnostics13030393,"Bajwa, Awais; Nosheen, Neelam; Talpur, Khalid Iqbal; Akram, Sheeraz",2023,1,A Prospective Study on Diabetic Retinopathy Detection Based on Modify Convolutional Neural Network Using Fundus Images at Sindh Institute of Ophthalmology & Visual Sciences.,"Diagnostics (Basel)",13,"3","393",,14,"",Y,cc by,2023-01-20,,Y,N
MED,38699206,PMC11065411,10.7717/peerj-cs.1947,"Bhulakshmi, Dasari; Rajput, Dharmendra Singh",2024,,A systematic review on diabetic retinopathy detection and classification based on deep learning techniques using fundus images.,"PeerJ Comput Sci",10,"","e1947",,13,"",Y,cc by,2024-04-29,,Y,N
MED,33110484,PMC7579670,10.1155/2020/8840174,"Liu, Hao; Yue, Keqiang; Cheng, Siyi; Pan, Chengming; Sun, Jie; Li, Wenjun",2020,,Hybrid Model Structure for Diabetic Retinopathy Classification.,"J Healthc Eng",2020,"","8840174",,16,"""Zhejiang Key Research and Development Project"":""2019C03088""",Y,cc by,2020-10-13,,Y,N
MED,37698681,PMC11797088,10.1007/s00432-023-05223-x,"Zhang, Chengsheng; Chen, Cheng; Chen, Chen; Lv, Xiaoyi",2023,11,SMiT: symmetric mask transformer for disease severity detection.,"J Cancer Res Clin Oncol",149,"17","16075-16086",,2,"""Xinjiang Uygur Autonomous Region Colleges and Universities Basic Research Operating Expenses Scientific Research Projects"":""XJEDU2023P012"",""the Distinguished Young Talents Project of Natural Science Foundation of Xinjiang Uygur Autonomous Region"":""2022D01E11 and 2022D01E83"",""the Open project of Key Laboratory in Xinjiang Uygur Autonomous Region of China"":""2022D04061"",""Xinjiang Uygur Autonomous Region Youth Science Foundation Project"":""2022D01C695""",N,,2023-09-12,,Y,N
MED,40354306,PMC12068651,10.1371/journal.pdig.0000831,"Djoumessi, Kerol; Huang, Ziwei; Kühlewein, Laura; Rickmann, Annekatrin; Simon, Natalia; Koch, Lisa M; Berens, Philipp",2025,5,An inherently interpretable AI model improves screening speed and accuracy for early diabetic retinopathy.,"PLOS Digit Health",4,"5","e0000831",,1,"""Carl-Zeiss-Stiftung"":""ID_NOT_SUPPLIED"",""Deutsche Forschungsgemeinschaft"":""EXC 2064"",""Gemeinnützige Hertie-Stiftung"":""ID_NOT_SUPPLIED""",Y,cc by,2025-05-12,,Y,N
MED,32569310,PMC7307769,10.1371/journal.pone.0233514,"Shaban, Mohamed; Ogur, Zeliha; Mahmoud, Ali; Switala, Andrew; Shalaby, Ahmed; Abu Khalifeh, Hadil; Ghazal, Mohammed; Fraiwan, Luay; Giridharan, Guruprasad; Sandhu, Harpal; El-Baz, Ayman S",2020,,A convolutional neural network for the screening and staging of diabetic retinopathy.,"PLoS One",15,"6","e0233514",,29,"",Y,cc by,2020-06-22,,Y,N
MED,40132187,PMC11979540,10.2196/59094,"Dawadi, Research; Inoue, Mai; Tay, Jie Ting; Martin-Morales, Agustin; Vu, Thien; Araki, Michihiro",2025,3,"Disease Prediction Using Machine Learning on Smartphone-Based Eye, Skin, and Voice Data: Scoping Review.","JMIR AI",4,"","e59094",,0,"",Y,cc by,2025-03-25,,Y,N
MED,37218773,PMC10204421,10.3390/biomimetics8020187,"Inamullah; Hassan, Saima; Alrajeh, Nabil A; Mohammed, Emad A; Khan, Shafiullah; Khan, Shafiullah",2023,4,Data Diversity in Convolutional Neural Network Based Ensemble Model for Diabetic Retinopathy.,"Biomimetics (Basel)",8,"2","187",,5,"""Researchers Supporting Project"":""RSPD2023R648""",Y,cc by,2023-04-30,,Y,N
MED,39314692,PMC11419640,10.7717/peerj-cs.2135,"Madduri, Vamsi Krishna; Rao, Battula Srinivasa",2024,,Detection and diagnosis of diabetic eye diseases using two phase transfer learning approach.,"PeerJ Comput Sci",10,"","e2135",,1,"",Y,cc by,2024-09-19,,Y,N
MED,37525827,PMC10388376,10.1007/978-3-031-19803-8_39,"Jeon, Minkyu; Park, Hyeonjin; Kim, Hyunwoo J; Morley, Michael; Cho, Hyunghoon",2022,10,<i>k</i>-SALSA: <i>k</i>-anonymous synthetic averaging of retinal images via local style alignment.,"Comput Vis ECCV",13681,"","661-678",,3,"""NIH HHS"":""DP5 OD029574""",N,,2022-10-23,,Y,N
PPR,PPR550421,,10.1101/2022.09.23.22280273,"Hassan, Doaa; Gill, Hunter Mathias; Happe, Michael; Bhatwadekar, Ashay; Hajrasouliha, Amir; Janga, Sarath Chandra",2022,,Combining Transfer Learning with Retinal Lesions Features for Accurate Detection of Diabetic Retinopathy,"",,"","",medRxiv,0,"",N,,2022-09-25,,N,N
MED,38239623,PMC10794511,10.3389/fmed.2023.1293019,"Xu, Huanqing; Shao, Xian; Fang, Dandan; Huang, Fangliang",2023,,A hybrid neural network approach for classifying diabetic retinopathy subtypes.,"Front Med (Lausanne)",10,"","1293019",,2,"",Y,cc by,2024-01-04,,Y,N
MED,40613078,PMC12222278,10.3389/fdgth.2025.1547045,"Pinto, Imanol; Olazarán, Álvaro; Jurío, David; De la Osa, Borja; Sainz, Miguel; Oscoz, Aritz; Ballaz, Jerónimo; Gorricho, Javier; Galar, Mikel; Andonegui, José",2025,,"Improving diabetic retinopathy screening using artificial intelligence: design, evaluation and before-and-after study of a custom development.","Front Digit Health",7,"","1547045",,4,"",Y,cc by,2025-06-19,,Y,N
MED,39896369,PMC11784742,10.7717/peerj-cs.2508,"Bhulakshmi, Dasari; Rajput, Dharmendra Singh",2024,,FedDL: personalized federated deep learning for enhanced detection and classification of diabetic retinopathy.,"PeerJ Comput Sci",10,"","e2508",,4,"",Y,cc by,2024-12-23,,Y,N
MED,39237836,PMC11950458,10.1007/s10278-024-01243-2,"Ahmad, Imtiyaz; Singh, Vibhav Prakash; Gore, Manoj Madhava",2025,4,Detection of Diabetic Retinopathy Using Discrete Wavelet-Based Center-Symmetric Local Binary Pattern and Statistical Features.,"J Imaging Inform Med",38,"2","1184-1211",,0,"",N,,2024-09-05,,Y,N
MED,39264388,PMC11393140,10.1007/s10916-024-02105-8,"Takahashi, Satoshi; Sakaguchi, Yusuke; Kouno, Nobuji; Takasawa, Ken; Ishizu, Kenichi; Akagi, Yu; Aoyama, Rina; Teraya, Naoki; Bolatkan, Amina; Shinkai, Norio; Machino, Hidenori; Kobayashi, Kazuma; Asada, Ken; Komatsu, Masaaki; Kaneko, Syuzo; Sugiyama, Masashi; Hamamoto, Ryuji",2024,9,Comparison of Vision Transformers and Convolutional Neural Networks in Medical Image Analysis: A Systematic Review.,"J Med Syst",48,"1","84",,100,"""Japan Society for the Promotion of Science"":""22K16700"",""Cabinet Office, Government of Japan"":""BRIDGE""",Y,cc by,2024-09-12,,Y,N
MED,38217630,,10.3233/xst-230252,"Wu, Panpan; Qu, Yue; Zhao, Ziping; Cui, Yue; Xu, Yurou; An, Peng; Yu, Hengyong",2024,,An adaptive weighted ensemble learning network for diabetic retinopathy classification.,"J Xray Sci Technol",32,"2","285-301",,1,"",N,,2024-01-01,,N,N
MED,41254215,PMC12627663,10.1038/s41746-025-02042-x,"Su, Xiu; Mao, Qinghua; Wu, Zhongze; Lin, Xi; You, Shan; Liao, Yue; Xu, Chang",2025,11,Large language models driven neural architecture search for universal and lightweight disease diagnosis on histopathology slide images.,"NPJ Digit Med",8,"1","682",,1,"""National Natural Science Foundation of China"":""62202302"",""National Natural Science Foundation of China"":""62406347""",Y,cc by-nc-nd,2025-11-18,,Y,N
MED,34450729,PMC8398326,10.3390/s21165283,"Nazir, Tahira; Nawaz, Marriam; Rashid, Junaid; Mahum, Rabbia; Masood, Momina; Mehmood, Awais; Ali, Farooq; Kim, Jungeun; Kwon, Hyuk-Yoon; Hussain, Amir",2021,8,Detection of Diabetic Eye Disease from Retinal Images Using a Deep Learning Based CenterNet Model.,"Sensors (Basel)",21,"16","5283",,35,"""Engineering and Physical Sciences Research Council"":""EP/T021063/1"",""National Research Foundation of Korea"":""2021R1F1A1064050)""",Y,cc by,2021-08-05,,Y,N
MED,36425113,PMC9681494,10.3389/fmed.2022.1050436,"Hassan, Doaa; Gill, Hunter Mathias; Happe, Michael; Bhatwadekar, Ashay D; Hajrasouliha, Amir R; Janga, Sarath Chandra",2022,,Combining transfer learning with retinal lesion features for accurate detection of diabetic retinopathy.,"Front Med (Lausanne)",9,"","1050436",,7,"""NEI NIH HHS"":""R01 EY027779"",""NEI NIH HHS"":""R01 EY032080""",Y,cc by,2022-11-08,,Y,N
MED,38165976,PMC10760665,10.1371/journal.pone.0295951,"Bilal, Anas; Imran, Azhar; Baig, Talha Imtiaz; Liu, Xiaowen; Long, Haixia; Alzahrani, Abdulkareem; Shafiq, Muhammad",2024,,Improved Support Vector Machine based on CNN-SVD for vision-threatening diabetic retinopathy detection and classification.,"PLoS One",19,"1","e0295951",,36,"""Foreign Young Talents Program of the State Bureau of Foreign Experts Ministry of Science and Technology China"":""QN2023034001"",""Haikou Science and Technology Plan Project of China"":""2022-016"",""National Natural Science Foundation of China"":""62262019"",""Hainan Provincial Natural Science Foundation of China"":""823RC488 &amp; 621RC1059""",Y,cc by,2024-01-02,,Y,N
MED,36766451,PMC9914068,10.3390/diagnostics13030345,"Sebastian, Anila; Elharrouss, Omar; Al-Maadeed, Somaya; Almaadeed, Noor",2023,1,A Survey on Deep-Learning-Based Diabetic Retinopathy Classification.,"Diagnostics (Basel)",13,"3","345",,15,"""Qatar National Library"":""ID_NOT_SUPPLIED""",Y,cc by,2023-01-18,,Y,N
MED,37011026,PMC10387358,10.1177/09622802231158811,"Zhang, Ruotao; Gatsonis, Constantine; Steingrimsson, Jon Arni",2023,5,Role of calibration in uncertainty-based referral for deep learning.,"Stat Methods Med Res",32,"5","927-943",,4,"""National Cancer Institute"":""U10CA180794"",""NCI NIH HHS"":""U10 CA180820"",""National Cancer Institute"":""U10CA180820"",""NCI NIH HHS"":""U10 CA180794""",N,,2023-04-03,,Y,N
MED,40538414,PMC12177155,10.1016/j.gloepi.2025.100209,"Chawla, Rohan; Karkhanis, Prachi; Shah, Malay; Das, Aritra; Sharma, Rishabh; Almaula, Dhwani; Venkatesh, Pradeep; Singh, Harsh Vardhan; Kumar, Mukul; Samanta, Ramanuj; Kumarl, Vinod; Shah, Amar; Vadera, Bhavin; Jain, Nakul; Sen, Akanksha; Shreedhar, Shyamsundar; Garg, Vipin; Dhaval, Soma; Ganesh, Kowshik; Rana, Srinivas; Tandon, Radhika",2025,6,Artificial intelligence for advancing eye care in resource-poor settings: Assessing the predictive accuracy of an AI-model for diabetic retinopathy screening in India.,"Glob Epidemiol",9,"","100209",,3,"""All-India Institute of Medical Sciences"":""ID_NOT_SUPPLIED"",""USAID"":""ID_NOT_SUPPLIED"",""Ministry of Health and Family Welfare"":""ID_NOT_SUPPLIED""",Y,cc by-nc-nd,2025-06-04,,Y,N
MED,38701591,,10.1016/j.compbiomed.2024.108523,"Oulhadj, Mohammed; Riffi, Jamal; Khodriss, Chaimae; Mahraz, Adnane Mohamed; Yahyaouy, Ali; Abdellaoui, Meriem; Andaloussi, Idriss Benatiya; Tairi, Hamid",2024,6,Diabetic retinopathy prediction based on vision transformer and modified capsule network.,"Comput Biol Med",175,"","108523",,9,"""Université Sidi Mohamed Ben Abdellah"":""ID_NOT_SUPPLIED""",N,,2024-04-25,,N,N
MED,40988740,PMC12450992,10.3389/fmed.2025.1614046,"Zhang, Menglin; Liu, Qi; Zhan, Jialei; Gao, Jinwen; Xie, Dong; Liu, Jialang",2025,,A dual attention and multi-scale fusion network for diabetic retinopathy image analysis.,"Front Med (Lausanne)",12,"","1614046",,1,"",Y,cc by,2025-09-08,,Y,N
MED,35789785,PMC9243744,10.1007/s00530-022-00960-4,"Teng, Qiaoying; Liu, Zhe; Song, Yuqing; Han, Kai; Lu, Yang",2022,,A survey on the interpretability of deep learning in medical diagnosis.,"Multimed Syst",28,"6","2335-2355",,81,"""the Key Special Project of Health and Family Planning Science and Technology in Zhenjiang City"":""SHW2017019"",""Innovation capacity building Foundation of Jilin Provincial Development and Reform Commission"":""2021C038-7"",""National Natural Science Foundation of China"":""61772242"",""Six Talent Peaks Project in Jiangsu Province"":""DZXX-122"",""Postdoctoral Science Foundation of Jiangsu Province"":""2017M611737"",""National Natural Science Foundation of China"":""61976106""",Y,,2022-06-25,,Y,N
MED,38768222,PMC11147523,10.1371/journal.pone.0303094,"Khan, Abdul Qadir; Sun, Guangmin; Khalid, Majdi; Imran, Azhar; Bilal, Anas; Azam, Muhammad; Sarwar, Raheem",2024,,A novel fusion of genetic grey wolf optimization and kernel extreme learning machines for precise diabetic eye disease classification.,"PLoS One",19,"5","e0303094",,12,"",Y,cc by,2024-05-20,,Y,N
PPR,PPR819702,,10.20944/preprints202403.0092.v1,"Mutawa, A.M.; Al-Sabti, Khalid; Raizada, Seemant; Sruthi, Sai",2024,,A Deep Learning Model for Detecting the Diabetic Retinopathy Stages with Discrete Wavelet Transform,"",,"","",Preprints.org,0,"",N,,2024-03-04,,N,N
MED,35368918,PMC8970848,10.1155/2022/9585344,"Cao, Juan; Chen, Jiaran; Zhang, Xinying; Yan, Qifeng; Zhao, Yitian",2022,,Attentional Mechanisms and Improved Residual Networks for Diabetic Retinopathy Severity Classification.,"J Healthc Eng",2022,"","9585344",,5,"""National Natural Science Foundation of China"":""62103067"",""Chongqing Technological Innovation and Application Development Project"":""cstc2020jscx-msxmX0073"",""Natural Science Foundation of Chongqing"":""cstc2021jcyj-msxmX0992"",""National Natural Science Foundation of China"":""cstc2020jscx-msxmX0073"",""Chongqing Technological Innovation and Application Development Project"":""cstc2021jcyj-msxmX0992"",""Natural Science Foundation of Chongqing"":""cstc2020jscx-msxmX0073"",""Chongqing Technological Innovation and Application Development Project"":""62103067"",""Natural Science Foundation of Chongqing"":""62103067"",""National Natural Science Foundation of China"":""cstc2021jcyj-msxmX0992""",Y,cc by,2022-03-24,,Y,N
MED,38693205,PMC11063045,10.1038/s41746-024-01109-5,"Zhang, Juzhao; Lin, Senlin; Cheng, Tianhao; Xu, Yi; Lu, Lina; He, Jiangnan; Yu, Tao; Peng, Yajun; Zhang, Yuejie; Zou, Haidong; Ma, Yingyan",2024,4,RETFound-enhanced community-based fundus disease screening: real-world evidence and decision curve analysis.,"NPJ Digit Med",7,"1","108",,30,"",Y,cc by,2024-04-30,,Y,N
MED,38373067,,10.1080/07391102.2024.2314269,"Hemanth, SV; Alagarsamy, Saravanan; Rajkumar, T Dhiliphan",2025,8,A novel deep learning model for diabetic retinopathy detection in retinal fundus images using pre-trained CNN and HWBLSTM.,"J Biomol Struct Dyn",43,"13","6455-6473",,3,"",N,,2024-02-19,,N,N
MED,36862308,PMC10164194,10.1007/s40123-023-00691-3,"Grzybowski, Andrzej; Singhanetr, Panisa; Nanegrungsunk, Onnisa; Ruamviboonsuk, Paisan",2023,6,Artificial Intelligence for Diabetic Retinopathy Screening Using Color Retinal Photographs: From Development to Deployment.,"Ophthalmol Ther",12,"3","1419-1437",,38,"",Y,cc by-nc,2023-03-02,,Y,N
MED,37568969,PMC10416913,10.3390/diagnostics13152606,"Bhimavarapu, Usharani; Chintalapudi, Nalini; Battineni, Gopi",2023,8,Automatic Detection and Classification of Diabetic Retinopathy Using the Improved Pooling Function in the Convolution Neural Network.,"Diagnostics (Basel)",13,"15","2606",,4,"",Y,cc by,2023-08-05,,Y,N
MED,39682587,PMC11640371,10.3390/diagnostics14232679,"Khalid, Maimoona; Sajid, Muhammad Zaheer; Youssef, Ayman; Khan, Nauman Ali; Hamid, Muhammad Fareed; Abbas, Fakhar",2024,11,CAD-EYE: An Automated System for Multi-Eye Disease Classification Using Feature Fusion with Deep Learning Models and Fluorescence Imaging for Enhanced Interpretability.,"Diagnostics (Basel)",14,"23","2679",,5,"",Y,cc by,2024-11-27,,Y,N
MED,38385547,,10.4149/bll_2024_24,"Addanki, Sathyavani; Sumathi, D",2024,,An optimized framework for prediagnosis of diabetic retinopathy using HHO-CBL model.,"Bratisl Lek Listy",125,"3","196-205",,1,"",N,,2024-01-01,,N,N
MED,33018388,,10.1109/embc44109.2020.9175664,"Chetoui, Mohamed; Akhloufi, Moulay A",2020,7,Explainable Diabetic Retinopathy using EfficientNET<sup>.</sup>,"Annu Int Conf IEEE Eng Med Biol Soc",2020,"","1966-1969",,22,"",N,,2020-07-01,,N,N
MED,40171193,PMC11958191,10.3389/fendo.2025.1485311,"Bi, Zheng; Li, Jinju; Liu, Qiongyi; Fang, Zhaohui",2025,,Deep learning-based optical coherence tomography and retinal images for detection of diabetic retinopathy: a systematic and meta analysis.,"Front Endocrinol (Lausanne)",16,"","1485311",,8,"",Y,cc by,2025-03-18,,Y,N
MED,39953248,PMC11829032,10.1038/s41598-025-90048-6,"Chandhakanond, Patsaphon; Aimmanee, Pakinee",2025,2,"Diabetic retinopathy detection via exudates and hemorrhages segmentation using iterative NICK thresholding, watershed, and Chi&lt;sup&gt;2&lt;/sup&gt; feature ranking.","Sci Rep",15,"1","5541",,5,"""Thailand Science Research and Innovation"":""TUFF 48/2568""",Y,cc by-nc-nd,2025-02-14,,Y,N
MED,34488028,,10.1016/j.compbiomed.2021.104795,"Sugeno, Ayaka; Ishikawa, Yasuyuki; Ohshima, Toshio; Muramatsu, Rieko",2021,10,Simple methods for the lesion detection and severity grading of diabetic retinopathy by image processing and transfer learning.,"Comput Biol Med",137,"","104795",,27,"""Japan Society for the Promotion of Science"":""19H03554"",""Japan Agency for Medical Research and Development"":""JP21gm6210020""",N,,2021-08-25,,N,N
MED,37660096,PMC10475020,10.1038/s41598-023-41797-9,"Batool, Summiya; Gilani, Syed Omer; Waris, Asim; Iqbal, Khawaja Fahad; Khan, Niaz B; Khan, M Ijaz; Eldin, Sayed M; Awwad, Fuad A",2023,9,Deploying efficient net batch normalizations (BNs) for grading diabetic retinopathy severity levels from fundus images.,"Sci Rep",13,"1","14462",,3,"",Y,cc by,2023-09-02,,Y,N
MED,37296756,PMC10253060,10.3390/diagnostics13111904,"Chłopowiec, Adam R; Karanowski, Konrad; Skrzypczak, Tomasz; Grzesiuk, Mateusz; Chłopowiec, Adrian B; Tabakov, Martin",2023,5,Counteracting Data Bias and Class Imbalance-Towards a Useful and Reliable Retinal Disease Recognition System.,"Diagnostics (Basel)",13,"11","1904",,1,"""the statutory funds of the Department of Artificial Intelligence, Wroclaw University of Science and Technology"":""ID_NOT_SUPPLIED""",Y,cc by,2023-05-29,,Y,N
MED,40234063,PMC12004464,10.1136/bmjophth-2024-002037,"Ye, Xin; Qiu, Wangli; Tu, Linzhen; Shen, Yingjiao; Chen, Qian; Lin, Xiangrui; Wang, Yaqi; Xie, Wenbin; Shen, Li-Jun",2025,4,Detection of diabetic macular oedema patterns with fine-grained image categorisation on optical coherence tomography.,"BMJ Open Ophthalmol",10,"1","e002037",,1,"""Science and Technology Fund Project of Guizhou Provincial Health Commission"":""gzwkj2025-099"",""Shanghai Key Laboratory of Visual Impairment and Restoration"":""20DZ2271700""",Y,cc by-nc,2025-04-15,,Y,N
MED,36417405,PMC9683560,10.1371/journal.pone.0278126,"Liu, Ruochen; Gao, Song; Zhang, Hengsheng; Wang, Simin; Zhou, Lun; Liu, Jiaming",2022,,MTNet: A combined diagnosis algorithm of vessel segmentation and diabetic retinopathy for retinal images.,"PLoS One",17,"11","e0278126",,3,"",Y,cc by,2022-11-23,,Y,N
AGR,IND608208490,,,"Tian, Miao; Wang, Hongqiu; Sun, Yingxue; Wu, Shaozhi; Tang, Qingqing; Zhang, Meixia",2023,7,Fine-grained attention & knowledge-based collaborative network for diabetic retinopathy grading,"Heliyon",9,"7","Not Available",,0,"",N,,2023-07-01,,N,N
MED,38674173,PMC11052176,10.3390/medicina60040527,"Parmar, Uday Pratap Singh; Surico, Pier Luigi; Singh, Rohan Bir; Romano, Francesco; Salati, Carlo; Spadea, Leopoldo; Musa, Mutali; Gagliano, Caterina; Mori, Tommaso; Zeppieri, Marco",2024,3,Artificial Intelligence (AI) for Early Diagnosis of Retinal Diseases.,"Medicina (Kaunas)",60,"4","527",,39,"",Y,cc by,2024-03-23,,Y,N
MED,39462652,PMC11527746,10.7507/1001-5515.202403016,"Guo, Ying; Li, Shaojie",2024,10,[Small-scale cross-layer fusion network for classification of diabetic retinopathy].,"Sheng Wu Yi Xue Gong Cheng Xue Za Zhi",41,"5","861-868",,0,"",N,,2024-10-01,,Y,N
MED,38248993,PMC10816944,10.3390/jimaging10010008,"Tăbăcaru, Gigi; Moldovanu, Simona; Răducan, Elena; Barbu, Marian",2023,12,A Robust Machine Learning Model for Diabetic Retinopathy Classification.,"J Imaging",10,"1","8",,8,"",Y,cc by,2023-12-28,,Y,N
MED,35785142,PMC9246601,10.1155/2022/3571364,"Bhardwaj, Pranjal; Gupta, Prajjwal; Guhan, Thejineaswar; Srinivasan, Kathiravan",2022,,Early Diagnosis of Retinal Blood Vessel Damage via Deep Learning-Powered Collective Intelligence Models.,"Comput Math Methods Med",2022,"","3571364",,4,"",Y,cc by,2022-06-23,,Y,N
MED,36553091,PMC9777432,10.3390/diagnostics12123084,"Mehboob, Ayesha; Akram, Muhammad Usman; Alghamdi, Norah Saleh; Abdul Salam, Anum",2022,12,A Deep Learning Based Approach for Grading of Diabetic Retinopathy Using Large Fundus Image Dataset.,"Diagnostics (Basel)",12,"12","3084",,8,"""Princess Nourah bint Abdulrahman University"":""PNURSP2022R40""",Y,cc by,2022-12-07,,Y,N
AGR,IND608370892,,,"Zhang, Chengsheng; Chen, Cheng; Chen, Chen; Lv, Xiaoyi",2023,11,SMiT: symmetric mask transformer for disease severity detection,"J Cancer Res Clin Oncol",149,"17","16075-16086",,0,"",N,,2023-11-01,,N,N
PPR,PPR311045,,,"Qi, Gege; Gong, Lijun; Song, Yibing; Ma, Kai; Zheng, Yefeng",2021,,Stabilized Medical Image Attacks,"",,"","",arXiv,0,"",Y,cc by,2021-03-09,,Y,Y
MED,34460801,PMC8468161,10.3390/jimaging7090165,"Lakshminarayanan, Vasudevan; Kheradfallah, Hoda; Sarkar, Arya; Jothi Balaji, Janarthanam",2021,8,Automated Detection and Diagnosis of Diabetic Retinopathy: A Comprehensive Survey.,"J Imaging",7,"9","165",,25,"",Y,cc by,2021-08-27,,Y,N
MED,32613029,PMC7309178,10.1117/1.jmi.7.3.034501,"Narayanan, Barath Narayanan; Hardie, Russell C; De Silva, Manawaduge Supun; Kueterman, Nathaniel K",2020,5,Hybrid machine learning architecture for automated detection and grading of retinal images for diabetic retinopathy.,"J Med Imaging (Bellingham)",7,"3","034501",,10,"",N,,2020-05-01,2021-06-23,Y,N
MED,40234707,PMC12000545,10.1038/s41598-025-97686-w,"Bilal, Anas; Shafiq, Muhammad; Obidallah, Waeal J; Alduraywish, Yousef A; Tahir, Alishba; Long, Haixia",2025,4,Quantum chimp-enanced SqueezeNet for precise diabetic retinopathy classification.,"Sci Rep",15,"1","12890",,6,"""National Natural Science Foundation of China"":""62262019"",""Hainan Provincial Natural Science Foundation of China"":""No.621RC1059, 823RC488""",Y,cc by-nc-nd,2025-04-15,,Y,N
MED,35054301,PMC8774893,10.3390/diagnostics12010134,"Jeong, Yeonwoo; Hong, Yu-Jin; Han, Jae-Ho",2022,1,Review of Machine Learning Applications Using Retinal Fundus Images.,"Diagnostics (Basel)",12,"1","134",,21,"""Institute for Information & communications Technology Planning & Evaluation"":""IITP-2021-2020-0-01819"",""National Research Foundation of Korea"":""NRF-2020R1A4A1018309"",""Institute for Information &amp;amp; communications Technology Planning &amp;amp; Evaluation"":""IITP-2021-2020-0-01819""",Y,cc by,2022-01-06,,Y,N
MED,39296185,PMC11409123,10.1016/j.heliyon.2024.e37293,"Huang, Chunjuan; Sarabi, Mohammad; Ragab, Adham E",2024,9,MobileNet-V2 /IFHO model for Accurate Detection of early-stage diabetic retinopathy.,"Heliyon",10,"17","e37293",,7,"""King Saud University"":""RSPD2024R711""",Y,cc by,2024-08-31,,Y,N
MED,38826575,PMC11143403,10.12688/f1000research.122288.2,"Arias-Serrano, Isaac; Velásquez-López, Paolo A; Avila-Briones, Laura N; Laurido-Mora, Fanny C; Villalba-Meneses, Fernando; Tirado-Espin, Andrés; Cruz-Varela, Jonathan; Almeida-Galárraga, Diego",2023,,Artificial intelligence based glaucoma and diabetic retinopathy detection using MATLAB - retrained AlexNet convolutional neural network.,"F1000Res",12,"","14",,5,"",Y,cc by,2023-01-01,,Y,N
MED,40216912,PMC11992118,10.1038/s41746-025-01588-0,"Lee, Tae Kwan; Kim, So Yeon; Choi, Hyuk Jin; Choe, Eun Kyung; Sohn, Kyung-Ah",2025,4,Vision transformer based interpretable metabolic syndrome classification using retinal Images.,"NPJ Digit Med",8,"1","205",,3,"""National Research Foundation of Korea (NRF)"":""2022R1A2C1007434""",Y,cc by-nc-nd,2025-04-11,,Y,N
MED,37045856,PMC10097752,10.1038/s41598-023-32518-3,"Son, Jaemin; Shin, Joo Young; Kong, Seo Taek; Park, Jeonghyuk; Kwon, Gitaek; Kim, Hoon Dong; Park, Kyu Hyung; Jung, Kyu-Hwan; Park, Sang Jun",2023,4,An interpretable and interactive deep learning algorithm for a clinically applicable retinal fundus diagnosis system by modelling finding-disease relationship.,"Sci Rep",13,"1","5934",,10,"""National IT Industry Promotion Agency"":""NIPA-C0202-17-1045"",""National Research Foundation of Korea"":""NRF-2021R1C1C1014138""",Y,cc by,2023-04-12,,Y,N
MED,38585179,PMC10995967,10.1016/j.mex.2024.102686,"Avilés-Rodríguez, GJ; Nieto-Hipólito, JI; Cosío-León, MA; Romo-Cárdenas, GS; Sánchez-López, JD; Vázquez-Briseño, M",2024,6,Topology Regulated Background Extraction (TRBE) method for eye fundus images.,"MethodsX",12,"","102686",,0,"""CONACYT"":""ID_NOT_SUPPLIED""",Y,cc by-nc,2024-04-01,,Y,N
MED,39297809,PMC11421671,10.1167/tvst.13.9.22,"Jiachu, Danba; Luo, Li; Xie, Meng; Xie, Xiaoling; Guo, Jinming; Ye, Hehua; Cai, Kebo; Zhou, Lingling; Song, Gang; Jiang, Feng; Huang, Danqing; Zhang, Mingzhi; Zheng, Ce",2024,9,A Meta-Learning Approach for Classifying Multimodal Retinal Images of Retinal Vein Occlusion With Limited Data.,"Transl Vis Sci Technol",13,"9","22",,2,"",Y,cc by-nc-nd,2024-09-01,,Y,N
MED,37103235,PMC10145952,10.3390/jimaging9040084,"Muchuchuti, Stewart; Viriri, Serestina",2023,4,Retinal Disease Detection Using Deep Learning Techniques: A Comprehensive Review.,"J Imaging",9,"4","84",,22,"""International Development Research Centre (IDRC)"":""ID_NOT_SUPPLIED"",""Swedish International Development Cooperation Agency (SIDA)"":""ID_NOT_SUPPLIED""",Y,cc by,2023-04-18,,Y,N
MED,35946866,PMC9797168,10.1002/acm2.13746,"Duan, Sixu; Huang, Pu; Chen, Min; Wang, Ting; Sun, Xiaolei; Chen, Meirong; Dong, Xueyuan; Jiang, Zekun; Li, Dengwang",2022,12,Semi-supervised classification of fundus images combined with CNN and GCN.,"J Appl Clin Med Phys",23,"12","e13746",,4,"""Jinan City-School Integration Development Strategy Project"":""JNSX2021023"",""National Natural Science Foundation of China"":""61971271"",""Shandong Province Major Technological Innovation Project"":""2022CXGC010502""",Y,cc by,2022-08-10,,Y,N
MED,37176706,PMC10179065,10.3390/jcm12093266,"Zbrzezny, Agnieszka M; Grzybowski, Andrzej E",2023,5,Deceptive Tricks in Artificial Intelligence: Adversarial Attacks in Ophthalmology.,"J Clin Med",12,"9","3266",,4,"",Y,cc by,2023-05-04,,Y,N
MED,39444398,PMC11497395,10.1016/j.heliyon.2024.e38910,"Yi, Sanli; Chen, Ziyan",2024,10,MIDC: Medical image dataset cleaning framework based on deep learning.,"Heliyon",10,"19","e38910",,1,"""National Natural Science Foundation of China"":""ID_NOT_SUPPLIED""",Y,cc by-nc-nd,2024-10-03,,Y,N
MED,37106599,PMC10136337,10.3390/bioengineering10040413,"Khan, Mohammad B; Ahmad, Mohiuddin; Yaakob, Shamshul B; Shahrior, Rahat; Rashid, Mohd A; Higa, Hiroki",2023,3,Automated Diagnosis of Diabetic Retinopathy Using Deep Learning: On the Search of Segmented Retinal Blood Vessel Images for Better Performance.,"Bioengineering (Basel)",10,"4","413",,9,"",Y,cc by,2023-03-26,,Y,N
MED,37484865,PMC10356902,10.3389/fbinf.2023.1194993,"Lucieri, Adriano; Dengel, Andreas; Ahmed, Sheraz",2023,,Translating theory into practice: assessing the privacy implications of concept-based explanations for biomedical AI.,"Front Bioinform",3,"","1194993",,1,"",Y,cc by,2023-07-05,,Y,N
MED,36322995,,10.1088/1361-6560/ac9fa0,"Zhao, Shuiqing; Wu, Yanan; Tong, Mengmeng; Yao, Yudong; Qian, Wei; Qi, Shouliang",2022,12,CoT-XNet: contextual transformer with Xception network for diabetic retinopathy grading.,"Phys Med Biol",67,"24","",,11,"""National Natural Science Foundation of China"":""82072008"",""Fundamental Research Funds for the Central Universities"":""N2119010"",""Key R&amp;D Program Guidance Projects in Liaoning Province"":""2019JH8/10300051"",""Natural Science Foundation of Liaoning Province"":""2021-YGJC-21""",N,,2022-12-06,,N,N
MED,37667028,PMC10858054,10.1038/s41433-023-02717-3,"Gonçalves, Mariana Batista; Nakayama, Luis Filipe; Ferraz, Daniel; Faber, Hanna; Korot, Edward; Malerbi, Fernando Korn; Regatieri, Caio Vinicius; Maia, Mauricio; Celi, Leo Anthony; Keane, Pearse A; Belfort, Rubens",2024,2,Image quality assessment of retinal fundus photographs for diabetic retinopathy in the machine learning era: a review.,"Eye (Lond)",38,"3","426-433",,11,"""National Institute for Health Research (NIHR)"":""NIHR205109"",""Medical Research Council"":""MR/T019050/1""",N,,2023-09-04,2025-02-01,Y,N
PPR,PPR616363,,10.20944/preprints202302.0218.v1,"Alwakid, Ghadah; Gouda, Walaa; Humayun, Mamoona",2023,,"Enhancement of Diabetic Retinopathy Prognostication Utilizing Deep Learning, CLAHE, and ESRGAN","",,"","",Preprints.org,0,"",N,cc by,2023-02-13,,N,N
MED,36467440,PMC9708148,10.1007/s11042-022-14165-4,"Das, Dolly; Biswas, Saroj Kumar; Bandyopadhyay, Sivaji",2022,11,Detection of Diabetic Retinopathy using Convolutional Neural Networks for Feature Extraction and Classification (DRFEC).,"Multimed Tools Appl",,"","1-59",,16,"",Y,,2022-11-29,,Y,N
PPR,PPR613496,,10.20944/preprints202302.0097.v1,"Alwakid, Ghadah; Gouda, Walaa; Humayun, Mamoona",2023,,Deep Learning-Based Prediction of Diabetic Retinopathy Using CLAHE and ESRGAN for Enhancement,"",,"","",Preprints.org,2,"",N,cc by,2023-02-06,,N,N
MED,36516580,,10.1016/j.compbiomed.2022.106408,"Han, Zhike; Yang, Bin; Deng, Shuiguang; Li, Zhuorong; Tong, Zhou",2023,1,Category weighted network and relation weighted label for diabetic retinopathy screening.,"Comput Biol Med",152,"","106408",,7,"",N,,2022-12-05,,N,N
MED,36185322,PMC9510498,10.1007/s11042-022-13841-9,"Dubey, Shradha; Dixit, Manish",2023,,Recent developments on computer aided systems for diagnosis of diabetic retinopathy: a review.,"Multimed Tools Appl",82,"10","14471-14525",,4,"",Y,,2022-09-24,,Y,N
MED,36274090,,10.1007/s11517-022-02688-9,"Naz, Huma; Nijhawan, Rahul; Ahuja, Neelu Jyothi",2022,12,An automated unsupervised deep learning-based approach for diabetic retinopathy detection.,"Med Biol Eng Comput",60,"12","3635-3654",,2,"",N,,2022-10-24,,N,N
MED,39323686,PMC11424092,10.7759/cureus.67844,"Alsadoun, Lara; Ali, Husnain; Mushtaq, Muhammad Muaz; Mushtaq, Maham; Burhanuddin, Mohammad; Anwar, Rahma; Liaqat, Maryyam; Bokhari, Syed Faqeer Hussain; Hasan, Abdul Haseeb; Ahmed, Fazeel",2024,8,Artificial Intelligence (AI)-Enhanced Detection of Diabetic Retinopathy From Fundus Images: The Current Landscape and Future Directions.,"Cureus",16,"8","e67844",,10,"",Y,cc by,2024-08-26,,Y,N
MED,35885512,PMC9324358,10.3390/diagnostics12071607,"Butt, Muhammad Mohsin; Iskandar, D N F Awang; Abdelhamid, Sherif E; Latif, Ghazanfar; Alghazo, Runna",2022,7,Diabetic Retinopathy Detection from Fundus Images of the Eye Using Hybrid Deep Learning Features.,"Diagnostics (Basel)",12,"7","1607",,25,"""Commonwealth Cyber Initiative, an investment in the advancement of cyber R&amp;D, innovation, and workforce development"":""CCI_2021"",""Commonwealth Cyber Initiative"":""CCI_2021""",Y,cc by,2022-07-01,,Y,N
MED,35342328,PMC8940593,10.1007/s11042-022-12642-4,"Das, Dolly; Biswas, Saroj Kr; Bandyopadhyay, Sivaji",2022,,A critical review on diagnosis of diabetic retinopathy using machine learning and deep learning.,"Multimed Tools Appl",81,"18","25613-25655",,29,"",Y,,2022-03-23,,Y,N
MED,38867787,PMC11166426,10.1364/boe.516764,"Liu, Zirong; Hu, Yan; Qiu, Zhongxi; Niu, Yanyan; Zhou, Dan; Li, Xiaoling; Shen, Junyong; Jiang, Hongyang; Li, Heng; Liu, Jiang",2024,6,Cross-modal attention network for retinal disease classification based on multi-modal images.,"Biomed Opt Express",15,"6","3699-3714",,8,"""National Natural Science Foundation of China"":""82102189"",""Shenzhen Stable Support Plan Program"":""20220815111736001"",""National Natural Science Foundation of China"":""82272086""",Y,,2024-05-14,,Y,N
MED,37203031,PMC10391382,10.4103/ijo.ijo_2614_22,"Manikandan, Suchetha; Raman, Rajiv; Rajalakshmi, Ramachandran; Tamilselvi, S; Surya, R Janani",2023,5,Deep learning-based detection of diabetic macular edema using optical coherence tomography and fundus images: A meta-analysis.,"Indian J Ophthalmol",71,"5","1783-1796",,14,"",Y,cc by-nc-sa,2023-05-01,,Y,N
MED,37056999,PMC10086262,10.3389/fcell.2023.1168327,"Ji, Yuke; Ji, Yun; Liu, Yunfang; Zhao, Ying; Zhang, Liya",2023,,Research progress on diagnosing retinal vascular diseases based on artificial intelligence and fundus images.,"Front Cell Dev Biol",11,"","1168327",,20,"",Y,cc by,2023-03-28,,Y,N
MED,38131040,PMC10733532,10.3389/fmed.2023.1309795,"Zhao, Tingting; Guan, Yawen; Tu, Dan; Yuan, Lixia; Lu, Guangtao",2023,,Neighbored-attention U-net (NAU-net) for diabetic retinopathy image segmentation.,"Front Med (Lausanne)",10,"","1309795",,1,"",Y,cc by,2023-12-07,,Y,N
MED,39524903,PMC11544040,10.1016/j.heliyon.2024.e39329,"Deng, Hairui; Wang, Yiren; Cheng, Venhui; He, Yongcheng; Wen, Zhongjian; Chen, Shouying; Guo, Shengmin; Zhou, Ping; Wang, Yi",2024,11,Research trends and hotspots in fundus image segmentation from 2007 to 2023: A bibliometric analysis.,"Heliyon",10,"21","e39329",,0,"""National College Students Innovation and Entrepreneurship Training Program"":""202310632001"",""National College Students Innovation and Entrepreneurship Training Program"":""202310632028"",""National College Students Innovation and Entrepreneurship Training Program"":""202310632036"",""National College Students Innovation and Entrepreneurship Training Program"":""202310632093"",""National College Students Innovation and Entrepreneurship Training Program"":""S202410632165X""",Y,cc by-nc-nd,2024-10-12,,Y,N
MED,38535005,PMC10968886,10.3390/diagnostics14060584,"Giansanti, Daniele",2024,3,Joint Expedition: Exploring Clinical Medical Imaging and Artificial Intelligence as a Team Integration.,"Diagnostics (Basel)",14,"6","584",,0,"",Y,cc by,2024-03-10,,Y,N
MED,36080898,PMC9460625,10.3390/s22176441,"Santos, Carlos; Aguiar, Marilton; Welfer, Daniel; Belloni, Bruno",2022,8,A New Approach for Detecting Fundus Lesions Using Image Processing and Deep Neural Network Architecture Based on YOLO Model.,"Sensors (Basel)",22,"17","6441",,20,"""Coordenação de Aperfeiçoamento de Pessoal de Nível Superior—Brasil (CAPES)"":""Finance Code 001"",""Coordenação de Aperfeicoamento de Pessoal de Nível Superior"":""Finance Code 001.""",Y,cc by,2022-08-26,,Y,N
MED,40263170,PMC12414077,10.1007/s00417-025-06830-9,"Doorly, Robert; Ong, Joshua; Waisberg, Ethan; Sarker, Prithul; Zaman, Nasif; Tavakkoli, Alireza; Lee, Andrew G",2025,8,"Applications of generative adversarial networks in the diagnosis, prognosis, and treatment of ophthalmic diseases.","Graefes Arch Clin Exp Ophthalmol",263,"8","2117-2134",,2,"""Johnson Space Center"":""80NSSC20K183""",Y,cc by,2025-04-22,,Y,N
MED,37076790,PMC10114328,10.1186/s12859-023-05293-1,"Lin, Chun-Ling; Wu, Kun-Chi",2023,4,Development of revised ResNet-50 for diabetic retinopathy detection.,"BMC Bioinformatics",24,"1","157",,27,"""National Science and Technology Council of Taiwan"":""MOST 111-2221-E-131-030""",Y,cc by,2023-04-19,,Y,N
MED,35349799,,10.1016/j.compbiomed.2022.105424,"Fatima; Imran, Muhammad; Ullah, Anayat; Arif, Muhammad; Noor, Rida",2022,6,A unified technique for entropy enhancement based diabetic retinopathy detection using hybrid neural network.,"Comput Biol Med",145,"","105424",,7,"",N,,2022-03-22,,N,N
MED,36146130,PMC9505428,10.3390/s22186780,"Nadeem, Muhammad Waqas; Goh, Hock Guan; Hussain, Muzammil; Liew, Soung-Yue; Andonovic, Ivan; Khan, Muhammad Adnan",2022,9,"Deep Learning for Diabetic Retinopathy Analysis: A Review, Research Challenges, and Future Directions.","Sensors (Basel)",22,"18","6780",,23,"",Y,cc by,2022-09-08,,Y,N
MED,37371661,PMC10295551,10.3390/biomedicines11061566,"Khan, Inam Ullah; Raiaan, Mohaimenul Azam Khan; Fatema, Kaniz; Azam, Sami; Rashid, Rafi Ur; Mukta, Saddam Hossain; Jonkman, Mirjam; De Boer, Friso",2023,5,"A Computer-Aided Diagnostic System to Identify Diabetic Retinopathy, Utilizing a Modified Compact Convolutional Transformer and Low-Resolution Images to Reduce Computation Time.","Biomedicines",11,"6","1566",,5,"""United International University"":""UIU-IAR-01-2022-SE-12"",""United International University"":""UIU-IAR-01-2022-SE-12."",""Charles Darwin University, Australia"":""UIU-IAR-01-2022-SE-12""",Y,cc by,2023-05-28,,Y,N
PPR,PPR355879,,10.21203/rs.3.rs-609899/v1,"ELMOUFIDI, Abdelali; Amoun, Hind",2021,,EfficientNetB3 Architecture for Diabetic Retinopathy Assessment using  Fundus Images,"",,"","",Research Square,0,"",N,cc by,2021-06-11,,N,N
MED,38983555,PMC11182262,10.3389/fopht.2022.898181,"Nakayama, Luis Filipe; Ribeiro, Lucas Zago; Malerbi, Fernando Korn; Regatieri, Caio Vinicius Saito",2022,,Ophthalmology and Artificial Intelligence: Present or Future? A Diabetic Retinopathy Screening Perspective of the Pursuit for Fairness.,"Front Ophthalmol (Lausanne)",2,"","898181",,3,"",Y,cc by,2022-05-10,,Y,N
MED,39934192,PMC11814330,10.1038/s41598-024-84922-y,"Kansal, Isha; Khullar, Vikas; Sharma, Preeti; Singh, Supreet; Hamid, Junainah Abd; Santhosh, A Johnson",2025,2,Multiple model visual feature embedding and selection method for an efficient oncular disease classification.,"Sci Rep",15,"1","5157",,1,"",Y,cc by-nc-nd,2025-02-12,,Y,N
MED,37685321,PMC10486790,10.3390/diagnostics13172783,"Alshahrani, Mohammed; Al-Jabbar, Mohammed; Senan, Ebrahim Mohammed; Ahmed, Ibrahim Abdulrab; Saif, Jamil Abdulhamid Mohammed",2023,8,Hybrid Methods for Fundus Image Analysis for Diagnosis of Diabetic Retinopathy Development Stages Based on Fusion Features.,"Diagnostics (Basel)",13,"17","2783",,11,"""Najran University, Kingdom of Saudi Arabia"":""NU/DRP/SEHRC/12/5"",""This research has been funded by the Deanship of Scientific Research at Najran University, Kingdom of Saudi Arabia, through a grant code"":""(NU/DRP/ SEHRC /12/5).""",Y,cc by,2023-08-28,,Y,N
MED,37953270,PMC10642061,10.1186/s12886-023-03203-w,"Zhou, Dan; Hu, Yan; Qiu, Zhongxi; Liu, Zirong; Jiang, Hongyang; Kawasaki, Ryo; Liu, Jiang",2023,11,Retinal layers changes in patients with age-related macular degeneration treated with intravitreal anti-VEGF agents.,"BMC Ophthalmol",23,"1","451",,2,"""Guangdong Provincial Department of Education"":""2020ZDZX3043"",""Guangdong Basic and Applied Basic Research Foundation"":""2021A1515012195"",""National Natural Science Foundation of China"":""82102189"",""Shenzhen Stable Support Plan Program"":""20220815111736001""",Y,cc by,2023-11-13,,Y,N
MED,34995039,PMC8812665,10.1097/cm9.0000000000001816,"Li, Sicong; Zhao, Ruiwei; Zou, Haidong",2021,12,Artificial intelligence for diabetic retinopathy.,"Chin Med J (Engl)",135,"3","253-260",,19,"",Y,cc by-nc-nd,2021-12-08,,Y,N
MED,37240693,PMC10219065,10.3390/jcm12103587,"Krzywicki, Tomasz; Brona, Piotr; Zbrzezny, Agnieszka M; Grzybowski, Andrzej E",2023,5,"A Global Review of Publicly Available Datasets Containing Fundus Images: Characteristics, Barriers to Access, Usability, and Generalizability.","J Clin Med",12,"10","3587",,5,"",Y,cc by,2023-05-21,,Y,N
MED,35085334,PMC8794113,10.1371/journal.pone.0262838,"Rajaraman, Sivaramakrishnan; Ganesan, Prasanth; Antani, Sameer",2022,,Deep learning model calibration for improving performance in class-imbalanced medical image classification tasks.,"PLoS One",17,"1","e0262838",,35,"""National Library of Medicine"":""ID_NOT_SUPPLIED"",""National Institutes of Health"":""ID_NOT_SUPPLIED"",""Intramural Research Program"":""ID_NOT_SUPPLIED""",Y,cc0,2022-01-27,,Y,N
MED,35755875,PMC9214346,10.1016/j.patter.2022.100512,"Liu, Ruhan; Wang, Xiangning; Wu, Qiang; Dai, Ling; Fang, Xi; Yan, Tao; Son, Jaemin; Tang, Shiqi; Li, Jiang; Gao, Zijian; Galdran, Adrian; Poorneshwaran, JM; Liu, Hao; Wang, Jie; Chen, Yerui; Porwal, Prasanna; Wei Tan, Gavin Siew; Yang, Xiaokang; Dai, Chao; Song, Haitao; Chen, Mingang; Li, Huating; Jia, Weiping; Shen, Dinggang; Sheng, Bin; Zhang, Ping",2022,6,DeepDRiD: Diabetic Retinopathy-Grading and Image Quality Estimation Challenge.,"Patterns (N Y)",3,"6","100512",,50,"""Science and Technology Commission of Shanghai Municipality"":""2021SHZDZX0102"",""National Natural Science Foundation of China"":""61872241"",""National Natural Science Foundation of China"":""82022012"",""National Natural Science Foundation of China"":""81870598""",Y,cc by-nc-nd,2022-05-20,,Y,N
MED,37862328,PMC10588832,10.1371/journal.pone.0289555,"Shamsan, Ahlam; Senan, Ebrahim Mohammed; Ahmad Shatnawi, Hamzeh Salameh",2023,,Predicting of diabetic retinopathy development stages of fundus images using deep learning based on combined features.,"PLoS One",18,"10","e0289555",,14,"""Deanship of Scientific Research at Najran University, Kingdom of Saudi Arabia"":""(NU/DRP/SERC/12/49)""",Y,cc by,2023-10-20,,Y,N
MED,35422760,PMC9001945,10.3389/fendo.2022.865211,"Xie, Hang; Huang, Shihao; Liu, Qingliang; Xiang, Yifan; Xu, Fabao; Li, Xiaoyan; Chiu, Chun-Hung",2022,,The Fundus Structural and Functional Predictions of DME Patients After Anti-VEGF Treatments.,"Front Endocrinol (Lausanne)",13,"","865211",,8,"""Basic and Applied Basic Research Foundation of Guangdong Province"":""2020A1515011081"",""National Natural Science Foundation of China"":""71971224, 71721001""",Y,cc by,2022-03-29,,Y,N
MED,33897905,PMC8051933,10.1007/s11760-021-01904-7,"Kumar, Gaurav; Chatterjee, Shraban; Chattopadhyay, Chiranjoy",2021,,DRISTI: a hybrid deep neural network for diabetic retinopathy diagnosis.,"Signal Image Video Process",15,"8","1679-1686",,16,"",Y,,2021-04-16,,Y,N
PPR,PPR379393,,10.21203/rs.3.rs-654484/v1,"Mukherjee, Nilarun; Sengupta, Souvik",2021,,In Search for the Optimal Preprocessing Technique for Deep Learning Based Diabetic Retinopathy Stage Classification from Fundus Images,"",,"","",Research Square,0,"",N,cc by,2021-08-04,,N,N
MED,40164818,PMC12701147,10.1007/s10278-025-01481-y,"Aburass, Sanad; Dorgham, Osama; Al Shaqsi, Jamil; Abu Rumman, Maha; Al-Kadi, Omar",2025,12,Vision Transformers in Medical Imaging: a Comprehensive Review of Advancements and Applications Across Multiple Diseases.,"J Imaging Inform Med",38,"6","3928-3971",,38,"",N,,2025-03-31,,Y,N
MED,36156979,PMC9492354,10.1155/2022/7040141,"Ayoub, Shahnawaz; Khan, Mohiuddin Ali; Jadhav, Vaishali Prashant; Anandaram, Harishchander; Anil Kumar, T Ch; Reegu, Faheem Ahmad; Motwani, Deepak; Shrivastava, Ashok Kumar; Berhane, Roviel",2022,,Minimized Computations of Deep Learning Technique for Early Diagnosis of Diabetic Retinopathy Using IoT-Based Medical Devices.,"Comput Intell Neurosci",2022,"","7040141",,3,"",Y,cc by,2022-09-14,,Y,N
MED,39130469,PMC11315153,10.1016/j.heliyon.2024.e34420,"Taher, Osamah; Özacar, Kasım",2024,7,MedCapsNet: A modified Densenet201 model integrated with capsule network for heel disease detection and classification.,"Heliyon",10,"14","e34420",,1,"",Y,cc by-nc,2024-07-14,,Y,N
MED,38591048,PMC11000111,10.1016/j.xops.2024.100471,"Chen, Dinah; Geevarghese, Alexi; Lee, Samuel; Plovnick, Caitlin; Elgin, Cansu; Zhou, Raymond; Oermann, Eric; Aphinyonaphongs, Yindalon; Al-Aswad, Lama A",2024,,Transparency in Artificial Intelligence Reporting in Ophthalmology-A Scoping Review.,"Ophthalmol Sci",4,"4","100471",,10,"""National Science Foundation"":""2129076"",""NCATS NIH HHS"":""UL1 TR001445"",""National Institutes of Health"":""3UL1TR001445-05"",""National Science Foundation"":""1928614""",Y,cc by,2024-01-18,,Y,N
MED,37189539,PMC10137711,10.3390/diagnostics13081439,"Sajid, Muhammad Zaheer; Qureshi, Imran; Abbas, Qaisar; Albathan, Mubarak; Shaheed, Kashif; Youssef, Ayman; Ferdous, Sehrish; Hussain, Ayyaz",2023,4,Mobile-HR: An Ophthalmologic-Based Classification System for Diagnosis of Hypertensive Retinopathy Using Optimized MobileNet Architecture.,"Diagnostics (Basel)",13,"8","1439",,10,"""Deanship of Scientific Research at Imam Mohammad Ibn Saud Islamic University (IMSIU) for funding and supporting this work through Research Partnership Program no."":""RP-21-07-11"",""Deanship of Scientific Research at Imam Mohammad Ibn Saud Islamic University (IMSIU)"":""RP-21-07-11""",Y,cc by,2023-04-17,,Y,N
MED,36611392,PMC9818832,10.3390/diagnostics13010100,"Anton, Nicoleta; Doroftei, Bogdan; Curteanu, Silvia; Catãlin, Lisa; Ilie, Ovidiu-Dumitru; Târcoveanu, Filip; Bogdănici, Camelia Margareta",2022,12,Comprehensive Review on the Use of Artificial Intelligence in Ophthalmology and Future Research Directions.,"Diagnostics (Basel)",13,"1","100",,32,"",Y,cc by,2022-12-29,,Y,N
MED,34013026,PMC8114804,10.7717/peerj-cs.456,"Ramasamy, Lakshmana Kumar; Padinjappurathu, Shynu Gopalan; Kadry, Seifedine; Damaševičius, Robertas",2021,,Detection of diabetic retinopathy using a fusion of textural and ridgelet features of retinal images and sequential minimal optimization classifier.,"PeerJ Comput Sci",7,"","e456",,16,"",Y,cc by,2021-05-07,,Y,N
MED,33727785,PMC7953891,10.2147/opth.s289425,"Morya, Arvind Kumar; Gowdar, Jaitra; Kaushal, Abhishek; Makwana, Nachiket; Biswas, Saurav; Raj, Puneeth; Singh, Shabnam; Hegde, Sharat; Vaishnav, Raksha; Shetty, Sharan; S P, Vidyambika; Shah, Vedang; Paul, Sabita; Muralidhar, Sonali; Velis, Girish; Padua, Winston; Waghule, Tushar; Nazm, Nazneen; Jeganathan, Sangeetha; Reddy Mallidi, Ayyappa; Susan John, Dona; Sen, Sagnik; Choudhary, Sandeep; Parashar, Nishant; Sharma, Bhavana; Raghav, Pankaja; Udawat, Raghuveer; Ram, Sampat; Salodia, Umang P",2021,,Evaluating the Viability of a Smartphone-Based Annotation Tool for Faster and Accurate Image Labelling for Artificial Intelligence in Diabetic Retinopathy.,"Clin Ophthalmol",15,"","1023-1039",,6,"",Y,cc by-nc,2021-03-08,,Y,N
MED,36636467,PMC9831706,10.1155/2023/1305583,"Gu, Zongyun; Li, Yan; Wang, Zijian; Kan, Junling; Shu, Jianhua; Wang, Qing",2023,,Classification of Diabetic Retinopathy Severity in Fundus Images Using the Vision Transformer and Residual Attention.,"Comput Intell Neurosci",2023,"","1305583",,26,"""Anhui Provincial Department of Education"":""2020zrzd16"",""Anhui Provincial Department of Education"":""2021zrzd12"",""University Natural Science Research Project of Anhui Province"":""KJ2020A0394"",""University Natural Science Research Project of Anhui Province"":""KJ2020A0392""",Y,cc by,2023-01-03,,Y,N
MED,35591182,PMC9101725,10.3390/s22093490,"Elsharkawy, Mohamed; Elrazzaz, Mostafa; Sharafeldeen, Ahmed; Alhalabi, Marah; Khalifa, Fahmi; Soliman, Ahmed; Elnakib, Ahmed; Mahmoud, Ali; Ghazal, Mohammed; El-Daydamony, Eman; Atwan, Ahmed; Sandhu, Harpal Singh; El-Baz, Ayman",2022,5,The Role of Different Retinal Imaging Modalities in Predicting Progression of Diabetic Retinopathy: A Survey.,"Sensors (Basel)",22,"9","3490",,27,"""Abu Dhabi’s Advanced Technology Research Council via the ASPIRE Award for Research Excellence Program"":""ID_NOT_SUPPLIED"",""Abu Dhabi's Advanced Technology Research Council"":""AARE19-143"",""ASPIRE"":""ASPIRE Award for Research Excellence 2019 under the Advanced Technology Research Council""",Y,cc by,2022-05-04,,Y,N
MED,40206726,PMC11975763,10.1016/j.mcpdig.2023.02.003,"Nakayama, Luis Filipe; de Matos, João Carlos Ramos Gonçalves; Stewart, Isabelle Ursula; Mitchell, William Greig; Martinez-Martin, Nicole; Regatieri, Caio Vinicius Saito; Celi, Leo Anthony",2023,6,Retinal Scans and Data Sharing: The Privacy and Scientific Development Equilibrium.,"Mayo Clin Proc Digit Health",1,"2","67-74",,8,"",Y,cc by-nc-nd,2023-03-25,,Y,N
MED,36824442,PMC9943607,10.1155/2023/6329819,"Yuen, Yew Sen; Gilhotra, Jagjit Singh; Dalton, Michelle; Aujla, Jaskirat S; Mehta, Hemal; Wickremasinghe, Sanj; Uppal, Gurmit; Arnold, Jennifer; Chen, Fred; Chang, Andrew; Fraser-Bell, Samantha; Lim, Lyndell; Shah, Janika; Bowditch, Ellie; Broadhead, Geoffrey K",2023,,Diabetic Macular Oedema Guidelines: An Australian Perspective.,"J Ophthalmol",2023,"","6329819",,6,"""Allergan Australia"":""ID_NOT_SUPPLIED""",Y,cc by,2023-02-14,,Y,N
MED,34681974,PMC8534911,10.3390/e23101251,"Atteia, Ghada; Abdel Samee, Nagwan; Zohair Hassan, Hassan",2021,9,DFTSA-Net: Deep Feature Transfer-Based Stacked Autoencoder Network for DME Diagnosis.,"Entropy (Basel)",23,"10","1251",,7,"""This research was funded by the Deanship of Scientific Research at Princess Nourah bint Abdulrahman University through the Fast-track Research Funding Program."":""Fast-track Research Funding Program.""",Y,cc by,2021-09-26,,Y,N
MED,36697482,PMC9876892,10.1038/s41598-023-28347-z,"Nunez do Rio, Joan M; Nderitu, Paul; Raman, Rajiv; Rajalakshmi, Ramachandran; Kim, Ramasamy; Rani, Padmaja K; Sivaprasad, Sobha; Bergeles, Christos; SMART India Study Group",2023,1,Using deep learning to detect diabetic retinopathy on handheld non-mydriatic retinal images acquired by field workers in community settings.,"Sci Rep",13,"1","1392",,13,"""Medical Research Council"":""MR/P027881/1"",""UK Research and Innovation"":""MR/P027881/1"",""National Institute for Health Research (NIHR)"":""NIHR203731""",Y,cc by,2023-01-25,,Y,N
MED,33087340,PMC7580048,10.1136/bmjdrc-2020-001596,"Zhang, Yifei; Shi, Juan; Peng, Ying; Zhao, Zhiyun; Zheng, Qidong; Wang, Zilong; Liu, Kun; Jiao, Shengyin; Qiu, Kexin; Zhou, Ziheng; Yan, Li; Zhao, Dong; Jiang, Hongwei; Dai, Yuancheng; Su, Benli; Gu, Pei; Su, Heng; Wan, Qin; Peng, Yongde; Liu, Jianjun; Hu, Ling; Ke, Tingyu; Chen, Lei; Xu, Fengmei; Dong, Qijuan; Terzopoulos, Demetri; Ning, Guang; Xu, Xun; Ding, Xiaowei; Wang, Weiqing",2020,10,"Artificial intelligence-enabled screening for diabetic retinopathy: a real-world, multicenter and prospective study.","BMJ Open Diabetes Res Care",8,"1","e001596",,73,"""Chinese Academy of Engineering"":""2019-XZ-42"",""National Key R&amp;D Program of China"":""2018YFC1314800"",""the Yang Fan Project of Shanghai Science and Technology Committee"":""19YF1442700"",""the Youth Program of Shanghai Municipal Health and Family Planning Commission"":""20174Y0081"",""National Natural Science Foundation of China"":""81670797"",""the Program for Shanghai Outstanding Medical Academic Leader"":""2019LJ07"",""National Key R&amp;D Program of China"":""2016YFC0901200""",Y,cc by-nc,2020-10-01,,Y,N
MED,36246896,PMC9559815,10.3389/fendo.2022.946915,"Huang, Xuan; Wang, Hui; She, Chongyang; Feng, Jing; Liu, Xuhui; Hu, Xiaofeng; Chen, Li; Tao, Yong",2022,,Artificial intelligence promotes the diagnosis and screening of diabetic retinopathy.,"Front Endocrinol (Lausanne)",13,"","946915",,53,"""National Natural Science Foundation of China"":""32000485, 62006161 , 82070948""",Y,cc by,2022-09-29,,Y,N
MED,34637117,PMC8507354,10.1007/s40123-021-00405-7,"Li, Yalsin Yik Sum; Vardhanabhuti, Varut; Tsougenis, Efstratios; Lam, Wai Ching; Shih, Kendrick Co",2021,12,A Proposed Framework for Machine Learning-Aided Triage in Public Specialty Ophthalmology Clinics in Hong Kong.,"Ophthalmol Ther",10,"4","703-713",,3,"",Y,cc by-nc,2021-10-12,,Y,N
MED,34880311,PMC8655092,10.1038/s41598-021-02834-7,"Al-Mukhtar, Mohammed; Morad, Ameer Hussein; Albadri, Mustafa; Islam, M D Samiul",2021,12,Weakly Supervised Sensitive Heatmap framework to classify and localize diabetic retinopathy lesions.,"Sci Rep",11,"1","23631",,2,"",Y,cc by,2021-12-08,,Y,N
MED,36718211,PMC9877822,10.1111/exsy.13173,"Chowdhury, Deepraj; Banerjee, Soham; Sannigrahi, Madhushree; Chakraborty, Arka; Das, Anik; Dey, Ajoy; Dwivedi, Ashutosh Dhar",2022,11,Federated learning based Covid-19 detection.,"Expert Syst",,"","e13173",,10,"",Y,cc by-nc-nd,2022-11-02,,Y,N
MED,40717132,PMC12302811,10.1186/s13007-025-01421-5,"Sheth, Farhan; Chatter, Ishika; Jasra, Manvendra; Kumar, Gireesh; Sharma, Richa",2025,7,Herbify: an ensemble deep learning framework integrating convolutional neural networks and vision transformers for precise herb identification.,"Plant Methods",21,"1","104",,0,"""Manipal University Jaipur"":""ID_NOT_SUPPLIED""",Y,cc by-nc-nd,2025-07-27,,Y,N
MED,35463234,PMC9033334,10.1155/2022/8014979,"Subramanian, Malliga; Kumar, M Sandeep; Sathishkumar, VE; Prabhu, Jayagopal; Karthick, Alagar; Ganesh, S Sankar; Meem, Mahseena Akter",2022,,Diagnosis of Retinal Diseases Based on Bayesian Optimization Deep Learning Network Using Optical Coherence Tomography Images.,"Comput Intell Neurosci",2022,"","8014979",,15,"",Y,cc by,2022-04-15,,Y,N
MED,36850717,PMC9958993,10.3390/s23042112,"Moshawrab, Mohammad; Adda, Mehdi; Bouzouane, Abdenour; Ibrahim, Hussein; Raad, Ali",2023,2,Reviewing Federated Machine Learning and Its Use in Diseases Prediction.,"Sensors (Basel)",23,"4","2112",,33,"""Natural Sciences and Engineering Research Council of Canada (NSERC)"":""06351""",Y,cc by,2023-02-13,,Y,N
MED,35756852,PMC9213631,10.1007/s13755-022-00182-y,"Puneet; Kumar, Rakesh; Kumar, Rakesh; Gupta, Meenu",2022,12,Optical coherence tomography image based eye disease detection using deep convolutional neural network.,"Health Inf Sci Syst",10,"1","13",,7,"",N,,2022-06-21,2023-12-01,Y,N
MED,38672031,PMC11048389,10.3390/brainsci14040381,"Grigas, Ovidijus; Damaševičius, Robertas; Maskeliūnas, Rytis",2024,4,Positive Effect of Super-Resolved Structural Magnetic Resonance Imaging for Mild Cognitive Impairment Detection.,"Brain Sci",14,"4","381",,2,"""NIA NIH HHS"":""P01 AG003991"",""NIA NIH HHS"":""P01 AG026276""",Y,cc by,2024-04-14,,Y,N
MED,40917147,PMC12411343,10.1007/s13534-025-00484-6,"Ryu, Ji Seung; Kang, Hyunyoung; Chu, Yuseong; Yang, Sejung",2025,9,Vision-language foundation models for medical imaging: a review of current practices and innovations.,"Biomed Eng Lett",15,"5","809-830",,24,"""The National IT Industry Promotion Agency"":""The National IT Industry Promotion Agency (NIPA)"",""The Korea government"":""2022R1A2C2091160"",""The Bio &amp; Medical Technology Development Program of the National Research Foundation"":""RS-2024-00440802""",Y,cc by-nc-nd,2025-06-06,,Y,N
MED,36146414,PMC9501859,10.3390/s22187065,"Rashed, Baidaa Mutasher; Popescu, Nirvana",2022,9,Critical Analysis of the Current Medical Image-Based Processing Techniques for Automatic Disease Evaluation: Systematic Literature Review.,"Sensors (Basel)",22,"18","7065",,6,"",Y,cc by,2022-09-18,,Y,N
MED,34616895,PMC8459784,10.7717/peerj-cs.719,"Nguyen, Hai Thanh; Bao Tran, Toan; Luong, Huong Hoang; Nguyen Huynh, Tuan Khoi",2021,,Decoders configurations based on Unet family and feature pyramid network for COVID-19 segmentation on CT images.,"PeerJ Comput Sci",7,"","e719",,5,"""Domestic Master/Ph.D. Scholarship Programme of Vingroup Innovation Foundation"":""ID_NOT_SUPPLIED"",""Vingroup Big Data Institute"":""VINIF.2020.ThS63"",""Vingroup Joint Stock Company"":""ID_NOT_SUPPLIED""",Y,cc by,2021-09-17,,Y,N
MED,33735069,PMC7618278,10.1016/s2589-7500(20)30240-5,"Khan, Saad M; Liu, Xiaoxuan; Nath, Siddharth; Korot, Edward; Faes, Livia; Wagner, Siegfried K; Keane, Pearse A; Sebire, Neil J; Burton, Matthew J; Denniston, Alastair K",2021,1,"A global review of publicly available datasets for ophthalmological imaging: barriers to access, usability, and generalisability.","Lancet Digit Health",3,"1","e51-e66",,212,"""Medical Research Council"":""HDR-9002"",""National Institute for Health Research (NIHR)"":""ID_NOT_SUPPLIED"",""Medical Research Council"":""MC_PC_19005"",""National Institute for Health Research (NIHR)"":""CS-2014-14-023"",""Wellcome Trust"":""200141"",""Wellcome Trust"":""200141/Z/15/Z"",""Wellcome Trust"":""207472"",""Wellcome Trust"":""207472/Z/17/Z"",""Medical Research Council"":""MR/T019050/1""",Y,cc by,2020-10-01,,Y,Y
MED,34696149,PMC8538561,10.3390/s21206936,"Abbas, Qaisar; Qureshi, Imran; Ibrahim, Mostafa E A",2021,10,An Automatic Detection and Classification System of Five Stages for Hypertensive Retinopathy Using Semantic and Instance Segmentation in DenseNet Architecture.,"Sensors (Basel)",21,"20","6936",,11,"""Imam Mohammad Ibn Saud Islamic University"":""RG-21-07-01""",Y,cc by,2021-10-19,,Y,N
MED,36673578,PMC9859538,10.3390/healthcare11020212,"Choudhary, Amit; Ahlawat, Savita; Urooj, Shabana; Pathak, Nitish; Lay-Ekuakille, Aimé; Sharma, Neelam",2023,1,A Deep Learning-Based Framework for Retinal Disease Classification.,"Healthcare (Basel)",11,"2","212",,20,"""Princess Nourah bint Abdulrahman University"":""PNURSP2022R79"",""Princess Nourah bint Abdulrahman University, Riyadh, Saudi Arabia"":""PNURSP2023R79"",""Princess Nourah bint Abdulrahman University Researchers"":""PNURSP2023R79""",Y,cc by,2023-01-10,,Y,N
MED,36738650,PMC10010286,10.1016/j.media.2023.102762,"Li, Jun; Chen, Junyu; Tang, Yucheng; Wang, Ce; Landman, Bennett A; Zhou, S Kevin",2023,4,"Transforming medical imaging with Transformers? A comparative review of key properties, current progresses, and future perspectives.","Med Image Anal",85,"","102762",,178,"""National Natural Science Foundation of China"":""R01-EB031023"",""National Natural Science Foundation of China"":""62271465"",""NIBIB NIH HHS"":""R01 EB031023"",""National Institutes of Health"":""ID_NOT_SUPPLIED"",""National Natural Science Foundation of China"":""U01-CA140204"",""NIBIB NIH HHS"":""U01 EB031798"",""NCI NIH HHS"":""U01 CA140204""",N,,2023-01-31,2024-04-01,Y,N
MED,38837967,PMC11152295,10.1371/journal.pone.0304943,"Azizi, Mohammad Mahdi; Abhari, Setareh; Sajedi, Hedieh",2024,,Stitched vision transformer for age-related macular degeneration detection using retinal optical coherence tomography images.,"PLoS One",19,"6","e0304943",,5,"""Iran National Science Foundation"":""4003870""",Y,cc by,2024-06-05,,Y,N
MED,32463617,PMC7449109,10.7705/biomedica.4765,"Ospina, Juan David",2020,5,Aptamers as a novel diagnostic and therapeutic tool and their potential use in parasitology,"Biomedica",40,"Supl. 1","148-165",,6,"",Y,cc by,2020-05-01,,Y,N
PPR,PPR423689,,,"Nguyen, Dinh; Pham, Quoc-Viet; Pathirana, Pubudu; Ding, Ming; Seneviratne, Aruna; Lin, Zihuai; Dobre, Octavia; Hwang, Won-Joo",2021,,Federated Learning for Smart Healthcare: A Survey,"",,"","",arXiv,0,"",Y,cc by,2021-11-16,,Y,Y
MED,34902546,PMC11696120,10.1016/j.preteyeres.2021.101034,"González-Gonzalo, Cristina; Thee, Eric F; Klaver, Caroline C W; Lee, Aaron Y; Schlingemann, Reinier O; Tufail, Adnan; Verbraak, Frank; Sánchez, Clara I",2022,9,Trustworthy AI: Closing the gap between development and integration of AI systems in ophthalmic practice.,"Prog Retin Eye Res",90,"","101034",,52,"""NIA NIH HHS"":""R01 AG060942"",""NEI NIH HHS"":""K23 EY029246"",""NIA NIH HHS"":""U19 AG066567""",N,cc by,2021-12-10,,Y,N
