id_code,grade,group_id,group_size,group_grade_conflict,md5,pixel_md5,width,height,nearest_neighbor_id,nearest_neighbor_ncc
000c1434d8d7,2,0,1,False,e6155d8339d40577f97a5ce270aa81d1,266296749d1b40f3c44135373caa0e10,3216,2136,79540be95177,0.9351
001639a390f0,4,1,1,False,8f98205b18dfcc9111fe97037d9fe5ba,375e80a1a144519649d988e9e8bcf740,3216,2136,1943983492e5,0.9841
0024cdab0c1e,1,2,1,False,43e417a95e1259bc318493e399670cb8,28c26713ad92aeed5fdff596e9c592ae,2416,1736,753b14c27c83,0.9476
002c21358ce6,0,3,1,False,f96db7f8fc458a804b0db13739bc976d,7b3f14a61e0ebc1ba2ff825485333ee8,1050,1050,0304bedad8fe,0.9913
005b95c28852,0,4,1,False,17ecb0becd4bd280b3572ad31dce75b9,9f01db40f25661c9b170083c9f0ebb5c,2048,1536,f819c65b803c,0.9651
0083ee8054ee,4,5,1,False,9ffd17ad2bbdd014b84fea4651b969a8,d2e684f0f49b0cc6deb4a19d76eda832,3388,2588,a88f68b0b114,0.9683
0097f532ac9f,0,6,1,False,ac72515722d1dd51d5d7aa1f5647d056,626484601144f706999a2ea9b21a52e9,2588,1958,d18e5b68f6d2,0.9323
00a8624548a9,2,7,1,False,a9d9edcf3088004b97d4fec01f2f4f47,8c149e39624a991c829ac7d60f79dfad,3216,2136,1d14dd912671,0.9808
00b74780d31d,2,8,1,False,c3ccd5d62eb5b86765e74574b0730e57,5bdd11a50330df114516d71f69332d72,2588,1958,5d74f98d62be,0.8816
00cb6555d108,1,9,2,False,3ac647a4d7641b4e22dd19bd697a7817,31ceffeae19cf633a0b95c86069b6eed,2416,1736,ca25745942b0,1.0
00cc2b75cddd,0,10,1,False,acdd0109297153184d28eba92fa90970,80c8471dec2c885624150468c39fc32f,1050,1050,9688c6ef5dc5,0.9927
00e4ddff966a,2,11,1,False,cd65c2e9d2e2845f07e7aefc1e7b2171,25d65d24d0cd888e982d2888c149e76a,2416,1736,eeb231c3ef1f,0.9699
00f6c1be5a33,0,12,1,False,fd4ecc3d56c38448ab8aa6c26fb78c03,f758556321cd0392381156e89d9521db,1050,1050,a654b25124c3,0.9911
0104b032c141,3,13,1,False,826de5c1dc82d4ca2998611f05558870,c67a25db1a12ea4550477dffd76e6b17,2416,1736,12e3f5f2cb17,0.93
0124dffecf29,1,14,1,False,ff8dec0c2245b6cd0ac8516cccc386da,3df94ddfbf1539912f6611e585a8b91c,3216,2136,bb733062f494,0.9755
0125fbd2e791,0,15,1,False,1bb1b4ed712dd042db170be9c69128ed,ab37df362df6b05fa36df908f2e361b7,1050,1050,4f6abc40c72d,0.9929
012a242ac6ff,2,16,2,False,028d27ff645aaeb21688586fbb0e9299,6dc4c387eb2141629e171ead7d455623,3216,2136,1f07dae3cadb,1.0
014508ccb9cb,0,17,1,False,c28e6698faf2b843836573876b199d01,ac74b8d8ed4ae18f988d3cc50079f433,819,614,72a867980067,0.9007
0151781fe50b,0,18,1,False,2bd0ff56faae2b716a59161d57330026,d3cf78451d7895a391d579aab9f2a0ce,2048,1536,c639d837f5e4,0.9844
0161338f53cc,2,19,2,False,02e855cb5c1eb05c81e6fd027ccdbcf2,5a90dbebfebf36f3b4e98995cf566ae6,1504,1000,cac40227d3b2,1.0
0180bfa26c0b,2,20,1,False,0fc9f9a26c4b6f553c6fdf3eed9e3db5,6f2a8c3c8e18b34d1d8daa35736a4173,1844,1226,d1f1ea894da1,0.9643
0182152c50de,0,21,1,False,f611d1c6e290af66054a852f9f9c3d93,3ccc05cc3a373bd4a09396e4a9a08370,1050,1050,a2163f0c2af5,0.9948
01b3aed3ed4c,1,22,1,False,4cffadbd4e667bb5e13ea3ad921f9ed3,f456fbc247124ca47159159472c24ef7,2416,1736,a21b37719f9b,0.9707
01c7808d901d,2,23,1,False,80b6038627dec4bc4de3244c2cc28ac1,4079e4e4429f0532579b30c66ce630af,4288,2848,c0f15fe3b4b7,0.9671
01d9477b1171,0,24,1,False,46da32ccccf310e120d8bc1f5c59f46d,0764c59c0b73aa0b3ace826d2506a588,819,614,d7a01fca9838,0.9812
01eb826f6467,2,25,1,False,ed6f4c5167bc2244ad6a0d6da877b9b1,f3775f55d57ed03b81712b0a2543662f,2416,1736,e3e490babc0c,0.9676
01f7bb8be950,0,26,1,False,cecab0a2d4e87b671c24e5d507b973b1,9f50ae066b578141939f2abd649a60ba,2588,1958,7a6495a39d87,0.9128
0212dd31f623,0,27,1,False,03d7777d9f6c6760b1740f566d2821c0,dbb57ada42305bcd60db42459814d8a7,1050,1050,495106ae3b68,0.9945
022f820027b8,0,28,1,False,a40a7a317b9240906aaf0ba88f0b69b3,1f7200aebce3aac0bd44c6df8d5b83a9,2048,1536,1df0431bfa73,0.9739
0231642cf1c2,0,29,1,False,4f7e45a8aa35de7fa7a8693e38aed9d5,f0be5f5b13feb920a2b0ee83d2ce2162,2588,1958,8e7981855125,0.8977
0232dfea7547,0,30,1,False,f73d2d16dc43b07638442fb1eccb56af,0b68d20ad591a1a21ae9bfac9d40849d,1050,1050,1f31701dd61b,0.9936
02358b47ea89,0,31,1,False,13ad2b5cc7b4fbbaa957595024c810eb,93a6a84128cfb5943f1b7a133c8aba52,2588,1958,6c4ec95dd8ba,0.9085
0243404e8a00,4,32,3,True,a2fbcf8fccbc27e8700ec218a645ed2e,01405260b106a185aac9532eba5ea4f6,2588,1958,3ddb86eb530e,1.0
025a169a0bb0,2,33,1,False,02c22eef367c9460b2f4928528fea2b7,d40fb783e1fd4a3bb4f34ab3a3b1c859,1050,1050,201f6e10c108,0.9589
02685f13cefd,4,34,1,False,f4dafc2be06d9437e41289a04e1ff96f,28cdf1daf1a2a38eaf2b78d20d1c5963,1844,1226,7116128c65ab,0.9046
026dcd9af143,2,35,2,False,98676a1c7620db82004eb9490750b657,513d0459f1b8a0e0b3b4f8784a3e4ae9,3216,2136,98e8adcf085c,1.0
02cd34a85b24,0,36,1,False,fe8b60eaeab598b37a1e58b7c941c355,7cede07047bfd1b137ecd2bbe15969ba,1050,1050,bc73ce76ec43,0.9872
02da652c74b8,0,37,1,False,b01dc9c1ba422820db48ace1f1bf1281,3b0dfedb8d759a800d73e844362f9ae4,1050,1050,2eba4279e503,0.9912
02dda30d3acf,4,38,1,False,01e25f537953484d501664668eda856c,5b2329253801671f0a41fd0dca26a6a2,2588,1958,1e7ccd4a1c87,0.9369
0304bedad8fe,0,39,1,False,66528a4703e0edc51e443c818871ad9a,3b95fc55bfa68339bcfe52304a3c9149,1050,1050,002c21358ce6,0.9913
0318598cfd16,4,40,1,False,b059612215c1613f1ca7f5afb1d8e693,11b4d04bff0c2e9e9c6a7b3fac63543e,2588,1958,9b57e43b44e7,0.9498
032d7b0b4bf6,2,41,1,False,667e78f3fd8748f405f3279d066aeff4,0f71a15ca7bbdd666655524dd6e235a5,2588,1958,42cc993f23a9,0.8846
033f2b43de6d,2,42,1,False,1981669ff6d7de71d13502f853f224d2,2ee6f04e415fb2492bbaddeca61e1736,2588,1958,3128eb593012,0.9165
034cb07a550f,4,43,2,False,c04aefbe905a9452432f505d23329e1c,65dbb302a777ea32e990ddf9fabbbb57,3216,2136,c8d2d32f7f29,1.0
03676c71ed1b,2,44,1,False,eb0e4049d2b0cb019d9f824a4f7fecb3,e78c29352723346ce087224bd1481f75,1050,1050,1da4a17c18c9,0.9913
0369f3efe69b,1,45,1,False,c432d14e6082c934226932526f3ff3a4,b24239f1613546cc6723e180e78cbd33,4288,2848,e9ff9352ccb3,0.954
03747397839f,2,46,1,False,33fc1523bef7629aeb50402c6b76450f,715e174cba4725a18225c6b6629fb8c5,3216,2136,85fce24084da,0.984
03a7f4a5786f,4,47,1,False,ccf24c12b70587fc245a85148adee491,caf7a5396622de18ed1664e2441a70c7,2588,1958,e68bdd36e589,0.9052
03b373718013,0,48,1,False,1a7a084b76b2663d5b5b6b089c76e2ba,8beb055fdf8ea28e638b39b13dbf3901,1050,1050,4cfd22ae43d4,0.9956
03c85870824c,3,49,1,False,9d08ba38108afc7e81ce89894db43c40,ef2179542c2f6e8c778f88a72643c6de,2416,1736,6028a575dc27,0.9606
03e25101e8e8,1,50,1,False,5e92c561bb426fe3247de65eece79cf8,cb88cd944c15d8285cc4eabcfd18cacb,2588,1958,07a1c7073982,0.9193
03fd50da928d,2,51,1,False,1eec0b7ea9363ea74189a72f22e1e51f,3b20504b79c5813d7fc4cb8bc989657e,3388,2588,5486da4273d7,0.9543
03ff7d159f10,2,52,1,False,dcf9e9600f0a7321db41bcb66e29c9fb,182a616b039b401e57c3428f5aa7a7ef,3216,2136,df84e7113003,0.978
0415fc68b176,2,53,1,False,95165fb983dfbebab5fe66473a6b4ceb,83b1ab8181bfce0a389c8938c8de3650,2588,1958,b37aae3c8fe1,0.9025
041f09eec1e8,2,54,1,False,6478cc55d9b14f938a208ab9b6284d7f,eec9b56be22a4b61c56cb64f8248839e,3216,2136,5265dc9acdf8,0.9792
0423237770a7,0,55,1,False,aaf78f4ca3c215002670bf822ee92962,d5b946292636e9382213e256d14ff6af,1050,1050,c56293f53191,0.9939
042470a92154,3,56,1,False,b3db60b3f784228d0f6cd05e4d92f276,47261b42f61b0b45530171e232b0195b,2416,1736,efff2f1a35f5,0.9705
04579e31e4be,0,57,1,False,416e3b14990b6796614bd7de5c4d22db,1e2ad5c360b6e74a9863c67c92ae1e7d,1050,1050,f3b27ac2d371,0.9884
04a6fc58dabc,2,58,1,False,9ad8807ddc5c7da5e29160b585b080cb,689073276ea180ad8b522cab41d23756,2416,1736,b17f0b81dab3,0.9585
04ac765f91a1,1,59,2,False,b5b0a2781910881117ddb397011f6f2a,ba86318807db59daa1bb9219798214aa,2416,1736,3044022c6969,1.0
04aef84a2cc1,0,60,1,False,b62d2420577d96b08c3ad9de8f70c6fa,e63103fea0beb67e1d59b4db843c8f6a,819,614,2d04cead4d3a,0.9799
04d029cfb612,2,61,1,False,98098371277568eefb76c9b67291d763,e6c25ac745a5124bcde25e3bd510ff2a,3216,2136,224bb938e2dd,0.9747
04efb1a284cc,0,62,1,False,14f8341c8adf8d7e977529d576ec8116,23cba39933879ae20d0776c208a0badd,1050,1050,0423237770a7,0.9884
050bb1eafa76,0,63,1,False,8fb35e3bb682d6db358ef590133c4099,68e572954a074eb3ac8712d18a64ab0d,819,614,d51e5d7484ea,0.9726
05113073b268,0,64,1,False,c207c8707a3b1d523619713549c65896,bc1f0cff5d464f2ec2ddbea24401654f,2588,1958,14c3b41d289c,0.9482
05195a3db5e2,0,65,1,False,8803bd6b73ab25274117467aaf4b6bbf,17cfb62283005229dc538a02ac33e9d8,819,614,7f43becd3e83,0.8877
0519b934f6b1,2,66,1,False,05d7f47d0853c40736be28c8ec2a881e,96de286c4a1d5b202dfd3fd219d3e3ae,2588,1958,9bafbbd152d2,0.9196
052d9a3fe55a,2,67,1,False,2a38d2667f0dcef941f9fb9416d0dbb4,495a62412c28f4bb69386113d56e78e9,2588,1958,807135cbc438,0.8493
05339950962e,0,68,1,False,3e22ea64f05d7817544af7c099bfb174,8394ef30ecc54deb7c88612e83a742e8,1050,1050,e59c5f345bb0,0.9915
054b1b305160,0,69,1,False,c31ece4a937e59c6126ddf24ecd59590,eb973bd0e70b0336bace032e77914274,1050,1050,d6b109c82067,0.9919
0551676cc2aa,0,70,1,False,37f8d6d289c708ef0de8cc8c01bfe295,f1370a9e625dda6ab60287740e9da31e,2588,1958,65dda202653d,0.9166
059bc89df7f4,1,71,1,False,a4ea419be6c3c9926635a50da50a16a5,ddbfb1c428fdee25919dee33320fbb89,2416,1736,247e98aba610,0.932
05a5183c92d0,1,72,2,False,cf167b308c1501b136483264a98efb08,507938c943f5f8b83aa3506a4759c794,2416,1736,63a03880939c,1.0
05b1bb2bdb81,0,73,1,False,d8a254b7a281fa6bf335b8c64a561767,d9663e84cdc3efc72125fa3e8a48fe5d,2588,1958,6c4ec95dd8ba,0.8922
05cd0178ccfe,3,74,1,False,a9c537be01b15766c85d904168e24f8e,d912810bae4d8311c1836411067f96e5,2416,1736,42b08dca9b2f,0.9374
05e9126dfa5c,0,75,1,False,3922fee26b4116e9f09c14570c50f3d5,6422903a73b0b00a29f2a4aed35a347a,1050,1050,3cab32dd6ef9,0.9894
06024377d573,2,76,1,False,ae1fa6b0437b09e3822a5b311911164b,e6d2923b0bb6b27a2a837ddef287c074,640,480,262ad704319c,0.7989
060e00d1e2ab,0,77,1,False,01c944b83d08009a3a68109fc92725dd,b5cd694cd3ffb108679fcd9aee86735f,819,614,94b9ccc73bb9,0.9552
064af6592ba6,2,78,1,False,d43ccae4e58828a7cd3680be53b4fde0,899bb73f22c32b273b0520caf9329a15,3388,2588,18b06f56ab27,0.965
06586082a24d,0,79,1,False,78fb0ef1e6b0bf6e5f37778b71126637,954b76e9d6405a59530097b201e8b49e,2048,1536,0cae727cf119,0.9775
0684311afdfc,1,80,1,False,d38843a3169804176089cd3e48b45f46,fb4df03e5748f467630b5edc13598d07,2416,1736,fe674c2f73f5,0.9733
069f43616fab,3,81,1,False,b988a76cb9bfe909330732b0755e7596,f0c4eddc3378ea8e7675d3c5f2abd1a5,2896,1944,e4f12411fd85,0.963
06b71823f9cd,1,82,1,False,255f5de3aa0b3d248bd57ecd7ed10fb0,3f2217fdc90ec3c95996ecca56da4e4d,4288,2848,0981195eb9fb,0.935
06be1092a062,0,83,1,False,4c427cd99d18e93061e38c3b08c5d338,574cd97ff0b3237c157668fd7d34f1e5,819,614,9a159d4674cd,0.9728
07083738b75e,2,84,1,False,9b7afb3d7bdf00731e41e768df30852a,b137521d970f1bf96e7a44ffbd7d4efd,3216,2136,3ccf96c1dd6d,0.9707
0709652336e2,0,85,1,False,598bf1a8fc93ac945ec92c386f4948e8,3df188e4f334ea63c092765be1899105,2048,1536,f26b02ead915,0.9764
070d4ce5fd90,0,86,1,False,6df67688d4a8bfe70af7309797924415,7a0da43d797372e7889e0c282935c784,2048,1536,dc0f6e5b489b,0.9848
070f67572d03,3,87,1,False,4d9a6837aa53033bca2734e7c4f4612d,8ebacb28b22a35a467053376c7b5b23e,2416,1736,f3b6b7ca1eb1,0.9704
07122e268a1d,4,88,1,False,435689d86e0c056dcd6d3be66645a97c,fa85a9b97bc8fc10ef7596b60651b4a0,1844,1226,e34fa07bd64d,0.9058
071435a218ec,2,89,1,False,572499e986af392e45100490b3b6f4f1,898008a0d6b174fd32ff5664f5fcb64f,3216,2136,e5d56f4f359b,0.9675
07419eddd6be,2,90,2,False,b18463e4dc88eebb8623b80025f4004f,71f68b3b78c65e037b79f416e9022b40,2144,1424,81b0a2651c45,1.0
07596907347b,0,91,1,False,96b68b2c53d8460a5916488bebc41739,194ed5a5dfa5f8c242e1914392eaef51,1050,1050,966c07831334,0.9904
0773a1c326ad,0,92,1,False,d1e610b00d625f0da88236dec9031c0c,38734cc26042f6739dec95867c430d3f,2048,1536,59928f999ae7,0.958
07751b94a88a,0,93,1,False,0af7ba03cba62cef036a9a244fa95bde,604c9d9b17fbf9b8d44650a7c580038a,1050,1050,369229040a34,0.9944
0790515cf5af,0,94,1,False,14b8763cd3ea50d4cb26ec9b90332f0c,7816a6160792a44b8dde33dcd9c871b2,1050,1050,d74ccc796517,0.9931
07929d32b5b3,1,95,1,False,92cea05eb8f9553ba6caf524763b34ee,05e44a90b6dd203ddc95fc5760a25478,2588,1958,1e742358e0b9,0.9299
07a0be6b347f,0,96,1,False,b8011b7c1e41633cfcd7ca46e52bf554,d696e9d98327d6421a59265ec5be1644,2048,1536,dc0f6e5b489b,0.9841
07a0e34c8d20,3,97,1,False,f25ecbc6e58380bb297478c68a459c74,c90a189bb916d49646a4a6065f514b67,2588,1958,b35cad8fe2d7,0.8708
07a1c7073982,1,98,1,False,940bfac9fdea10b13d1c9ff2d219a04b,4e1d62ece3768566224eb4ab8f8f03b0,2588,1958,03e25101e8e8,0.9193
07a2b8cabf6b,0,99,1,False,5c768d197d5db8fac1d14cc28fc387e0,1fbe01ae22d8bbb5a629f779ecc10fc0,1050,1050,abbb8791785e,0.9895
07a3be30563b,2,100,1,False,53f0347c880ed19d2cfc729127c8340c,cbb72aee558eb489204f9f34065c2e2b,3216,2136,c80f79579fed,0.9708
07d8db76b301,2,101,1,False,ef845a61bb88c3cf383ecd5327ba36cd,e17caee2bcccace520cfe300cf07bf49,3216,2136,c3e02d4a1798,0.9572
07e827469099,0,102,1,False,59c32001ec4b73999cb95ff54598e450,09bf7edd23876bddba889c8fa602020f,2048,1536,c3aa424eff9a,0.9699
07f5d7baf907,0,103,1,False,a04ffa3604c0a808f46053afa6a17d9b,d347abfa07efce692b44cf46d49fe2ef,2588,1958,7f0ffeb0a333,0.9187
08037e4490e5,0,104,1,False,251f3d37f5c5c8e5dd445c581af0bff9,87a6001c4454de4ccc975b2de8756d51,819,614,e33766353db2,0.9691
080ee76c958c,4,105,1,False,bfe25e7816993494b80866e9fa19e754,e69fbdbf3e7cd05bf1b35ee4804ef0d2,3216,2136,0180bfa26c0b,0.9208
080f66eedfb9,4,106,1,False,f1a9d2b015a514201b54518d50fa019a,14ad608c3e5d2d5e4fa74ab28a264276,2416,1736,5cde55f745af,0.9401
084c02cf077f,0,107,1,False,8f3317dc2ef507c42452d5e22b187e37,73cbcd200a1daab54d980f5eecb96ef4,819,614,c97472ef2c66,0.9704
0851d6a69589,0,108,1,False,675bcbae8db089338066403f41c4fd79,2867cbb17958478befabbf36a83cbf5b,1050,1050,ebf4b22240f4,0.9927
086d41d17da8,1,109,1,False,bb0c4de78e4c444ec3c1b4dc3473e748,b1341cfae8bc9c3876857840f35a87ec,1844,1226,11242a67122d,0.9523
08752092140d,2,110,1,False,96b2734e0cf58cdde62bddde25afff6f,9d80aedf79b718fa7e619354f7269a85,3388,2588,8f1e7433a95d,0.9385
08a3875063c3,4,111,1,False,6c4a0f042962420464e6d2ea4be5a46d,1aba117f0b64df5555eee1e7424d25c9,3216,2136,1bea04b2bb2d,0.9752
08b6e3240858,0,112,1,False,6fb2d15749818a25e893df9d49373759,ae578cf3c20e8ec6a533c47d8abc4526,2588,1958,66d2ca47aa44,0.9503
08bef347f40d,0,113,1,False,f537166d632545703ca420f8f9bfeace,95b8ef9c6611b0b3a894c79612b5d2ba,1050,1050,cb68fce07789,0.995
08c17a2d95b7,2,114,1,False,77485fc680ade762db20328571c13ea4,453f5ca271b5596f29803b3f2f9bf19f,2588,1958,8d62ba9cb22a,0.9381
08c60c647673,0,115,1,False,39260dd24abcebf249c466252f6f331f,72ce2d3fb449fded20ada483a88cf5e3,2588,1958,e26bcae6c67b,0.9537
08ee569d4721,0,116,1,False,0ae890d428e2a0eab6c4c6ca417d294a,cca9db7ff49af7f417aafe15ed3cce83,1050,1050,f58f0b2fd718,0.9898
08f8838d69bb,0,117,1,False,25a86c202309f8e88eb9db150f17c6da,2840d055e54387c496c8502ec25bda2e,1050,1050,880edb2cdb69,0.9881
09237bf783a4,0,118,1,False,83fc290c1c1b4fe11318967e4660e2fc,a11b1e72cc5aed98ac380116769c7e8a,1050,1050,f4df3d86688d,0.9927
0924cec998fa,0,119,1,False,2a2300f62145cc98a840d607ff4a6e12,c083ca71eab12a1d0f47652471c2e45a,2048,1536,59928f999ae7,0.9628
093a42649c29,3,120,1,False,487c0a5904491ec578590bb0ff721706,ff50773184d749cc41b5a2db172f3c3e,4288,2848,82bb8a01935f,0.9411
093cf723fede,0,121,1,False,be44e3651b0ded863093bceaad9f6cf7,c9106934adda9c6197e67699fd247d21,2048,1536,2cf18033da31,0.9886
094858f005ab,2,122,1,False,2768bb434786d6ffb7a8aec6d3c83173,10c7cb6689569a49ec055ecbb6403a04,2416,1736,873dcc0b468f,0.9278
0953c0ac1735,2,123,1,False,af29fbd6bd1999bd90cac3cb115d784b,db6043acae2a6af6070211cb075f388f,3388,2588,0083ee8054ee,0.9572
096436d68d06,0,124,1,False,5cc44928fdb0448efc4bab910c588755,69a1fbe3fbe9c15a08dc637cffed67af,2588,1958,8ae049175db6,0.8895
09662e462531,0,125,1,False,032a6e057e5633efeb2db83f358bf6aa,17e27c1f002daec2f752d979823e697a,2588,1958,d968a983d4d2,0.9097
0981195eb9fb,4,126,1,False,33690284337c66f7c60cc775e1919ef8,803364a0884e079134142c2957f02d2e,4288,2848,0ca0aee4d57e,0.9547
099021fac3c9,0,127,1,False,530893fda5e3e3b7eb7dafac3684c28c,55a1dc03408ac68aa5e2b3c21f9fd571,2048,1536,331121c65e88,0.9627
09934421c79e,0,128,1,False,8d7f60d17f415fd598685533b2580c21,4ea05f4bef161242666b6c7a2c8cb1a9,2048,1536,331121c65e88,0.9446
09935d72892b,1,129,1,False,dd97c3a2b9462652f004081b2a45a7bc,684e66b90ad738b63e6fb574f07b7197,2588,1958,1fddd7c98fd2,0.8894
09c8323c612e,0,130,1,False,a2cbee2a20d469ccac2f7b29841f2812,9aeeda5267feea967b168ac2fb09da38,1050,1050,369229040a34,0.9933
09eeafa9656a,2,131,1,False,ea51aa8b550bb1ec871b3097daabe03f,6be3272f3425815ede1870c3e5a95640,3216,2136,2776d70724d3,0.975
09f1111a388a,0,132,1,False,d001cec98141e35c53706d1e9838367e,49ee84437cd0a15391afe106e2a1da76,2048,1536,be7f791a7877,0.9705
09f6ab477654,2,133,1,False,9ca92faf3965abac04dc3cbef7b239aa,06a793a3ec79980b4e21f2a8ec01e063,2416,1736,54dc6e8107cd,0.95
0a09aa7356c0,2,134,1,False,f91fc1fb2d87f36ad7ac22efd1ece228,1135c466e605253e85bb90f72ea8478e,2588,1958,6733544ae7a6,0.9094
0a1076183736,2,135,1,False,f243511e55fc1438ac2ecee74ccb4c97,6c5053920645b01d88733988595efc66,3388,2588,0180bfa26c0b,0.9558
0a3202889f4d,1,136,1,False,c52cc05e35deff48e65ecc301c2f9fcb,8921eb153b5f80dc024213855725b696,2416,1736,2a08ed6bbcbc,0.9613
0a38b552372d,0,137,1,False,0950a325e0e9e0e37d50709105679747,fb67113fadb22c3086ec6ac52c4a3a8c,1050,1050,415d5c5e785f,0.9918
0a4e1a29ffff,0,138,1,False,a94841e1d3f51db175a91ebef37fc05b,8c62b85ba0bd453dc0e51deb04e24703,1050,1050,e16af45285e5,0.9883
0a61bddab956,1,139,1,False,264dacf764625fe4632fb82a054b09ed,fb6849ebaf1e2099f86d7959ccded044,2416,1736,291f581d365e,0.9616
0a74c92e287c,0,140,1,False,5f8d14de4cf34238f839154a3a80a5a8,634ac00fffabf6a05afb7eb4f2d5b93c,2048,1536,bd375ba756b1,0.9788
0a85a1e8f9e9,0,141,1,False,3d3e9b6783ec6e9368783b8981c49729,0ec6eeb5c07adc5d550cca7566e72ca9,2588,1958,a188c60b93fb,0.8926
0a902c80d5da,0,142,1,False,cedde74f3cba053f44b82e9cdc7a7a83,62e3a2130b191eb793d55e5bfd44fd2c,1050,1050,7f1f3269f546,0.9818
0a9ec1e99ce4,2,143,1,False,a2dbfda6fe14cf199c553782f2863234,76039b34037c9b29a90c85257acbd485,2588,1958,b6304c545f95,0.8829
0abf0c485f66,0,144,1,False,4a39c36394482aba0cb5ab2d6037b838,9fcbf28465a1a5f91d9279f2594d32f4,2048,1536,cd314653a4d8,0.9864
0ac436400db4,2,145,2,True,89ecd9da08e22d225b70af86960ca4f6,bcd4dd1f41c57e4a1406b29426a88c89,1504,1000,fda39982a810,1.0
0ad7f631dedb,1,146,1,False,4ca2b7ad12c60d3929e8b29d65f5359a,52bf1f485be9f2fa248142bf375b939f,2416,1736,cf0824f53dd9,0.9554
0ada12c0e78f,4,147,1,False,e04c7248c3a785b5612464c10b58bfa9,3920b7e491b9285fdf21a7987c56db50,2588,1958,2d552318eb07,0.8585
0ae2dd2e09ea,0,148,1,False,2b5a29d6e7864b495f5c002a4fc82075,cea175452d157eba580314ce1dfd3579,1050,1050,8a482c024fc2,0.992
0af296d2f04a,2,149,1,False,b5cc00671a6f40c8176d74635dd798bb,ff150429fee485b4be97c8667d06a96a,3216,2136,5c8482926a08,0.9809
0afbeeef0ff7,0,150,1,False,8e128674955a823479bd208ea4f2b44d,c227d0bbb663eeb297349c70a4f4018e,1050,1050,9910c827e2fe,0.984
0afdfe5f422c,2,151,1,False,05860b1649a8ffd7487fe2358b8d9ae0,42156c102ea2948d67b36273472898ac,3216,2136,a87f53bc984a,0.9735
0b00f8a77510,0,152,1,False,0f75649eb13fee09d54970e905f40991,2997c29fe03f5e89cc4463b0b0a31f30,819,614,2a7373eeb352,0.9267
0b2ea8f268cf,0,153,1,False,0faebf3fa8baf659a0330f387928fb73,494757dd7425f96d786925a5364cf320,819,614,0fbbd665431f,0.8858
0b3efe669365,0,154,1,False,6af4c8cec1756100e23b364d80d45c47,caab5b4b4ad0c98042b3686d0154e696,2048,1536,e322acd46152,0.9655
0b64a0a06f9a,0,155,1,False,482024f662b96e89e8ca2343f8fa0c6d,0b637dc7e93563fc6e7df68a5716ed6f,819,614,684dd88a0d49,0.9341
0b8bdec9d869,0,156,1,False,1f616831ec1ddca01f42a5635c3203f9,d0f8f645a655465deda45a490ede1d54,2048,1536,ef247f28004f,0.9822
0babc12807b2,0,157,1,False,bc1444888bf9578dae5baa25e14d2063,a2972e5a88c9bfb9bf98915be944b84c,2416,1736,89ed6a0dd53f,0.9812
0bf37ca3156a,4,158,1,False,eec8c384a5209ded9c941ea02cae815d,0f7fd80d780de58b4cc6b1620b2342b0,2588,1958,9e7a63b2fc6a,0.9157
0c2e2369dfff,2,159,1,False,02c6e9067fb30dd7b25b67aecb05cd1c,b84cd55087f41b1fe6c29b7fc74b1106,1844,1226,799cb4c816ae,0.8827
0c38940e1f80,0,160,1,False,a261cb10f723b3aff083ae3a2d4bfbbf,acbb2d76db2c3dcdda69f7071c8f171e,819,614,aabd867043cf,0.9854
0c43c79e8cfb,0,161,1,False,e020d63ba7b815506398d5ab6aa8c08c,949a94bbc7a981c2cf083fa04412850d,2588,1958,44976c3b11a6,0.8824
0c55d58bebaf,2,162,1,False,a571b013ee23869c16e8510ac1c0948d,33d2753f721f004440b2fdf7286b6aa2,2416,1736,a2696f444ecb,0.94
0c76fd494af6,2,163,1,False,ddef30ced5d01ab272bf7faa67cad25d,7a6c99fc3b50b244909dedbfcf9b200b,3216,2136,44e0d56e9d42,0.9723
0c7e82daf5a0,2,164,2,False,23990e3cba419d62846f8f90f7c589a2,d4abade47b1957e8d02b4a4027504199,1504,1000,3e86335bc2fd,1.0
0c917c372572,3,165,1,False,5405fed12e757f45c01cd49122510df1,f030fa6a8a6d5ac9ce0301664f0672cb,2416,1736,30941b65348b,0.9523
0ca0aee4d57e,2,166,1,False,d655a56f43eb26a8f475c83bde256f81,9ebb764a8b5ec85ab9ccbe41a9745b0f,4288,2848,82bb8a01935f,0.9685
0cae727cf119,0,167,1,False,0a551b74ee1f01073a9d25c742a86d9b,b69bf04797af2adfc6dc5be620ce3b3b,2048,1536,be7f791a7877,0.9846
0cb14014117d,3,168,2,True,91b2c675f15f09bcddc0613929de649b,e6c807c530b24d9cd3dff21c7ed0bd04,3216,2136,4a44cc840ebe,1.0
0cb6b898389f,0,169,1,False,ddb68b9c28e4bd917ed91946d7c57f69,ca1d048b8a64571ce2a15d4a3eb71f51,819,614,0dbe6c26cedc,0.9648
0cbcc7b23613,0,170,1,False,8d2333fe6bb6995c3dfb812d5d19e105,d2060c04851b65845dfd37be22925eb7,2588,1958,663a923d5398,0.9171
0cd31078cd08,0,171,1,False,9629551a4426e175067c631ef558bfb5,184afd38988a1cb94b3f7ff55e41d2cd,2048,1536,338326891d84,0.9618
0ce062f26edc,0,172,1,False,b5e2802e4e5daa8b850073f22d0ddd93,4d0f7d4b79598453deb6841528ed889d,819,614,a45c30da0c72,0.9265
0ceb222f6629,4,173,1,False,eefdc3c74210cfa5fdc722399f3eff67,8238a629592a73099538d6db422faa2b,2416,1736,fe674c2f73f5,0.9349
0cecc2864b7f,0,174,1,False,573bf7bca8295949299c208ccef30140,a077c2f901ead3d68e71d08ade8dfdb9,819,614,1ec95179cdfe,0.901
0d0a21fd354f,2,175,1,False,02695075c816cb3c796bfbb9e9b85cce,39b2a0f24a7732e9a42244edcf4227dd,2588,1958,92889b863ae6,0.9144
0d0b8fc9ab5c,0,176,1,False,5daed9d052d8286dcc132054369bd4f2,35ac33191a6d91d51fcfcc264dabfb58,2048,1536,fc8fce67fbf8,0.912
0d310aba6373,1,177,1,False,426095d67d4c084552df0605e5b35e5c,b7f6468fc89162c77195bab1cec3fd6a,2588,1958,d3e884109b45,0.9128
0d744aed4d64,0,178,1,False,94cade59ceee42a38756da0b7d6ad44a,0135d3b3caedf591b66ddb54062fc20e,1050,1050,7347bd23ba80,0.9945
0d8f60ed9280,0,179,1,False,eff6245d397efbc44b49adeb14d7043e,058ef3fbaea67d6831b0b4c0cf9519e4,2048,1536,61a62b1dcc36,0.9504
0d9a9896f801,0,180,1,False,14a8522fa789842d2efe6cc6aabb809e,1da5372600afe07c411ae6dcbe0bdadf,1050,1050,4b237b958555,0.989
0da09e3ce8f1,2,181,1,False,301945862f7f6a2a956a99beaee7c75f,ab55c7d1af3c19f28f1d0853ef70897c,3216,2136,af828dab3ffc,0.9818
0da321efbce6,0,182,1,False,186f87e75b6cd5a36047e7f6f450a358,5c066e289b61d68ab5b6d564e81c6ed1,819,614,7131bf4c9e6f,0.9255
0da632ca45e0,0,183,1,False,cb1fafd074984cddfcb0795f54df9c31,02324407d776b27abe1811b2b12fca67,2048,1536,a06e5ac695ce,0.937
0daddc45d832,0,184,1,False,f2a131541bf180660dd78e4af2bcd20c,6cefae152593198caafcc75de4170e4e,1050,1050,87b671c6d4c5,0.9902
0db1d8dcf219,0,185,1,False,00fb474c89b64622448b94b2ba109ae0,51ec12daf358cfd131c21f15f6190366,2048,1536,be6cbf6e5b10,0.9877
0dbaa09a458c,2,186,1,False,e7fee662e9777802faabc06936f3ffda,8f9b2cd49852844f31a656f98b9b2efe,2416,1736,812d5adafaf2,0.942
0dbe6c26cedc,0,187,1,False,76e5605538fd081d5cbcf61956ddebc0,bea7223282d0a1b1e933fb3202b855a0,819,614,1409ab48175a,0.9659
0dc031c94225,1,188,1,False,56f1a32c1b11aa130e71aa644de0c941,a91bbc6f97bc08d49ef79509a20deff3,2416,1736,aa6673241154,0.9508
0dc8d25b3f69,3,189,1,False,4f18e8b81dccd14869088a8ba0750eea,79a7303cba9bda26240326439b8079ec,2416,1736,3428230bf1bd,0.953
0dce95217626,1,190,2,False,1a78b60bc76f0b2ddf72f50a62086ac8,81b79bb9f97ddf4994cde5a5c5399e65,2416,1736,94372043d55b,1.0
0e0003ddd8df,0,191,1,False,c7bc68d29601fa799d11dfffef02f3e9,e1ea64411f9cf35ee7ef68a9bd3756ce,1050,1050,cb2201c226d6,0.993
0e0fc1d9810c,4,192,1,False,a646309d04cd11b65944537c92047070,4cbeae8356110ebacd262564da60fd5e,4288,2848,b13d72ceea26,0.8725
0e3572b5884a,0,193,1,False,4fcd76322e57222a5ef600517c8cb547,4a089dde0e1bc4ba679a8ac938e7c41f,1050,1050,7347bd23ba80,0.9922
0e43c8298fc0,0,194,1,False,8d370157dee1d3ab416b657cea4047d6,07ba668e76c009a218e803e09e460480,2048,1536,be7f791a7877,0.9776
0e75d51152fc,2,195,1,False,4ee9fc3ce10fe28bec65c9044d972a85,c42e1cdbe098a8d5231e83be5eeac891,3216,2136,ce207b69ff37,0.9728
0e82bcacc475,4,196,1,False,b4fc9de74e3bef666465b40792c2c1ed,b44af38e5548104e5136e1f5f90db53f,2588,1958,aa60813e1a8d,0.9387
0e94cd271c00,0,197,1,False,0b6ec053e593fe74198cef8a79ec5af1,c89bef9eed71af566c34f96b9f749020,1050,1050,8448af27ba07,0.9875
0eb52045349f,1,198,1,False,199c066c8edc5254c37e410597d2a027,c8bc3e1746a6cf760d177ae911b984dc,4288,2848,b96b518596b3,0.9601
0eced86c9db8,0,199,1,False,5a5c72e18e96564a588b85bcad7e2464,2a220c6563d6dad8036d4d9a9e2ae950,2048,1536,093cf723fede,0.9845
0edadb2aa127,3,200,1,False,d69fc7600014a5c9de0c34a9bc1eeb79,e3dc0c736dd90323e9d9da2267d24931,4288,2848,e9ff9352ccb3,0.9362
0ef4c61dc056,0,201,1,False,7b1d5395ebf3177f2625f845b7f6e698,d5630535e85ef9798a36e2eee24d9a23,1050,1050,e9ce5bf645ab,0.9904
0efc93ec838b,2,202,1,False,e2d0965163d9986f03a6229ab2cca237,eb43f7f9c675d031b232654eff431b05,3388,2588,354b8911d6ed,0.9786
0eff8eacb2f7,2,203,1,False,a560f27bcd37d1b991b263ec45d4c23e,a05eddcf5b7ca3f5e9cb47f2e52ab7ff,2416,1736,278aa860dffd,0.9703
0f364b7d4384,0,204,1,False,1288897f38bda8254b76a0594ffac6d1,2dc48c55f00a2256e7e07ff0ba484b22,2588,1958,b6304c545f95,0.914
0f495d87656a,1,205,1,False,ae865cca789c91f3adec094be1cae029,33786bdd7fcd7e7b4fe76bd8094637fc,2416,1736,ed2c06fcc573,0.9413
0f6e645466a2,0,206,1,False,9009fb201c06435dae9d06df7d9b95d2,5d5aa133acf0457f47324eea9399b219,819,614,26d9576e8043,0.9664
0f882877bf13,3,207,1,False,b2b9196b5ea8d8cb255f0cc142d9ecc1,c9aa658226d89d02b94a38fca77286b8,2588,1958,fa3e544a7401,0.8618
0f96c358a250,3,208,1,False,568e5624a4a1ba1b45a2e82c8555ed8b,a0c9bcb444a8aeb70afba5b3e5a738f8,2416,1736,4abca30b676b,0.9188
0fb1053285cf,1,209,1,False,8c8a988a8f8ed77cdf026f29bf4879f5,14927be12680dafad5cba99793763e98,2416,1736,a0267206d51e,0.9674
0fb560f9adb2,2,210,1,False,4f3bc6545040cfaafed65009e63e072f,554a1121512af5db5083f8a366cd04c1,2588,1958,25002fe43f92,0.9331
0fbbd665431f,0,211,1,False,25f766f58f7477cf456d3728bef06320,52b517792cc6bae725887df6225f5bb6,819,614,cd563556cb57,0.8972
0fc6829da85b,0,212,1,False,31d1da22cf59662fb3fe9524d2e239a2,6272e0bcac1d353107235ccd21e55c94,2588,1958,6d9effbcde78,0.93
0fcfc6301f3d,2,213,1,False,fc1b5074d65660c967164d9f30a41574,ea7a1802f35626083ee8de4f7a3263cd,3216,2136,a182b5b191de,0.9675
0fd16b64697e,2,214,1,False,fdb8d8ccaf741a88366e47e59a5ed395,4d532a8ede41f89da61df792c40a53fe,1844,1226,2f4e81787d9b,0.9263
0fe31196e0e8,0,215,1,False,3fae73d95a90e469a6d3e0693d85735f,2889f9da9d9485d2ff8376f535791895,1050,1050,8a8a251770cd,0.9891
0fffa73e2402,2,216,1,False,4a7968c9102dd36fa5f72ea2d391c861,bd1d8c1fe9821063a2381f6c7982ff49,2416,1736,c0968d41eb93,0.9667
1002b5151b8e,0,217,1,False,bafae8666cb2725e1e412cedd45c56e5,25a98e73ba18ff2dd7969cae42b70615,819,614,3ca8be3b40d6,0.9817
1002f3fe38f0,0,218,1,False,fffa860ce9319f2b0f51e2096aab504a,ca2abddfa1af9b45605f9cc1f1ceec73,1050,1050,c6d4e4a3bd4c,0.9918
1006345f70b7,2,219,2,False,a6e3a43a938c5632d1d6d000c8d62777,9d8b85e8243bf41ad3a0c543077091de,2416,1736,435d900fa7b2,1.0
101b9ebfc720,1,220,1,False,36ae0ba37d6771e294e23f48deefa237,5abed87160fff83bdfcc5492c51995b2,2416,1736,5712e2aa73a2,0.947
103abbd8b63e,0,221,1,False,8d9315442b4a9ce923b617795e987eb4,84e2cd51efb8321df9191988b1811a41,2048,1536,ad944bd56bb6,0.9746
103f97a2ab15,0,222,1,False,af32401583d8557ac25054bc4558b145,e4e66039388d061509875dc1dbc3daa3,2588,1958,4ccfa0b4e96c,0.9055
107aea0d9289,1,223,1,False,4b27704361cd04b9b813ea07066029d2,088ff0036ab66ef5499d3c6a364e8bc0,2416,1736,a04fb36db784,0.9528
10a5026eb8e6,0,224,1,False,84ae434b1051a1466ffd93bc9cfbb099,63041b5330c252e7faa2ed004efa840f,2588,1958,3486f7096276,0.9211
10bf25731c08,0,225,1,False,b43eaecb27c339d6936108d819e84bc7,3d4375d772b15e06bcb7e09985da6abd,1050,1050,3c28fd846b43,0.9923
10de500cf0c5,0,226,1,False,42e30e62a0dbfa5cabe1273024c0284a,f9a8e1df9e29532786ce38bb023707a2,2048,1536,db3cd58aa315,0.9818
10ecc5292ab1,2,227,1,False,8791369bc0a87c6f986841ac6e9adbb1,9591f6d2cd34538ef9b66b55d5473a49,3388,2588,f576e45d1da2,0.9759
10eefba568dd,2,228,1,False,96486ff81a7be1cb0a15a78804a79779,6e00eee1af44fa5bbe7a9ff30c7cd110,3216,2136,657859f893d9,0.9239
10f10fd30718,0,229,1,False,17bf3eebc5e10a2ba13fc0de962f31af,203b0df30d4ec0ea45e26301c9ee7a05,1050,1050,1509d097b69a,0.9923
10f36b0239fb,1,230,1,False,dcfa2aab8b63845cac9184ce62b8a1c0,21a6505765edbb35b3d182b13acb2f42,4288,2848,b2748ac28fc1,0.9641
10f6ef37fe43,0,231,1,False,4335af72bcd249c2058bb2908a044565,2091dab6339f8e73cf4fb2996e65e014,1050,1050,691eeb59b4cb,0.9915
10fca1abf338,4,232,1,False,bbca9c396c94a9b7459e1c9eaf158a9f,2b7048671f25162909d0baffa4c44e26,1844,1226,2131aa3a1e6f,0.9629
1116271db4ea,1,233,1,False,da6b948cc56f0f9982b26c03d2fabc0f,866b9b3f39f4268a7c30b330140e8c6d,2416,1736,71c1a3cdbe47,0.9699
111898ab463d,1,234,2,False,5b3181be8aeefac80b1a03526a2c914a,3b1317f741e282e1a380d69fa37d879d,2416,1736,33105f9b3a04,1.0
1120f6d08d95,2,235,1,False,08a1df617d852e4013aae5f3a3cc8d0f,b7be51bc4e6492104f881a93436aed06,2588,1958,20f86e068276,0.8801
11242a67122d,4,236,2,False,f5a81fd1e5907e2a9f66595e63e845cd,59253814cfc0a934ed002efa4e1c6361,2144,1424,65c958379680,1.0
1124ffcd76c2,2,237,1,False,3ce63ba5c28d585b350ba993dfec173d,974382455d45ee885a038fbcab88925b,3388,2588,de16416220de,0.9308
115e42dd6a81,2,238,1,False,50bc9158760e39c2ecdb3760a208f151,0b9798a62e5659dda71a5ee01a661f7b,2416,1736,a15470303941,0.9464
1177d583c807,2,239,1,False,d211e5fcf812d4689f9f9f92049e0fc7,60055c478e7ff810b9dfa46015a29dd9,2416,1736,203275daf46d,0.9317
11b220a397b8,0,240,1,False,205a350ac4e6d286ca6512bda5200a91,4814fccb35de5d135fe76e53991a441b,2048,1536,57a5e4274275,0.9705
11b5c77fbf79,2,241,1,False,651d0fb5cffe60d9dbb8ac72f1192215,6d14024df8225fb4029e5e48132d4f13,2588,1958,a6356a3c5d11,0.8948
11d8e5eaee5b,0,242,1,False,5f4295af58f11dc79bdd943b9a77b657,be24d94dd9658d29885a817b0af6818f,1050,1050,e966850247f4,0.9931
12025b34deb8,2,243,1,False,7724d061ff801692d287ea692a1d6b8a,de600e8351d4423032857e6b9c74937b,2588,1958,7a6e384a0846,0.906
12058bbb8299,0,244,1,False,5793efc9fa86107655946858fc58e893,6a0c95442284c33e0020681c3f77caf8,1050,1050,8ead8f37423c,0.9947
1269ab57c2e6,2,245,1,False,1c59ab8b3cc999dcc86604133105b3ee,2fc92a797ce4e41a5b2d8647b4a725cc,2416,1736,58184d6fd087,0.9797
12a82fc7d73e,2,246,1,False,f972d8b1dd6a6d1649d5f5422c89a4cc,981600a7c402532e5cb49f5b8b585c96,3388,2588,66375b3c64db,0.9651
12ab2f6397f0,0,247,1,False,d0ee18e219079d1c51c98184ccefb40c,d4980e4da7f76e290e50d0567bc45c9b,1050,1050,84b4da14bc23,0.9901
12ae44be0d38,0,248,1,False,d66f459cce5e4c28f2e6ed378f8e6e18,1b3fa5f535ab7f709a5c729bb6239804,1050,1050,b0b3b16fc305,0.9871
12b57dac703e,0,249,1,False,b4ca12d53427cb3449baf2fca3991ab5,29cd88b74574e7fb8e18712cc9e80a1f,2588,1958,cec299c2a2d5,0.9262
12bc439d373a,0,250,1,False,2b749563f363bca0f9a6d933c97d80fb,5256478c8654340593e8a443804497ec,1050,1050,6b66b0e86f7e,0.9922
12ce6a1a1f31,1,251,1,False,bafbcd824c71ba7428dc5f91670073bb,7163c9cbaba59e82387cb0567801af61,2416,1736,58184d6fd087,0.9652
12e3f5f2cb17,1,252,2,False,46f3762267786dd7c5758db84cef2b09,087bd292e1273c70186f076c673a692a,2416,1736,d567a1a22d33,1.0
12e6e66c80a7,2,253,1,False,2eeb0af4ea73a240eb54651f0475a5c3,b68dccb2bb8c04e7a074fee375d8d103,640,480,aef9016557ca,0.7575
12ef75375322,0,254,1,False,f4f050c8e5d1031fe67c1c1c2faa4913,b0db72c1ba53c48562b2e133e7db0a90,1050,1050,73ba798fee25,0.9968
13063d1bc4ea,2,255,1,False,ab52ffcdacf0821009a5775a672c724b,12c5cef2c26f19e32e20ec4af0fa01bc,2588,1958,91e2c2890c9f,0.8451
13073f075a56,0,256,1,False,82f03a30ae6580ddc8d8ba88b8df61ac,940b3fc3cf49fa067b791d1965440082,1050,1050,1ca91751be4d,0.9932
135575dc57c9,2,257,2,False,7c503683d5df9841616568d658e8036c,d28c9aa6148d2319f2214bd78ff7f835,1504,1000,2c2aa057afc5,1.0
13ab8db8c700,1,258,1,False,273d6037c5a46fe5ddcd13149c6bf7fc,d31d925e3a721bd340a6d4ebb5f29ef4,2416,1736,51d780864365,0.9628
13c191b59ed0,0,259,1,False,669f22aeefb33c303e67a58a94008a30,cad0fa17822953552fc6e37e32205325,2048,1536,58f07741ee3b,0.9739
13d014ccd136,0,260,1,False,a1c9aa27e9c956c921182d5bfdec4cb5,439130bb2c97749d1c7c5b31ee313272,1050,1050,3b0190bbe615,0.9914
13d411c85ffd,0,261,1,False,fbe23d7089f0f6580da7cc4a07e52dc6,4a94e58e9b318b72df43acda4af29344,1050,1050,a34fc5376669,0.9912
13d71389563f,2,262,1,False,1fc0a307b4fad47c34293aa9307cbc8a,1a42a4c093853b9e455820ce091926eb,2416,1736,d264396d8d1a,0.9527
1409ab48175a,0,263,1,False,d89efcd4796eb5cebe5ae8f57fc1a363,dbaa37260766be26e6737214ac01d68d,1050,1050,8344c783da65,0.9899
1411c8ab7161,2,264,2,False,70137cf193f130d2cae49768c75fc565,63671451c3c62286c057fedfbd888f79,1504,1000,8acffaf1f4b9,1.0
1414128bead0,2,265,1,False,5ddd33bfe295042ea03a0c5d0b41a2a0,1efa8b24da6f3347e60f3560c96ff2f2,2588,1958,b0acd3593310,0.927
141735b57ec0,2,266,1,False,4472aab64c10167bdf3c1407171bf907,9bd5286d598fc2e2128d9dacb806d28a,2416,1736,12e3f5f2cb17,0.9636
1438288bb2e1,2,267,1,False,75d1a1adf1c4142577ff8a5846fcfa75,5f86522ccad7e042fd6fbb0fd5ca13cb,2588,1958,6089fa333013,0.8491
143db89c11c8,0,268,1,False,fbf0288e70f10c383464f73d2139ead0,c850aad645a19027fedc5fd38f4d5202,1050,1050,bf7b4eae7ad0,0.9927
144a1a426137,2,269,1,False,1ec95630669b1c4e8411603154db931b,bc6c4e9f9c0d96effba4868b537189b6,1050,1050,84b4da14bc23,0.9923
144b01e7b993,2,270,2,False,c76f749a820f01b47be98198f039ae19,95f2af789e1c55893cd27b7668ee4466,1504,1000,1e143fa3de57,1.0
14515b8f19b6,2,271,2,False,972c611311946673ad19ba48c4d8bb9b,18feed84fad772314b3f0f555b18c860,3216,2136,ba2624883599,1.0
14c3b41d289c,0,272,1,False,5f1ed4ec89b0115b81ff22d527a65467,0f5445d39786b98c79297ecf135422fb,2588,1958,05113073b268,0.9482
14e3f84445f7,3,273,2,True,197303f49434137ed6ab3c9906d76a13,48807bd9d831e5a0429264743487e58b,1504,1000,f0f89314e860,1.0
14ee87d6cc42,2,274,1,False,1fbde77d143bd569f1d8bceaa080f226,a5835c89665c5d2b2986c20a09cc1f53,640,480,453a1e2754b2,0.8428
1509d097b69a,0,275,1,False,1976bf6564ad23d6467b23bb0d05c418,43329cd203c06a688d096635314ddfe7,1050,1050,caec68f11c86,0.9926
150f92b45349,0,276,1,False,9b7304fd14ec18bd1f25319d9f45d82d,7cc0c8edd391ce2c3b91124c1366f5a3,1050,1050,8ceff4c4c860,0.9878
150fc7127582,0,277,1,False,08f09586a52775fa48a1ebdfdcd00b51,b4156c0a9446c7779e4eea04c29574c4,1050,1050,ef48780f5d5f,0.9916
152db3de8120,0,278,1,False,b38a924aa5cbd52c0c896b318799b778,88651f4f7b2bbad29fdfdc5272b24dfd,2048,1536,f02956bd7c50,0.9788
1541226c5d72,2,279,1,False,f77a25db863eab8a4720889cf046a687,cd68e5240ae3067a34b6ca2c5a612df4,3216,2136,b99794a0beed,0.9708
15528e740543,2,280,1,False,dae0ec8bcba8f81dd0e9111f3945f313,d0bbfb2ec80606ba2966bb5e1c4f4616,2588,1958,18f1f979d30d,0.8962
155e2df6bfcf,0,281,1,False,4c26914a78cba23a52c853cc0e85a258,dc0b67eba1f62861edd040497cfdf63d,1050,1050,e4a44f9158dc,0.9922
157d17349cc6,2,282,1,False,819f3b4839e7ced88e1f9e50103e86bb,07742f504054ceb4a7201ee86b193b4c,3388,2588,547b37da9223,0.9854
1594ca6c30d3,2,283,1,False,7dd15dbc036528d70735cfeefcc802ec,7f6ad3971694fabc4065f29b6a86ae45,1844,1226,63d217b059b6,0.9513
15b21c80cc31,0,284,1,False,b3f72210944e0b8decfb3efad67d195d,076c7fb7d9adcf5431420ca4aded66ce,1050,1050,b5bf7b84fc66,0.9917
15bed5adde74,3,285,1,False,81e457ce4d237879cdf709c3a0d40e01,e2fdd3cbcb40b4b6e69548b86be8f8e8,2896,1944,22098b1fe461,0.9285
15c24478ac72,0,286,1,False,7eb3fb331c90a9cef3d04bfb5ba7feb7,fcabdb57dea995091fcb9cfebf4300e0,1050,1050,4cae247d9909,0.995
15cc2aef772a,1,287,1,False,9fdcd871e4455496f7ae6dfbf510af2c,ce2d7658d309026014f0738810b12d7b,2416,1736,a8652b2de23f,0.8976
15cd5f52d300,2,288,1,False,91877693c6efcbb13b71e3d738329ec0,6933cebe40ca1e1814110293b30bd93a,3216,2136,76fe19ff64fb,0.9807
15e24b73d4a7,0,289,1,False,141c930a9837782440e139bd731db271,f470f6c35f86e71997519404dbac9981,1050,1050,93d6d20a5ee3,0.9895
15e96e848b46,4,290,1,False,09bed16822ca87bb6ab5269bb2053c1f,710aa4c41e297a5bd49ca513f5a5bdfe,2588,1958,5e52c9fe676f,0.8606
15f440753916,3,291,1,False,043a4cb303f6c313a126ba524d242b05,dc53d26d41c475f620b4b1bcfe8c66b0,2416,1736,fe674c2f73f5,0.9679
15f8d769935c,0,292,1,False,289d08de81cef7b4bffb9f0d826d7fc6,f1937f8ad887e3ed13078fa11c161c1c,1050,1050,88e4399d207c,0.993
1601c939412f,0,293,1,False,442585436b55f2943c0c7c5963a4cde4,a70c402e7f32b79a3774b21b18703fe8,1050,1050,6f0e5848d9ce,0.9908
16060f05d047,0,294,1,False,1b83d2d05cb8319badc43d9fbcdcd031,4bbdb556d31442cd4d54dfcaa847bd38,1050,1050,fbcbc81cf9be,0.9916
1608c82a263f,0,295,1,False,13f4cbe641e47b70eef39b9ce043ab87,952a5adf3ad22de92997903b9b9a69b6,2588,1958,8bdb891661a8,0.943
1623e8e3adc4,3,296,1,False,a8455d9125842152aa9474238f7e9781,a62d2bafeca00925312ab9a92be6ed5e,3216,2136,789434d095d1,0.9751
1632c4311fc9,2,297,2,True,6b82af09990c57a676fc03856e4b3400,8ac2e81d3f89de566b20c404fc4acf20,2416,1736,a75bab2463d4,1.0
1633f8291a80,0,298,1,False,21e6d53e893e9585c27e6230a23b9e94,7aee0d57a11f2d1d7cb176b98337af06,819,614,65a7fe9482fe,0.9838
1638404f385c,4,299,2,False,43dfa00fbc2751c3dfa76bb11efd9014,4f22a779fa15ec503696adc8e794a06f,1504,1000,576e189d23d4,1.0
164cd5a3a6cd,0,300,1,False,aa76fb7ff7c3a33b6ca5f9c4378c6f6e,20a58f04ff153d8692b40526c58cb06c,2588,1958,4dc2211a1c31,0.9361
165634a6167e,0,301,1,False,b46f37c18189b07d04e9779780da9e6e,c48e2989a992be9d22bba0c49c20493c,2588,1958,2221cf5c7935,0.9125
165c548185f8,0,302,1,False,06fccfa1d7c4030e4d624a0c2b732bce,a802aae848efd2f41c6023ba46826c5c,1050,1050,b8dab47a260e,0.993
165cd2070ebd,4,303,1,False,f3fa9664e627b8072e645f4537aa6263,1d36915214516657feabc66b70898424,3216,2136,453d553b0a94,0.9396
166068a24416,3,304,1,False,c37b4392963e811170e64e24dfcbf847,4f25b13869e15b2b5c70d494e1ea9f56,2416,1736,2df07eb5779f,0.9463
16ce555748d8,4,305,2,True,4254019f50b65ac750fc638776488901,22bf55991747e250727990cbfdfe718e,2416,1736,4d9fc85a8259,1.0
17188c13e635,2,306,1,False,b3d134cfc01c50f05842fb8eea68737b,bf2f05a35d2defde6e7629b62bff7186,2588,1958,ecad6845f630,0.8882
172df1330a60,1,307,1,False,60a48eab76263ee76a1c346923ffc15e,620cf34b3262e82425a0488fe1b2c994,2416,1736,f2094a20b275,0.9586
174db0854291,0,308,1,False,27e527d19c365c532549ad46575843b3,c5d55ea22f207eaf1dae5fae0edbc767,1050,1050,e50b0174690d,0.9932
175dd560810a,2,309,1,False,b3f2a6977d50b3eb9eba3be119311857,60c696fd8913010d895f365a14bc9f17,2416,1736,760b6f4c6d82,0.943
1782142e17d9,0,310,1,False,442dea2cc8f6329f76f8810a418e7f41,26726fd95327a14c8ce4a1085d2aa4a1,1050,1050,4eaf2f81819d,0.993
178412895d5e,0,311,1,False,d71b23064c7bc4667892f78cc26dad6d,772e0be8161ab8557a3008adaa9696ca,2048,1536,3c326543fff6,0.9641
17d7d6b092f4,0,312,1,False,ee9854b109c1b9bbd635387caf191086,ca644461369e574c5f19b4ddc4ad873d,2048,1536,4dd14c380696,0.8868
17d997fe1090,0,313,1,False,24313037636426586483749c1a12c235,4e617dd21f9e2892eb28fa9c2beb7b0d,2588,1958,07a0e34c8d20,0.8067
17e6116b89b3,0,314,1,False,545c3e478318340b924275df4dd94e6b,5052357b5bb1c1e1da03b418c73472ae,1050,1050,3abac0961bfd,0.9869
17eb5d4ad740,2,315,1,False,3e1b3092eaf8121de487f79446b8ef26,2fab3af0eb8dbb08b9988a1ae0b42780,3216,2136,76fe19ff64fb,0.9781
17eff993386f,1,316,1,False,f25e3d79f0fba71c1544588f7e4c9d99,50f76ee7cc42121099fdd1b294bfa9d6,2416,1736,2628305cbb29,0.9843
17f6c7072f61,0,317,1,False,d3b12bc438eaedc763dfb60c85f1bbf9,c67160732fcff38f3007bc39d4e99ef8,1050,1050,e4a44f9158dc,0.9956
180afe1d5ef7,2,318,1,False,663e3a63d49ba48bf5de032acf519a9e,870fc18b1a4c4c1a743ae78d2743ed70,2416,1736,58184d6fd087,0.9748
18323d8f2470,2,319,1,False,4e14422bd8d91841214b068ade4a956b,7804b4ea41b7d3d29b9ec4ebf019ad6f,1844,1226,75a7bc945b7d,0.8945
1844a039b4ea,2,320,1,False,e7c839ebe4ce912164b81801b63e675d,e69344bad1cf7e907f1b79ad4527d2bc,3388,2588,e1e490773462,0.9732
184a185e7447,0,321,1,False,e6320418dff8b8e83e1d0384c62476e9,78e54c3cb3701a62093762a308e1c731,819,614,4a05f81b3aba,0.9101
18621b9ca978,0,322,1,False,df3e282548b510892e5e9b9ccd2d7582,badbf09620645f38b3e6f66c648f86e6,819,614,8693ab1fd2be,0.9016
1864d3411143,0,323,1,False,3c145c86162e876ebb9768b7e494bb80,0142d91b77737f65e226970cadf6552e,2048,1536,3f82631e9080,0.976
186c1835eec5,0,324,1,False,884c41428c3dc3978cef6bed13c04495,7f84f906b678d3ad0df5a9eb138ba0dc,1050,1050,e9ce5bf645ab,0.9907
187f6ccda87a,4,325,1,False,118c213082fb21d214e842de822b94dd,9f0a1e902f493dd50f264e01bf69be16,4288,2848,c102db7634d8,0.9435
188219f2d9c6,0,326,1,False,74dcac72a0e4f0b3b8c7e4a9163a7b98,a86780fa28aca46bb40364a54b3e44fa,2048,1536,bb85097857fa,0.9825
188a9323be03,2,327,1,False,d39190a00b822a38218306721b1fa383,f43a09b982fa1510a9b099ed7eaef2a5,640,480,aef9016557ca,0.7582
1891698febce,0,328,1,False,58245fbce8b3558740ee677cb177b70d,3d33b8e806a156a74154873912cba1b5,2588,1958,fa0c87bd75ce,0.8354
189cbbc9e5e3,0,329,1,False,e4f2552c231b76918b82c73cc08da9fb,c12d8467e8b8367ef1d593f9354d8688,2048,1536,3ac92ac3d65a,0.9855
18af532e7e1e,2,330,1,False,64046bea067a6aa7e2f7e80bdb873a87,4269d3ca489208c234039d53290a6f9c,2588,1958,95a4cc805c7b,0.8944
18b06f56ab27,1,331,1,False,4c30a212ad0b9c16ae9993c0176c0fcb,a671266146cdaf570ab8103f949132c2,3388,2588,99ecdb41d5e7,0.9655
18b7e34eab8f,0,332,1,False,27c7bec5165c5d241e2e70d04d43d3eb,cb7e478fcc075454fc99b1d9a0cc49da,1050,1050,f4df3d86688d,0.9931
18b99159a14f,0,333,1,False,834f80afa1f732cc721f894387483482,3bd5f1e7e321f80560292853b2e80f1b,1050,1050,98e44127872f,0.9943
18cde9649e90,0,334,1,False,0f66c17c1da1dced6ffbe14eb3810222,d6e6976c73e6b1e8fa4f816e09a0f618,2048,1536,263d8851e33b,0.9783
18ce0cdc473d,0,335,1,False,fe6d5dbcfa0569dce525f77e23a388a6,bdf228ae3e0244c0343aa8e489bd0e7a,2588,1958,8be6629a6039,0.9184
18d8fdb140b7,2,336,1,False,8828a001cacf5f13da1b7bfa85dfad5f,58cfc49b4abe6ca2115dd2123fadd15c,3216,2136,224bb938e2dd,0.9836
18f1f979d30d,2,337,1,False,b0143c545a16086512e01cc2210c5378,035408087a0f05eae3f0c6df8f8daf74,2588,1958,15528e740543,0.8962
190a309f2cc5,0,338,1,False,255d10e435c3023ba54be23e5bd106fc,b77e9f55b3139e3fd125ca24b87653bc,819,614,df0886f1e76b,0.9568
19113e5f45ec,2,339,1,False,f26df58193302a39d99aa198f28eb290,250905589d3b502bff720b9018ab76f9,3216,2136,d9ba044671e1,0.98
191348830ddf,2,340,1,False,2057b9c795a63baa072f321fac2df055,b910f03198aa3f0a0b3e52a8c6ec4ce2,2588,1958,2db0cd3e30da,0.9357
191a711852bd,3,341,1,False,8354e8ba7441469128d94ecd82fc2b1c,a73750614f250619b17d5ab17de442b2,2416,1736,89ee1fa16f90,0.9455
191cf5668f33,0,342,1,False,e0a01942fba4c3d77c22cf6ed9aa92ee,5e4e197b267c4c9a627698a75ba0c837,1050,1050,4e231670b48c,0.9881
19244004583f,3,343,1,False,8286aa6896e73266b86a73a8e155bc31,5350ca6c22891ab66f19f7f3f5ed5c27,2416,1736,172df1330a60,0.9494
1943983492e5,2,344,1,False,3eaa5dd31cd7c7247285bbd49d6f70d6,475b6206f6d89f853b3aa6aebc619c3c,3216,2136,001639a390f0,0.9841
194814669fee,1,345,1,False,23f171494d1cd973b4468184f32e0abc,3c7f5a6f9c96bd0a64498b7b4294c451,2416,1736,42b08dca9b2f,0.9204
19545647508e,0,346,1,False,54f229accb7584eb5cd91c8f64cc3f3a,82df78ed1495b5ea1f68d8d27b2d9238,1050,1050,1f31701dd61b,0.9925
1968183f0e61,2,347,1,False,1d13af94201105d20ca05829c6502297,e5f459feb5c0194eb75858a4fb1039fe,3216,2136,8421107255ae,0.9604
196e6a186452,2,348,1,False,397ad783ac1952fd8941ae2878e11ec5,298d310f7412150734abd840a277e35c,2416,1736,86d6808f0609,0.8931
19722bff5a09,1,349,2,False,f531664675320df675bab2274044de4f,1648c1c627c7cc81768f7ee3fdd36bce,2416,1736,19e350c7c83c,1.0
197af0de76e2,0,350,1,False,83fe2a53ca7742437b028f067993266b,9389692745f600d954803cbdcb72dd93,1050,1050,c81c6911f5e0,0.9915
19b0e3c734f5,0,351,1,False,0ac1d38a19853ff1c03b4e60c0155ac2,641f5aac5e288711a554552abec3b2b7,1050,1050,bf811911acf9,0.9928
19e350c7c83c,1,349,2,False,f531664675320df675bab2274044de4f,1648c1c627c7cc81768f7ee3fdd36bce,2416,1736,19722bff5a09,1.0
19ef4d292196,4,353,1,False,3e3f07ac9cd240db5446744390823c6b,588f9853a71a9f9b206aaf801dbb8f2e,1844,1226,157d17349cc6,0.9638
1a03a7970337,1,354,1,False,8258c8620ef1e9cce6f38913e26b3885,e9210ccf605589022abd931359effdad,2416,1736,7a3ea1779b13,0.9645
1a0dbc6c0cda,0,355,1,False,b1deb994740ec18d7ce3e08129b6a22f,deb6e4f71b82e2e1add9aa1f3ad807fa,1050,1050,555d0bef3c5b,0.9942
1a19f2ef4472,0,356,1,False,4410a137b2c3ab1429e5cba5a868d339,0a5746e69c43dee8a62b0beb0b876bde,2588,1958,77baa08a1345,0.8414
1a1b4b2450ca,2,357,2,False,b0096445fdcb0bfe78b842bd1b013c1d,6869ea03c45ff8a32193bd4b66b88d4b,3216,2136,92b0d27fc0ec,1.0
1a1e974a7dbf,0,358,1,False,df7b039d8d7a7e74729a9282f736eda1,5b4b5ff8eb928843eb4ca092c1f2592e,1050,1050,9122b31414d3,0.9935
1a369baf9ee6,2,359,1,False,82ab9a080f7d57495dfb7fc218e6d028,818a2b0302a1ea3f3dfaf7de2d08d090,2588,1958,f4de9620e3f2,0.941
1a7e3356b39c,4,360,1,False,b8e2baab4f8ea6c32851da3dc39825c0,8d39352479f5b2fa681e9ea698ed3cfe,4288,2848,873fe0404d6e,0.8676
1a90fad9ffa2,4,361,1,False,be791ccc7daef6493db5d2a0794ee555,111971cfa746eeb04e64ecec7883656e,3388,2588,8f1e7433a95d,0.9737
1ab3f1c71a5f,3,362,1,False,b77bb3b055fbd4f600d33bcb1c2cc57a,0d24c93abd2d5c115fae5023c24fa5d1,3216,2136,abf0f56c6f12,0.9701
1ab8d3431ffc,0,363,1,False,9d634ae125ce8477f49252b3dc96ff3d,ed48b5bcdbcf79874c5de9dc685e5058,2588,1958,77f69c7ff324,0.8448
1ade1e949383,2,364,1,False,9338f905c6355a675f591ffa4419ef03,c7727893631b0f3669b5dca45e1449ac,3216,2136,f47a2a4a0411,0.9757
1ae3c58759fb,0,365,1,False,34c38a99e63a5b6a0028694cb3f2e4a7,c6d4a0a59b6aa8a62ff0648719915a7d,1050,1050,a07d9a5045cb,0.9917
1ae8c165fd53,2,366,2,False,28d0e4881c6126e523c4eb6652b4caf0,52cdc5dcc85d3323b2dfc1095dba834c,3216,2136,5a36cea278ae,1.0
1b329a127307,1,367,1,False,50495429c08976464150c5a7d46d839b,d10217184a6437d1b5cad295bb7a2d65,2588,1958,1e742358e0b9,0.9028
1b32e1d775ea,4,368,1,False,35d85367a6a9bd45a934deaec391be7b,2754cbe3d5d10d0b6a5b8e8ceca43585,1504,1000,2cceb07ff706,0.9575
1b3647865779,0,369,1,False,9d4d156a8b227ac0f46bdeac0ae4775d,924c825c1cf38b582a1abf8503aba84b,819,614,67d8f94f04e0,0.9747
1b398c0494d1,0,370,1,False,f0b7c4ed1312a25870d15bf40fc41167,c764456b806ef872a503c53b5c822b50,1050,1050,d6b109c82067,0.9905
1b4625877527,2,371,2,False,832da9ad4da3837e03629b8ab7ceffb7,a7eb57043ecfeb54cc4e0a6b88d51f05,1504,1000,86b3a7929bec,1.0
1b495ac025b7,3,372,1,False,b2f66cb515b251368cacde4f38620987,b245b0fc34a190effb0d8e4f1502bc0d,2416,1736,93be637084a2,0.9271
1b862fb6f65d,0,373,1,False,ffcc11b4a9f936317641dfe4702470b6,22f0d92a2d9ef903eddeb4164d767b27,1050,1050,7ccf9d25dc48,0.9888
1b8701231c8f,0,374,1,False,8b041467fb309dd4d9b7a3616302d1ce,5cb95d1d78f0f82053c75aad20a6f7e8,819,614,dea7538bb91a,0.9456
1b8ad0afe9fb,2,375,1,False,53131a5527e46969af47210780e6d690,401e38e45571fc2cfe0d1bf4f548f9e4,2588,1958,bfdee9be1f1d,0.9278
1bb0ddfe753a,1,376,1,False,7d807e13b41eea6616bafb8a99516ac0,ba5b5829cadd9574f444efd3df1031e2,2416,1736,12e3f5f2cb17,0.9692
1bea04b2bb2d,2,377,1,False,54a563f21a9e3e9d45c8b03187f0a343,572f37580b51272fa07a16d4d4300341,3216,2136,4da6e2089d57,0.9821
1bf30c84bbad,4,378,1,False,933003b24f7f376a7ebcc96d6c07a5bd,ba7bd4ff23ea091e4ad21e969189ddfd,4288,2848,6cd606dc52e9,0.9819
1c0cf251b426,1,379,1,False,bfe7f2f22313e460385c832c81fa1fb1,f5280155f4e5edcfce60019bb979e256,2416,1736,5a091e8cd95c,0.9726
1c0e5dd1b14c,2,380,1,False,85a75337c0f3309a02b7049db5d2b9a7,ea5cf433df042bb5d63d3a962ea26344,3216,2136,441117562359,0.9796
1c13a1483f4a,0,381,1,False,a948c718c213184a041da55566122e2c,c435767f01781d32e08dd8400cc83178,1050,1050,17f6c7072f61,0.994
1c3a6b4449e9,1,382,1,False,3e11cb49196c72c817a3272e37db0a35,a79fcbd3a3431e5fa88f63773dc144dd,2416,1736,6e73acb2cf60,0.9645
1c47815f4a6b,0,383,1,False,834548efc00f7fd0d10e8065271c77c8,5068665dca258208d3aff15a0b8ee027,1476,1117,46c1548d730e,0.9062
1c4d87baaffc,2,384,2,True,6b85fba99dee00867ca00d47f8676d5d,0428714d9b41c820c62bce54e8431b7c,2416,1736,35aa7f5c2ec0,1.0
1c4f3aa4df06,4,385,1,False,637474aee3c8813070d1673c9faaa8d5,2fd07a0bda7c6ff247291379ad5bf519,3216,2136,a8c54e2a4b79,0.9734
1c578b72d7b3,2,386,1,False,b1256002a7d8332213ebdca18025821c,258f138c5a4519f293806a08b3ae698e,3388,2588,94dcb491143f,0.9431
1c5ad36fb799,2,387,1,False,35a69bc3ec57ea45d91005394d38537b,f42005b9dcf490c07a7102d3ee314da4,3216,2136,3c726de3ee90,0.9735
1c5e6cdc7ee1,2,388,2,False,621ea25694ed9b66999b2a4ec91fe632,fa5df3c3acba18ba76977d6e4e0f57b5,2144,1424,3c53198519f7,1.0
1c6d119c3d70,2,389,2,False,20ace75a463236852918e4455195a6e0,2514381db0563a0a3aae0ac8866e0d05,1504,1000,a56230242a95,1.0
1c7a013eeba7,0,390,1,False,fb86598e1c106eb74b1b4b045b982f04,0f27a5d60c4a8d37bfcaf3013e4e48dc,1050,1050,763ad1236efe,0.995
1c9521878baf,3,391,1,False,00e22d686f37ce9527ab77dc9f42744c,09cb763887ca20d26cfbd656bd5ee6f7,3216,2136,9d9bfefa809c,0.9554
1c9c583c10bf,0,392,2,True,d81ce47a6d4b99561bdbd8ac3bd41728,b58fc5420b0e8d27409cd4acb87bb97e,2416,1736,ea15a290eb96,1.0
1ca35d483772,0,393,1,False,b14ad951d88a6b8976ba728ad26bb5ad,eae966b265f9ea6a1ecde584eb6ef15e,1050,1050,65f5d2a6eb7e,0.9944
1ca62b3e4fd3,0,394,1,False,9202512eea68a1cb238fcc7578a9039b,93a0675004a5afc43433839654d6db62,2588,1958,1414128bead0,0.8883
1ca91751be4d,0,395,1,False,b237c145c322410867f6a3679d2540d3,4bcefbc9e34f9f973a32191735def245,1050,1050,e4dcca36ceb4,0.9944
1caba2fb38f6,0,396,1,False,99c600e7d1a396b9ced9d02ab79ac9be,66a79c1528c13a66d9d045ab15866537,1050,1050,aa10a4b2e709,0.9839
1cb6961d141c,0,397,1,False,a0abc5dcc3da90c0638e2c143bfc0e4e,689a683a84d930ecb2dd89153309ad65,819,614,c5b58cc992af,0.9877
1cb814ed6332,2,398,2,False,700273276919a1b23331825d9b4e6108,9cf03ed4ee62385615946e9aac23dc89,1504,1000,a7b0d0c51731,1.0
1cc58b15f466,0,399,1,False,eda38c29edbf4df52407d81b2e23223c,7b9fa99e5727ac8e07c612b091b97e56,2588,1958,c7c3d363bc86,0.9136
1d0b93317aa8,0,400,1,False,6fe509318cc6985f6e0cd6364e923b7d,41168b94785f637d942186e0b0f2af0c,2048,1536,7569ac24762e,0.9675
1d11794057ff,1,401,1,False,d734237bacfdeb378528e061cc57702a,5c43745197c53059f8d2fb27a8e45829,819,614,cfd1bd0fcbb4,0.9525
1d14dd912671,2,402,1,False,3e2a9d32367f1b60027e5772a92930b4,ce26d5cc3f368a46666246f6a34ef89c,3216,2136,00a8624548a9,0.9808
1d2472849dce,0,403,1,False,26d915bfbccc15c5096ea2a97004a026,af0ec548150cd0a2b75e0869f05a2b23,1050,1050,0e94cd271c00,0.9753
1d29cb2f4296,0,404,1,False,3a8cac14432690b5928a8020aed3be55,1cbca0398b84bfbbdfb849db6018e207,2588,1958,73ef3c3dcbe4,0.8828
1d37f1c8b6d8,0,405,1,False,1ccbdc1f33b343932710cf27d45ef2c6,ad20697d4b26828b370335723cdcf54b,1050,1050,43bc7c066dfb,0.9936
1d3e9b939732,0,406,1,False,7b640b90914ec08a7794f7329c3e63c7,998c3ebea311ab88618c8593a85d73df,1050,1050,af7a36454670,0.9938
1d46f1326394,0,407,1,False,ebb8509f43d9572d11470f26d7f2edc1,44b577a6dc3043d640dca65cc0b0d63e,1050,1050,eed4afc8ec83,0.9886
1d55e689cf84,2,408,1,False,ba00b901b411db6f2b127c1c6d1a0be6,46fecdc3dd61763b441ac1fa0f0a3ceb,3388,2588,d9311f7497cb,0.9709
1d674e2e32e0,1,409,1,False,bdddc538541fa6ef218169e25049d2a4,3a939a439c8a12caf3bad087a01c4ac7,4288,2848,0ca0aee4d57e,0.9586
1d74c4713e21,0,410,1,False,a044e92dd9a8a36fe84f5c09c6cfec98,6030299ae418375a688fddca4db90650,2048,1536,1f5496352859,0.9568
1da25637859b,2,411,1,False,3ff2e44334f203b0de50402d334fd4ce,8dabf57e0d1723aeae604cd0367b51f5,3388,2588,10ecc5292ab1,0.9744
1da4a17c18c9,0,412,1,False,04d2c66ad2ad65fa41bc1a910650765b,bdfe3bf3970606cebcd08c9f7ad6539c,1050,1050,52ddde91a349,0.9939
1db0393cdbc1,0,413,1,False,d4dea5b63b1e9c95b8c4734db21c846c,2f059fbafce55497f97dd429667c02a4,819,614,1002b5151b8e,0.9786
1db18bdd43aa,2,414,1,False,95bf516438b6884efad44c7605286a4b,d2a1ca28dc86a8d753360476db25f4f2,2588,1958,6e0f78e188ff,0.9238
1db6bb46c102,0,415,1,False,e76198febef7bf1904da978b0844cdc9,540dd78cf1d39a5e442d9a06829b2595,1050,1050,501c319f7a9f,0.9921
1dbdc32c17db,2,416,1,False,b1836f8c1ad1a245ab3e66ffac5ffea4,3a6624481132a31a7a9b59e217461082,640,480,26453eb7e989,0.8361
1dd9adcbfff4,2,417,1,False,add5d286df39500b8b9b8efbc60801c7,edc9f83ac9769569bf09ff2d8031040d,3388,2588,290ecdba359f,0.9636
1df0431bfa73,0,418,1,False,ce6eb6b2baf14ba8aa0f61e02a40d157,72afca611634b3b2868717eabaff0885,2048,1536,810ed108f5b7,0.9842
1df0a4c23c95,0,419,1,False,40fde78cd6925cd8faaaadadbd9b0e83,8cd582af802fef3c9ce905992d5d6883,819,614,fce73678f650,0.9468
1df1530b9b8d,0,420,1,False,8527269d8764bf253849ab4cefc95095,034e8d830f803ccb0284c87c4438574d,1050,1050,545df1bbcd61,0.9912
1df3e03a8f5f,1,421,1,False,05d68c63d8ad6a324d1a8e5a0b903e06,5aac71a23ee92409aaab2194ada5a390,2416,1736,66cd9c28e636,0.9802
1dfbede13143,2,422,2,False,05f30df45f7e07befe26b995f39cad64,f05f7cac4e823c089258cf796a90fe88,2144,1424,38fe9f854046,1.0
1dfe599d12a9,0,423,1,False,9c07b23fb782a3f20e0cbf1b17ac7b28,2b5020a1b5daf5fe316873175b19f717,819,614,da2bdf4236ac,0.9586
1e036f2e7095,0,424,1,False,04b1484336500ead4cdcc6e071d25423,e46d8ee40951767ba4562af582019852,2588,1958,f72ef9ceeaa8,0.8355
1e143fa3de57,2,270,2,False,c76f749a820f01b47be98198f039ae19,95f2af789e1c55893cd27b7668ee4466,1504,1000,144b01e7b993,1.0
1e1fb019710d,2,426,1,False,c2b7d84695902222630c6dabadd252d0,61bc695cad351933dec4374f59a35cdd,2416,1736,66cd9c28e636,0.9572
1e4650743fa2,2,427,1,False,70c98754dadd777204438e1e726a970c,4dd8d0abab6e73d1e3dc2ca98efd794a,3216,2136,52886bed8a07,0.966
1e4b3b823b95,2,428,1,False,40394bfc146526b0291112221cb68cdd,e120d85da7699e2c3c346fd7c21e5b38,2588,1958,b11dcdcbc8c8,0.8817
1e742358e0b9,0,429,1,False,07c591f22bcd8c535b9164676719fd3b,077802e6d060e13ceed326b480245aef,1476,1117,07929d32b5b3,0.9299
1e7ccd4a1c87,0,430,1,False,0336126c2eb87efdbe0ad95631a39a51,88872a4a9c326fb2471a2b0b0c5990f7,2588,1958,02dda30d3acf,0.9369
1e8a1fdee5b9,1,431,3,False,fcfda099faac74a2ee724032d1566d7f,765631695bc91d2bc86712a3a65a6ace,2416,1736,a47432cd41e7,1.0
1e8c31e29dd3,0,432,1,False,9a723471cae5e777920bb7fe2d9808b6,3068bc4ac06f250529eae8323132120e,1050,1050,e135d7ba9a0e,0.9917
1e9224ccca95,4,433,2,False,23d0e6d9ea565768b4b1a55ed17392da,fa94ed872dcf6d86d3d85ef75160c462,3216,2136,f6f3ea0d2693,1.0
1ec95179cdfe,0,434,1,False,1542c775323fed2c9f1d1535dce8002f,1399c9ea84aa8ba733b12581309fe5f1,819,614,0cecc2864b7f,0.901
1ee1eb7943db,2,435,2,False,ec7b3c14d910adb43373f6df0b155517,e3cbd6dad4d9805ca8496964e9e904eb,3216,2136,c2d2b4f536da,1.0
1ee355480567,0,436,1,False,2dcb2312d01c527777d50717bac9b285,b645f4728fe129bc817f8a478c127990,2048,1536,94145d1f42cf,0.9746
1eee55494271,0,437,1,False,1509436658a7fb57205117f4d670ba26,1d8964e51f7130aad4b2d6753f2a7592,2048,1536,0151781fe50b,0.9822
1efa5d443707,4,438,1,False,088a516edfd44ef0cac1fb699b39d9ba,a8441ac0cd960825aae17b9dc3817fd9,1844,1226,ae1344610ebe,0.9692
1f07dae3cadb,2,16,2,False,028d27ff645aaeb21688586fbb0e9299,6dc4c387eb2141629e171ead7d455623,3216,2136,012a242ac6ff,1.0
1f0e223b8055,2,440,1,False,7856761e9da49dad3d51087899edb89a,de3e9f66b51c1ef48ae4d9b77d72cddd,3388,2588,c0202976c670,0.9679
1f15ca672675,0,441,1,False,48df4f411b2badd2be5dc9725a79baf5,0f0d6f58d48d1f0daee1c9a7b033a23c,2048,1536,895fe2bfc5b6,0.9487
1f31701dd61b,0,442,1,False,2edd731fe7848d5149665589a011b335,e90f6ec4455de53df623ddc0866a94e7,1050,1050,86410aa13b3e,0.9968
1f3f32efaf20,0,443,1,False,7c50bc692dfcffba9383d0f15562a06c,7de438e69942aa20f2448e1eb8d277ca,1050,1050,4cae247d9909,0.9939
1f4bf8e28b41,2,444,1,False,720dcecd063f270dd42a1ff7104b2ad4,b181f685ef904060bbebbb0719322856,2416,1736,331b87d1b9d1,0.9732
1f4fb37e0854,0,445,1,False,d323da5c072e2d2c469a8aba516201e4,c32801d58a6aa1fce97c0b849c2ff3ab,819,614,7ef5ff774a48,0.9323
1f543a86c4d4,2,446,1,False,6d0cf5e83ba5c29bf29b49639fefb55b,2c5c0505d112d6db4ddeaeb0301551ce,3216,2136,453d553b0a94,0.9587
1f5496352859,0,447,1,False,0c1592ae8c032be1de43a1e8ed09de28,423c695ee5b85da95236736dc2f93277,2048,1536,7c3747c0b2c3,0.9725
1f63d44d9e3c,2,448,1,False,155dd4efbce70d7057f72a22f2e9dfa7,8a8749549dcb01b65137f451d76ddc89,1050,1050,84b4da14bc23,0.9919
1f9ccda4ddf2,0,449,1,False,546387458991bb288f36b46d2f6c77d7,cd9470e1c38da90b4f59c521f84dc311,819,614,65a7fe9482fe,0.9776
1faf8664816c,0,450,1,False,64bff7c965aed4e52bba7cf557bc2bd7,1fd3bb3b497b86ccc22648df58c311af,1050,1050,86410aa13b3e,0.9958
1fb455685328,0,451,1,False,2fa531d3a322d55dac80e3220fd92374,615e3c769991711bf51daf7b0ba79f14,1050,1050,6d6fcf49e515,0.9938
1fd5d860d4d7,4,452,1,False,e6a9a5ab9a5a69bcd7064faa91b02962,4b4dbe4588e203d00ff38c3907133661,3388,2588,f576e45d1da2,0.9687
1fddd7c98fd2,0,453,1,False,a251cbdefada1adcb0bd42e6892a58ab,31d72a0be8b50e86608fdd2e01b0dc69,2588,1958,38f1901f214a,0.9248
1ffaa51a6245,2,454,1,False,0a7c37cc5a4bdd68c13ddfbbc83dd033,c089009d1e0cddf107bd9f077fc53dc9,640,480,a81b06f50612,0.7885
200d947f75db,1,455,1,False,fb57929dd1eda768ca3a6d4ef92597c3,495d10b2be42560d0625024957a0eb9c,2144,1424,82f2784ead76,0.9602
2017cd92c63d,4,456,1,False,4a4ed47da115e9db3477c00ff646ca81,be9263826443d4d17bc3a638c6f4bdd1,2416,1736,fb6b8200b7f8,0.9622
201f6e10c108,0,457,1,False,2507e9c63a01d2962c7795e812ddc221,7adbd9ddcf6c738c9c1a8f576dc848d9,1050,1050,75c180e04f65,0.9898
201f882365d3,0,458,1,False,de61a4d2be5f769df1917dbb98bf4ca5,8413ed70099f1b28f2f02bcbf06d6ed6,819,614,02358b47ea89,0.8519
203275daf46d,2,459,1,False,4a1eddb0465a8c4dedff2357e79e664b,e779338f8a3c6c6fe118a7fbc8678828,2416,1736,7347f5133a6a,0.9535
20404ec7b518,2,460,1,False,21393f2f2f897d5bc76708807a0409cc,9b801af076f529bbcd588ad315f1eb7a,2416,1736,6f4e0538d1e4,0.9022
20688cb25704,2,461,1,False,0009d9a8175ad63f6bb8e3ec01ad6c12,f104d8da353ab5cd5dcfa8994477259b,2416,1736,5a091e8cd95c,0.9668
207a580de0ea,2,462,1,False,4cf001305fac8ef196ef77086b565ea1,c659b7d2fc58fe4af867a836326a003e,3216,2136,50a2aef380c8,0.9868
207dd0487264,0,463,1,False,298df119091c10afe2025a68dc0ff19b,350676fe5155f2b089e7e14cbf913d15,1050,1050,2b4c7b5f1f1e,0.9821
20c883d3bd38,2,464,1,False,a472a1d2f308e8a8c99a38f876e2d6c2,a0d7cce2c16787c7ae2c0472401241e4,3388,2588,086d41d17da8,0.9319
20d5fdd450ae,4,465,1,False,769b4f5c13ba9e8bed28dc3bdd4b35dc,1097037a001924171205845920ff0750,3216,2136,c3e02d4a1798,0.955
20f86e068276,0,466,1,False,1490979ca4ee64f19512002fa49cdfa7,749587ba8b9933be7c6a0f1b7c95db06,2588,1958,1120f6d08d95,0.8801
21037f5c7790,0,467,1,False,76bc6ac3994c2f0c8f2ea8114e1d9384,ca338180cd042b1786ee3f9332351169,1050,1050,7af4d8704032,0.9948
210bfe0127c6,0,468,1,False,0befb23c9e36486b85a414adf5f5a497,5e8647e6eed6c2dcb8b05c41b37caf05,2588,1958,e68bdd36e589,0.9195
211518c46162,4,469,1,False,579f76ee256eedaca62d48ecd2a29683,8ecdc202f9d168d86e19b643f5be13bf,3388,2588,96a9706b8534,0.9694
2131aa3a1e6f,2,470,1,False,57d9460d829b8dbc5e85d4746c54db4a,46039805b508aaa5c604c1a161181d30,1844,1226,10fca1abf338,0.9629
215d2b7c3fde,0,471,1,False,8653c372ee6c773469060820b86af365,65a79ee3e07ed24e478544c35ea783a8,819,614,ab7991df166b,0.9503
217dad18a5ed,2,472,1,False,19bc777afead6f9c1d99a558d41277ef,45b1f3a49adc6cfc01eb0d6089c38608,3388,2588,6987804eb464,0.9149
218c822a3dd9,0,473,1,False,9238dda7aaa270fdcb6aa1d12535c7a8,dc8da35b845d422c450b98544c12a7f7,2588,1958,d473f6fafba0,0.9355
21abd36095a1,4,474,1,False,2f5e2778ccc4eee036f8ad7900150ba2,8364e8fe5c30df6fa2ff06eb3ee3bac0,3216,2136,921433215353,0.9623
21d18b022429,4,475,1,False,022663c4470c1970841f8481629d2661,75f3a486c1dac738a6c0c2d73ea63f0e,2588,1958,308f7fce6f0d,0.9204
22098b1fe461,1,476,1,False,65f2379f85847d88aa9f17ff9d8859f1,03fb18a8b0f1d023cae4ba1f9defd1d6,2896,1944,e4f12411fd85,0.9599
2209daf71aab,0,477,1,False,7d6a273175dc257370137463389abaa7,626118e51a84481ce0bbe8f338ff5160,2588,1958,3732de8b416f,0.9354
2221cf5c7935,0,478,1,False,a00fcbafc93918501b1ca13879819877,a11ac25941c470669a701e55906cd87d,2588,1958,165634a6167e,0.9125
222d0ac042b4,2,479,1,False,f471960a601716840c01052aec504624,18c9c0f104cb572c8e19022f772e4775,2588,1958,6b7cf869622a,0.9303
222f3ee3a1e8,4,480,1,False,c4048174526538cd71e3e0521df08610,a0bafe65409c80a87aadd18248e11b73,2416,1736,1269ab57c2e6,0.9769
22325552a4e3,1,481,1,False,428aaf21b517a56824962a6254c06fc2,29cede85424c61c566ffbd3d60d142c8,2416,1736,9a3109657ac1,0.9728
2241b7e90782,2,482,1,False,cb4c8df4646b901cb6a30b4140c0d2b3,8fcc0638e2f6f1f75fb336e91e95d8a0,640,480,06024377d573,0.7696
22449af52060,0,483,1,False,99672624e709d264f5a7b0702e30b135,af48641b5e12300ab368e6b206b944a7,1050,1050,f3bb996b45ce,0.9754
224bb938e2dd,2,484,1,False,0f787ab4a9483cd7a9f00f419eb4d40b,27e6dadc3893f38e35891046f2236e94,3216,2136,18d8fdb140b7,0.9836
224c14366e11,0,485,1,False,3e8319859cb516badbff99b003636318,f8b20ae14374441d2d370fc732671802,1050,1050,18b7e34eab8f,0.9912
226c6ceb9185,0,486,1,False,584c04096d6b298d52f8e59cc04432b2,493b8410e708fa5da34059d1f71c49db,2048,1536,0eced86c9db8,0.9743
22895c89792f,4,487,2,False,0a20d5b84db6d380d9ce66be03b3369c,9975927e922f84d4275971d41e6236ba,1504,1000,bd5013540a13,1.0
22a6da005395,1,488,1,False,95e101a51993c31dc4edb5148105485e,12b7eebf0e342cde5850c6c3fb0e2a0d,2416,1736,8d3d67661620,0.9582
22ce8ef69357,2,489,1,False,28a9fa02f1b3bfa122c0d4890b179e10,1ef651d067f447d5c40db931b2b2ce10,2588,1958,61da799bf0aa,0.9363
22d843b2bbd1,0,490,1,False,67e80e28880f0fa8502eb51930e0510b,ee99c7e6a239bd6d401f89f3e3d2ffb2,2048,1536,d26bb2ed6e71,0.972
23148a40ecb0,2,491,1,False,ca9e726bfe970c8bae0ff16f15c7cdd0,2c7709179e10bf4c49340c6e1775e25d,2416,1736,85cc6d636898,0.9772
23175b7ef453,2,492,1,False,b9b1ef9b1473153d72538e9a8989623c,e169f13f9127c09a74663536142efabe,3216,2136,a93f1ea3ff4a,0.9805
232549883508,2,493,1,False,1b9675c1d94962f5a255e8afade20d31,420d27c24b5047f2a80380a262ee49f5,2416,1736,a2ddabee14e9,0.9665
233d948e2544,0,494,1,False,76c08d962f2886d8efb6b69d63662796,3a7cfd2d1e9d4c92e93c95df659188c6,2588,1958,63c7b0265775,0.8938
234399352d36,2,495,1,False,f7778882506754e08de6907452479dc4,c3f89176237920f9a72f5714479a4297,1844,1226,a28bfb772f50,0.9579
236f56771ec6,2,496,1,False,3dbadc5efc209584ccc8b4f636999e53,bb5d1e10ed60a9d0a4a9bce67bf80d33,2416,1736,c280730cc211,0.9117
2376e5415458,2,497,1,False,9318f33824c784d6c9de5f4eab549232,15f4c065733f5a03af066abc3add5ec1,2588,1958,c597ef460944,0.9284
237aa50edc34,0,498,1,False,cd7fd832a690f22143f56303b09f79a5,81ba60c0e637a49f172541d25dea1173,2588,1958,0318598cfd16,0.8864
237c078d00fc,3,499,1,False,fad69ad2b88c90643f930ed47c1e9a35,47555c5b4db5104a3d01918d9e917c96,2588,1958,d3be5346684b,0.9196
2399d68d407f,0,500,1,False,6368962f54add79be47cad86a137cac2,5df0a643789645ff542647e99ed64658,2048,1536,d26bb2ed6e71,0.9826
239f2c348ea4,2,501,1,False,acebe4b4742fa9229e799570e1c5d836,3ffaa96288890c354b654ea79c2b18c1,2588,1958,8e3b79e1f1f7,0.8904
23d7ca170bdb,2,502,2,False,de4d6b745deb0c337b7c3bca50d9b0a3,29b1a63612c40a745d5bf83e53839489,2144,1424,ea9e0fb6fb0b,1.0
23fca0693e2a,2,503,1,False,2d43d21bbf8ed9877eaff64a29701922,e4bb5127322aa08e055daf3aaeb7d876,2416,1736,1c0cf251b426,0.9597
2408799a09b2,0,504,1,False,a91ecbfb3d3a4e72538ea41ae1ed430d,63a8cb923f2ea1bacb4d99ea6e321e64,1050,1050,4bd5d0b30198,0.9851
240b25a7debe,0,505,1,False,6adfd494c5a384e85beed48ca8228805,0d06d1ff763139c88c69bac973780972,819,614,b9fe7da14a32,0.8781
242fc19be06f,0,506,1,False,dbca791b94dea54e733b42c12f9e3ccd,2163db708f9aa4cc003d9f883209ccb1,1050,1050,705f508d1e42,0.9872
2463bb04ebc3,2,507,1,False,a560229fa97fab9a1362e222d450e1d5,907c2db00cb7cba4f4a1ad07143cc37e,3216,2136,d364423ec6f9,0.9779
246e4506824a,2,508,1,False,a79f74928b096a631591e1b1833abf6b,3067f2d72bf44b0b03840766b7e02b1e,3216,2136,7270367410a1,0.9486
247ac63e5510,4,509,1,False,b23f86aa0213ff7435445b63e21b0f74,e83208f48cd532f1fa8b11868a3dbbf1,3216,2136,a804cef3e51f,0.9806
247e98aba610,4,510,1,False,546841f624c6a2994bca4d06660aa76d,d6c00dddd55d0d58a5a9209ff39faeac,2416,1736,5671eb95512b,0.9504
248139c423c4,1,511,1,False,fb9140f0f3c7b63e53920fdf8d2c7ffc,a9e8e7e40b7213fa2a9fb892500f8c50,2588,1958,18d8fdb140b7,0.939
248dec89b3a2,0,512,1,False,5bdff5acf10f644ea79cca3df32288d2,b53a162af1c1aef9679e7b867be3ca84,819,614,26d9576e8043,0.9703
24b87f744598,3,513,1,False,d64189f9a0d311131b9fb1d78e8f7f00,3a6357b68b0f043cf5aa09e1fed9da3b,3216,2136,4462fba1d2a1,0.9624
24b943fe725e,1,514,1,False,6a7110d0b58d78e42880e0032d0e3fe1,268da20491bbd3d16d74b07348ffafe9,1844,1226,3d663a6a50a3,0.9629
24de56d433cd,0,515,1,False,7b3094070837f73287e728eaf26ad5ae,896f89d915fe0b9a0b68fb9324b32d21,1050,1050,cb2201c226d6,0.9873
24f271c87e73,0,516,1,False,74b2e7adf35470ae9001ae834ffb43db,041f8068640c38d2a34d2ea32f2e1b3f,2588,1958,1414128bead0,0.8966
24f3e70f0419,0,517,1,False,1d53a5ca085799cc18b460d07ddbe79c,26ea8c76dc6a3ad58ccd074a60ebd55f,2588,1958,fa9bece586fc,0.898
25002fe43f92,2,518,1,False,a1bb7ffd52f00145c442242ea590ed1e,60fc41923afc575797558dc55880fcbc,2588,1958,b89938407ee6,0.9462
252305189b3a,0,519,1,False,1a52462ea6ebc938706d1e66f5a95e18,32c8743ff3c2c9f982695786249d47c1,1050,1050,4e1e252317b5,0.9738
2532613a584a,2,520,1,False,eca01e14bd0008a4e8063fcf3acb507a,09f7bf7372c3519a4ff5388577de53a7,3388,2588,6ba5ed791444,0.9682
253e96488cfb,0,521,1,False,e7ed2f3aee79a4ebaab6b47d1a916e58,cadf6bd551bde548436dbfdf918b7b5e,2416,1736,5777ef74c9ec,0.9262
254052cf3e48,4,522,1,False,727ab595ca022c2c9797e0f2baf6383e,795be07e244e735d531f87d61557aece,3216,2136,7f60f2a083d3,0.951
2585bbc91909,0,523,1,False,05c232f4b5480fc676d2364bc7a52f56,7f8c8278f1122546f206e8c7d301653b,2048,1536,2d3f4094c08a,0.9783
259d30f693b6,1,524,1,False,990edeaa887b1cce2d828c53c2bf8d75,44e6662591182f1aa83b5bf42d84758d,1050,1050,b200c23b299b,0.9892
25a0a1e41afd,0,525,1,False,496e7bea8eb19fcab4ee13ab90639da9,b8349ade21cf1af3e3ffec429f36c6de,1050,1050,15f8d769935c,0.9852
25b0e72705a8,3,526,1,False,78225ac5b87800215a65301e8d6008fc,fae4df29e33e7856736f3b744cd1f4e8,2416,1736,cf0575534cec,0.9163
25b4080f598b,0,527,1,False,1f778c5fba84b33a74830caed627c73f,eab3201a27c856fb9563dc910f266b3b,2048,1536,60edda7b4871,0.9723
25d069089c5e,4,528,1,False,2d9b060e6d74371fad765e91b36839c6,6356b2e256a1d06eb1137ebaef067181,2416,1736,e2856afe62c5,0.9031
25dc1b41ed9c,2,529,1,False,3a9251e751a66a17403c563f38635ab9,994fd22d238f3c68e93100cc118a5005,2588,1958,74898f372d2b,0.9138
25e9fd872182,1,530,1,False,a82b1e8f1317a977dbce9e4ea9cd99bb,922f82f2a73265c3f75f27abb2baaaa1,2416,1736,7ea756985353,0.9447
2608e1dac5b1,2,531,1,False,f7f85c85b989be1546308bc40e20346e,72b612f6b11dab7c7f9f4e73451ac95a,2416,1736,141735b57ec0,0.9626
260a455692b5,0,532,1,False,18adb0e6e292d13a8180d3ee86a13a74,0190d816e3cdb2b6d53a1830f5567b14,2048,1536,a06e5ac695ce,0.9698
261c6bd63bff,2,533,1,False,49f8fcff635f12cf1a08e75e999377ff,7f975a53048f1157b42a5201b8a7d7f5,3388,2588,f576e45d1da2,0.9594
2628305cbb29,4,534,1,False,092ebff0c1fbe741bd1e89660b91e36a,e30dbadc78c2c6fab5db7b7faec6da9e,2416,1736,17eff993386f,0.9843
262ad704319c,4,535,1,False,437d7e6776af3b9eca0afcf0d4a48722,d87c6578ce265a38cc460135b01069a4,640,480,e85d410d6836,0.814
263d8851e33b,0,536,1,False,c09040b87250df657cec3db8a47a2735,936c72288b884b861ae7daa1b0bae873,2048,1536,18cde9649e90,0.9783
26453eb7e989,2,537,1,False,784f2f50b8d0776471101db40aeb303d,65f85a4afaccd4ce126291abe6876390,640,480,1dbdc32c17db,0.8361
26463a5fb949,4,538,1,False,a640056b30f052efef221114d5917f7d,5d3ab84f4016dcf60aebda7dd89ed305,4288,2848,66bae1ba227f,0.9038
2665f72e2dd3,3,539,1,False,c20d68d97b068253cb4186c7c940f9e2,1e3e08681e9b10df5e9852e14f495488,2896,1944,fa59221cf464,0.9447
266fbefa58fb,0,540,1,False,6a5f0569b86221acc51abd889472d376,867a91c9249c9942e3f52c9ddaef4e46,1050,1050,883c6a184f16,0.9921
2682e6da9050,0,541,1,False,ccd84fd9c410c7e149011ac0f133f844,1adb99eb601cb5042b5d5802c48a9a2d,2588,1958,cd48cfab4e44,0.9184
26999ebc21de,2,542,1,False,255418738851cd0cb42b00367203e6a2,bf52c5d309f69eb93fdebaec8bf2af28,2416,1736,e1900014dabf,0.9284
269b44e628eb,3,543,1,False,2d1a6303736a144e4a309e21d6faffaa,7918105c1d9f96501ba885b0ba93b47e,2588,1958,2d07162a13b1,0.9094
269f0792f11f,2,544,1,False,fdca3d4554d18b07697d49bf56b3c4cc,721210592a04f816997ff0d62499ac43,2588,1958,19ef4d292196,0.8803
26cd40b57ad1,0,545,1,False,ea350eaedbe16839b4f3cbf03b5691f1,9e2e052f8880fcc2193278157d15f4da,1050,1050,8d9516ea3587,0.9915
26d60db3bbfd,0,546,1,False,23e3666dd2bfe8acd5b0bcb6c0d0e922,fa82973556ee0fdcd97669c639fc05a3,819,614,fb767cea406c,0.9392
26d9576e8043,0,547,1,False,7d7089657d28ba08862c4c1099c8c1be,c049f6178c40d46cebb49d959b43a29a,819,614,a0e635689259,0.9881
26e231747848,2,548,2,False,a91ddc619ae3b19f7343b87fb1a5fc41,702e6678a6b9a23f973249cfb24eb5e7,1504,1000,36ec36c301c1,1.0
26fc2358a38d,0,549,1,False,8556620240d035876504ecdb3bafa856,8e7c6615dfdfe17af43907628ef7d65f,1050,1050,59bd19c1c5bb,0.9892
2700754f71e9,2,550,1,False,02dbb5d60be77832fa7b0242c59abc27,651e7a9bb5f8ce4d2d4323a3e9481649,819,614,6e3526053de0,0.9131
272d9c043c81,2,551,1,False,ecc40f3f117f069e5f98cfdb6ff545f9,b3774cb1d623f81d6442f94daf7f0bb9,3388,2588,8ff2733f6aef,0.9625
2735be026d44,2,552,1,False,43f8136048bf38612c64e3c1525415e4,7bc736ab59f249e76deddb5ac62f64e9,3388,2588,384631079d1e,0.9542
274f4de2a59d,0,553,1,False,0e98100b50f7d1f08f914cb94ffaee0e,fbc08c88f4425d463823d98ef3bb13bf,1050,1050,5889a0c75cac,0.987
274f5029189b,1,554,1,False,e8f17c0f6ccd3fbaa7373dc6c1f71f71,41e2acd2038d537c4d82bc0d3b6871e6,2416,1736,17eff993386f,0.933
276b14f72328,0,555,1,False,a7e92ccb212a1c5efc1d3976f80fe9fc,ffe21c5157d21e5e097396ed9da92e3c,2588,1958,b0acd3593310,0.9446
2776d70724d3,2,556,1,False,29ee312d6ea8c6a636bb89fc3d7dcdd4,234b23eda643184b49e62a34f1ba6da2,3216,2136,5a5d3798c357,0.9845
278aa860dffd,1,557,2,True,b985387a6d90af5b7ffd767a769e15ae,cf6dcd0320178ba248c359ca29c227fc,2416,1736,f066db7a2efe,1.0
27933cdbe0cc,0,558,1,False,2190ae0f233ca8fb99aced3d6a5e08e1,ecd9fcbd74957bde48b2c4c3d8905c10,1050,1050,84b4da14bc23,0.9943
27b68863349f,2,559,1,False,852dd0ffea3e8e6a47057a92c4c0016d,9318443021cabe157a4cf5ce63605a75,2416,1736,87774aafe068,0.9614
27bab1432f61,2,560,1,False,d0c0342b98bbd6ed4f6f6f4153a88677,1568c5eda46d3186128c49644ec930cc,2416,1736,53704c80f0d8,0.9569
27e2be850a99,4,561,1,False,977a15cedda284b2f31fe118c438bd9b,e002deae76f338e8603b2f5085c0e9a3,2416,1736,46923eea9a4e,0.9743
27e4c800a449,1,562,1,False,0e2894e265486fe7b3150f73a83de1da,902ea5e90a8b7e15a759ab9518ae81d8,2416,1736,c7b622ec8104,0.9674
27f82ada84ac,0,563,1,False,342a80bfcd5c12a29ca96deefd0ca5b1,1cdac14168b1fb477a25461934d9b331,819,614,a02dfd67a925,0.917
27fca9f12b3c,2,564,1,False,49d1cb472015d37abb4a71989b3232a1,c7ceff3ea2b60179795558da32418ec7,2416,1736,5712e2aa73a2,0.9643
281d7b7c7676,4,565,1,False,92555da608e7669071f83358771e52e3,efd807d4c99e2b5918082c3f7cea1494,3388,2588,fcc55ae641ae,0.9469
2821998fc002,0,566,1,False,7ecab7e7c187292312a2ce477457966f,5848cf653b9595893fa2935b3a168813,1050,1050,2cacdb0dffae,0.9835
282bc792d23a,2,567,1,False,358ab42d1aa936a656a20d954c198e4f,4a1bd7cb540385586160cb2c2347f6e0,3216,2136,664b1f9a2087,0.9605
283c3aeba594,0,568,1,False,4b956691f70d745da5fbfcfb11636f74,0abbb919780777ec557e543b24cc9fce,2048,1536,07a0be6b347f,0.9729
28503940d10b,0,569,1,False,995e6bf652d70d7f1df3afdfa5f105f3,92bccbb1b03ce3d1ea676db461dbce6b,1050,1050,af345c68e836,0.9908
286e9981dd9b,0,570,1,False,379572bdb6d08c2c273127b3a5239192,8a84f47cac7a8fe5b84664460814a6ba,2588,1958,8191ae701985,0.9029
28751f290ba3,0,571,1,False,059d6b22c989e296ec864bf26394ca5a,990543725e6193c412ebfc4df0c3e9d9,1050,1050,384db24ebbd7,0.9842
28824d12d31d,2,572,1,False,432d822b738637755287739b3a069267,25341bb362185a97496c7603d6a485ef,4288,2848,594f69b503ad,0.9629
289a47dcbb82,0,573,1,False,5b468f857f32a9929c5a1390d3c04f8d,c66d1b1d922fb180ca30e8d4c253df79,2048,1536,fe0e2dee1834,0.9877
28a4d00927b7,2,574,1,False,0feec93972dca8afee4bc800be385349,9397551e83987479e8c27986278727e8,2588,1958,3f49f8d100e9,0.9239
28dc010a0780,0,575,1,False,c71c48362a21e8a055b5ee5096106c58,85935b492e9ec641fac300a57ebbcc21,1050,1050,b10fca20c885,0.9896
28f73575e1f2,0,576,1,False,f098cbb45e3442036a76a2e446f2c7d0,fc3206ebf18d17db7b1bcc6e32156572,819,614,cf8f1bc7a215,0.969
28f93cad89c5,2,577,1,False,6495c364cec0fb6090289ff2814c8599,62bd873bd4a2ac7024ef3646a2edd6e4,3388,2588,fcc55ae641ae,0.9691
28f98cfe3858,1,578,1,False,c38f1c481786136ef1a35604d9ecf294,bf49a7f6dab7d2dcc1320679182dede5,3388,2588,6298468d7d75,0.9783
290ecdba359f,2,579,1,False,4a3c79a1870cb5570d1f9ae223b67e41,df4f36ceb36894aad245c5dd2156f0c8,3388,2588,c0202976c670,0.9641
29192375ab1b,0,580,1,False,4195e776b7b2fa0a63845b682228c18d,aeaf3f3646dba7e1294ee2a0fc96af32,1050,1050,2a4520f1f9a3,0.9833
291e2ff3d834,2,581,1,False,6a359d6b4b1f2593ed3cea8d2cc07b51,481198d7114cab0f4879b37be01bbb9c,2416,1736,70ed3ec68b94,0.9483
291f581d365e,0,582,1,False,34b4cd7d072142057d82ed17f13b284b,8aaf29aa1d1562ad6a1006bc15de2ff6,2416,1736,7a238a1d3cf3,0.9678
2923971566fe,0,583,2,False,cac2bb4f4311440d35942098b685cfdd,6a1ef15df48f2bdc15b292fa0fc3bbfa,2416,1736,badb5ff8d3c7,1.0
2927665214e1,0,584,1,False,cc080b71ec839d3ea48a178487f0bb15,dc39f67ccd704a1894f95bef7bee08ba,1050,1050,10f6ef37fe43,0.989
29580bed2f7d,2,585,1,False,1d19095d9e02e866d73477a24d8edadc,ccd8bf9f490c5a41ac59ba26ed3e1dcb,2416,1736,58ccba7eec9c,0.9628
295fdc964f6e,2,586,1,False,214cf455d7d232da8fe8904f16011346,5cb53bdc82637e8a7446cd01b0d32497,2416,1736,4f5dd7660b17,0.9698
2967e578939f,2,587,1,False,df3321e8b3616a50a3ab9d75ad0b6800,34826bbb0eafc59085f5604f083a0dad,2588,1958,c7c3d363bc86,0.898
2974c6ad1d58,0,588,1,False,c5e0b97c657e2cdea31854313f6ba485,510d2769fa08a63e9150168d0d287d23,1050,1050,150fc7127582,0.9911
299086c6d1b5,3,589,1,False,3f87863e757d93e38b9533fc115c7a6c,d8c96be8948f910aa8b82f99588a3216,2588,1958,44976c3b11a6,0.8758
2994f17f58a5,1,590,1,False,a359fe3dca9701ea6a3adcfce47f6fe5,ef100a1150eb39d9df089dccc99e8ae3,2416,1736,fce93caa4758,0.9612
29a13e666266,0,591,1,False,5e56134198b42dd30f5576cd63acd913,2e8215772aa42644629dfdf5c81ea306,1050,1050,27933cdbe0cc,0.9913
29b52f64d2db,1,592,1,False,06cb578333e7617034033a262f5ea7f7,39c4f7353d206d17cee13f0389630e16,2896,1944,697538183db5,0.9514
29bc0e721cfe,4,593,1,False,bf5717ad7e2341223036ee239be48b67,f927899c4884d6d5d6bfe18163b23d7b,3388,2588,8ff2733f6aef,0.9479
29d059522fa1,0,594,1,False,c0eec2393d6097e2bc9e5fbc6b3c909a,a3df3309d3a73e6f0dbe43acc2016a08,1050,1050,ec01f0862669,0.9929
29f44aea93a4,2,595,1,False,822b08a2b9d4af53578c949165eb84b4,7ec1522258bcd78fbeac5ff7570ae255,3216,2136,a015ce4f51ad,0.9727
29f9e1ac9507,0,596,1,False,d69aaf33d80740d7fc3d74e2ba64bc0d,f4539c963478778bf0f8d252df41c2bd,819,614,5d6239c0fd39,0.9847
2a08ed6bbcbc,1,597,1,False,4a78c08403ded8df564552dd4fa05d10,6bf1ab02a2f618861722e4beef99e06f,2416,1736,80d24897669f,0.9793
2a099b247b10,2,598,1,False,ea7f4ba1d3bfa0182e92b03eb2c4a2db,bdf29736102af83c44f795147be6167b,1050,1050,369229040a34,0.9884
2a2274bcb00a,0,599,1,False,8cdf31eedc0eb5afcf1cb5f664edc56e,e08b9788e3e66fb43e5a5590220ff78b,2588,1958,5445255635f0,0.9099
2a2a6435f7f3,0,600,1,False,d4fb1ada74dddbf5a9630abf2796ca37,313373f319e0181bd6b7bba6e9139e6d,1050,1050,9fa02dfb5553,0.9881
2a3378bcfbcc,2,601,1,False,0e858fd23afcc15b931d4ae7ef5aaa18,54f90447ccac265f7d5531b047c32656,2416,1736,180afe1d5ef7,0.9507
2a3a1ed1c285,2,602,2,False,fc9975c1046cd6401c1900b351fc41ea,744684abd6118d0a876927c0ebdff9b9,3216,2136,2b21d293fdf2,1.0
2a4520f1f9a3,0,603,1,False,d10459f9c2584586ba31685add97f6b3,cc57473f45e09202c71b77d27dfc8bfe,1050,1050,941d874c8afb,0.9914
2a47e5b21791,2,604,1,False,006f25913d0b0095e7a6f887dcd4a8eb,531cec1e3a51da1f7fd36d64b82d63a3,2416,1736,419406328dcd,0.9415
2a5a8b744f08,2,605,1,False,57086d4dafa43c57d2af434988caa0ce,e16be31af93977f5b13abe8bdd04e625,2416,1736,677f087cd697,0.9704
2a7373eeb352,0,606,1,False,f29905b8daececd375967b8138db5f69,fa82b36611fe9bb371bf81354b951763,819,614,5056fa7d505f,0.9475
2a8a9e957a6c,1,607,1,False,3f225ed7b2d4f24e1ec84ebe50a3cda1,009723fecbaf27dbe661b96c2d390d2b,2416,1736,b9b99dad668d,0.9669
2a93334f663a,0,608,1,False,6a36a7906f93a112b8dae452512284e8,a9fabb7c5d5e43c61ef2c5b99cd87556,1050,1050,caec68f11c86,0.9921
2af1bf226f51,2,609,1,False,bf94cba0e358d60a4721b42b98b5822e,fcc44ae23c9edc1d2ef41beb669eaab9,2588,1958,aa60813e1a8d,0.9093
2b074afdf626,2,610,1,False,56bab85cd47f65c74206a368257b6a68,ec1bab11746407ef38a3c9d54b1181ed,2416,1736,bcdc8db5423b,0.9704
2b07790a2422,2,611,1,False,d8441319c05fbaca4d934c57d9bea04c,0f63d4648292dfe5d545d297cc6e361c,3388,2588,8dba09a4e5ed,0.9415
2b10f138e67d,0,612,1,False,633bcc705ee866294825266970cfc97e,0edfaa2bf2c66dae9a438edb1d01a63f,819,614,7d94a000c2d0,0.9189
2b21d293fdf2,2,602,2,False,fc9975c1046cd6401c1900b351fc41ea,744684abd6118d0a876927c0ebdff9b9,3216,2136,2a3a1ed1c285,1.0
2b2f5a0f880d,0,614,1,False,36a7a3cd469bb3f5ce73e90a1559eaf6,f08e02b2e225f5ddaa4345691ae07d86,2048,1536,6b30767595d8,0.9712
2b3a4a81d748,0,615,1,False,3e88967b9c5801b8b694033bfe43b70f,8cc1bc5ce854719e7d0087b1c833b774,1050,1050,3232b34cbe99,0.9929
2b48daf24be0,3,616,2,False,5e94c9769e009a46559da8e6dd4f4a7d,bcf591aecf6c10e0c41d459e8b7cbbae,2416,1736,9a94e0316ee3,1.0
2b4c7b5f1f1e,0,617,1,False,c74f49cbc57b1f2409cb905454239db6,dae15606d3292bfd1387ffc416629a52,1050,1050,821789e9053f,0.9938
2b5bb6d33959,0,618,1,False,e5cb205f096e1b478624b29068d47f1d,6c9bd4a79846d310d53cfbd4baf4ee26,2048,1536,a6b6d27c1b32,0.983
2b88cb6e31cd,2,619,1,False,2ebaecace6c2aef70ec92b8c6913ae73,1dbdbe0be4806ffea38ae2c215f04d12,3216,2136,ed88faaa325a,0.9871
2ba0b0d9bda2,2,620,1,False,139a8265682102abf4050cbeed33c156,a83803501d7cbbf4ce205ef5408a895d,2416,1736,8d3d67661620,0.9447
2bb063318cf1,3,621,1,False,3e91357a44ed128c01e5a77814c35bc8,6aed2c366201e7cb66cbd7977006d8f3,3216,2136,23d7ca170bdb,0.9681
2bb3c492d6d3,0,622,1,False,5afb05eeb06f31770db1f46dd31e0d87,8d5fefd7ed4b838c10e1459dde6942b5,2588,1958,49e4b95ee2dc,0.8621
2bbcfdc477db,4,623,1,False,2420209117c44633337c031666730d8c,13f754156ec7e11ed7189773479e38d2,1844,1226,8a25a080f28f,0.967
2bbd1f99ecc3,3,624,1,False,b39fe669a632b5ccf92a704658e20a2a,6e1f6f05972a9521e884cda26e8b1fb2,2896,1944,069f43616fab,0.9541
2bd4d4fbed5c,2,625,1,False,28f3bbe87f9f7eac35a97a8d2a92cf29,15d1c351840d0c7c10607122d358915b,3216,2136,19113e5f45ec,0.947
2c1d5be654dd,2,626,1,False,7adc82b3450acf16483956ab0e85cfd2,fa0b37cb4600a4050ea7f878adfbe32b,3388,2588,1a90fad9ffa2,0.9441
2c2aa057afc5,2,257,2,False,7c503683d5df9841616568d658e8036c,d28c9aa6148d2319f2214bd78ff7f835,1504,1000,135575dc57c9,1.0
2c77bf969079,0,628,1,False,f8d5a90f23a0e0c1b817d42b074ecfa2,11188b84f20ea0bff3b73d9f15706895,2588,1958,c8fc0df22999,0.7713
2c8101f14723,0,629,1,False,d137aa896c309e002ffd11df79289c0c,a3f7c6800b15a89420d1bb880ab88e39,2048,1536,4a4cb731f91a,0.9849
2c827005b8f8,0,630,1,False,577ad617169db3f3c278c750525a5360,1109322d5e52daf27d4cd3d7d144d343,1050,1050,3178559fbf57,0.9872
2c9dfc270f1b,0,631,1,False,e4d730437b1247016ec2359863db1c12,ba7062ec897223e784e85b65ed89d065,1050,1050,d0926ed2c8e5,0.9909
2cacdb0dffae,0,632,1,False,0822f88574f456a525c41f7b81bf9020,9d27549151fa7ce09c137067109f1fdf,1050,1050,a1eb88562239,0.9895
2cbfc6182ba2,2,633,1,False,e1a3cf7a2eeda17969c357d85f6acab1,14bdb20c55a0203e11a63738e7037017,3216,2136,60eeae3ba23d,0.9407
2cceb07ff706,2,634,2,False,9de693d1d4aa57e91748bc3aaf0a77d6,cc089333049ea3356dff9645bfc3ee9f,1504,1000,8a759f94613a,1.0
2cdcc910778d,0,635,1,False,28dd435820fc19b019dc49bc19192a29,8f6ccac4fd20a28b733433d97cfa9817,819,614,99240ee00485,0.9432
2cef97083e6f,2,636,1,False,ab193f429bb9ffba5184169765624265,be9ad2d74e637d6948c80359d75c18a3,3216,2136,8dfff47b06b7,0.9792
2cf18033da31,0,637,1,False,d83c99632952537f15899daee7ea5c74,c884f4c707a70de4c41c0474bfd31934,2048,1536,093cf723fede,0.9886
2cfe8703f265,0,638,1,False,e5fa5036651d921dfe36ad00828ef1ee,6850bbfd0b7073a0699b4e0ed51c1e54,2588,1958,e81f4a2fbbdc,0.934
2d04cead4d3a,0,639,1,False,68449277e329db90c1333139c3524e5f,854a2dbf560f730a11e4baa0a862c1c7,2048,1536,04aef84a2cc1,0.9799
2d07162a13b1,0,640,1,False,22f72a239e5a6a71cb6a49a2f7509a9d,cb2e5ecbc050e439d9765dbc992c82e8,2588,1958,9568eb7e9c08,0.9609
2d3f4094c08a,0,641,1,False,af7112bf024d4f328d29812a5cfffe5b,15ba27884c3b045683c97339ed6bd2c7,2048,1536,3ce2f8a77a32,0.9877
2d552318eb07,2,642,1,False,f1e46e611cd3157dee02b3673293a9e1,f7dfb13e8e0fd52a13882d53dad9569b,474,358,b0c9a492e068,0.9026
2d558de2cabe,0,643,1,False,593c2e0731e106bb187deee479017e7c,df15a624fb8f8f77d99a15f4b344e639,2048,1536,2ef10194e80d,0.9511
2d7666b8884f,1,644,1,False,aa606d55337be453d9a7946e908574b5,3e7b1cabc2ce1aad9ca851bdb7870ee7,1844,1226,bf1b7e21e774,0.9684
2d870833c0c9,2,645,1,False,bf87053831cd1d665541f5290d64f076,598f8a44d6627a2ab8e9be7fb0ad7bd1,3388,2588,46f56c38051f,0.9692
2d9d97a6e713,1,646,1,False,8600504ee05ee45043feebd95be0be10,4f3cd4a0dce7e5514e4b7a807ebe1f1c,2416,1736,30941b65348b,0.9753
2da82d14e1b7,0,647,1,False,2e99a5a36dd5df88e761c38c063aab90,85a4c89b51c17fa71cacb630e5b737c4,1050,1050,b2b79b37d314,0.9926
2db0cd3e30da,0,648,1,False,5e50e08dc7b74a8825ca67ffe5b673c0,fa6d1c51508235f00e3f418c121bae65,2588,1958,191348830ddf,0.9357
2dc647e00ad3,0,649,1,False,5d84e144629ff26c91c5da0d6cd77738,edd6e027f16f34c138698af4da8a5dd3,2588,1958,7f84284598f5,0.9045
2dd28ac497d2,0,650,1,False,1042a28f9a52cbd3e2fb2047b9b35be7,cbeeb00dea3b6be606557878a9d4f351,1050,1050,ab653b8554c0,0.991
2df07eb5779f,4,651,2,True,9cec7a539307e196cfb77da86c8d6af5,c599462927768f87b709af607a65196c,3216,2136,b91ef82e723a,1.0
2e26762daed5,2,652,1,False,e5aa2df92d103f2aae951865a230d449,0035092ea677c37d3564ed0ec6fe2bf4,3216,2136,f2094a20b275,0.9539
2e79041ef722,2,653,1,False,6acaa4b55133da32a6c99d3b6041d35c,343a5e8fa3107b13b83cf18eeaf56c9e,2588,1958,91e2c2890c9f,0.9067
2eba4279e503,0,654,1,False,23417c0cd9c7400cadf50d888364ba39,65550902cae642c77265bae9da2971cb,1050,1050,02da652c74b8,0.9912
2ecbc2e3f239,1,655,1,False,a1aabe6439dec2c6f7f7b06349cbfe21,d02dd63fdbd049579d653c83808225d7,3388,2588,c0202976c670,0.9779
2ef10194e80d,0,656,1,False,ec413839fd946fb40fba012d6c99f4f8,4a3cbb4aa38c306cf8f3a71ed79a3f43,2048,1536,260a455692b5,0.9648
2ef4a04aed1b,0,657,1,False,4b43f86c329bcafdd89065f934cf465d,dcac416e264096e043151fe68ed54221,1050,1050,e933923aab15,0.9918
2ef955d6d9ff,0,658,1,False,c971ef5658f4975676192f01fc859169,cedfcad6a47bf60eb1fc27f7189477bd,819,614,f952ad2e4356,0.9719
2f143453bb71,0,659,1,False,3caf5dbf1286de3935a891bbdf5a2e50,1c4ef24423dbbee7a3da4f9650146334,2588,1958,9a7bd084395e,0.8678
2f284b6a1940,4,660,2,True,f89060c3bb14c573b5edbba2119a22ec,4ecf2a2d8c86e7f42cd1bbe8b1a0cbf4,2416,1736,bb5083fae98f,1.0
2f2e1949ad56,1,661,1,False,9d37a3a514a826386862f5bd3408b89b,c61e306168f94cbdbe227295d6e24dfe,2416,1736,d1a24527a15d,0.9734
2f42e20db938,3,662,1,False,12695bb1a2b175eaac577c72e4b5771f,90aaa2b896dc240e0644a8a2eb8606de,2588,1958,1b8ad0afe9fb,0.9277
2f4e81787d9b,1,663,1,False,8293cb0c5a801aec0f605aaba4ce33d2,14aa4f84c5829798498656d2c64a03b7,3388,2588,f576e45d1da2,0.962
2f5c9cdfb333,2,664,1,False,958e23cf619f34bc06e1aa7997c11d98,03cbb6749bb9275eeab6ea3aadf8c6dd,2588,1958,fefded6bf135,0.8913
2f7789c1e046,4,665,2,True,b7efca477da20c2db8ffd7a9a2867f2f,d17848d6c6d9fe6c7b3888f678d51b43,1504,1000,a8e88d4891c4,1.0
2f7fbdcc9a4b,0,666,1,False,32c288c25b7667eb8fce6176a7d83868,29265d66c8d3ab094a3bbd168966f654,2048,1536,c013e869acce,0.9859
2f81ee5f2926,0,667,1,False,550acaaaf7cd3fcaa336b26ececd1bc2,da8e6404acc42f46fbf3913b1bfcc5db,819,614,5077cdb88aed,0.96
2f8d14a7d390,0,668,1,False,a0d963da48ef56233169bc652604bb42,09760d5859bd79f71f28223cbd0ce25f,2588,1958,57f933d3d7c7,0.9294
2f9b66784109,2,669,1,False,32449ea1d26b1da71a3415d45a94d254,2c5cd3c0a46e069dd4b1d1a4e06642dc,3216,2136,2463bb04ebc3,0.9475
2fb3a8606a77,2,670,1,False,2db3bf5237153e1fd40b175f7d24ecc2,53dbca00319269328694d68d658f8207,3388,2588,fcc55ae641ae,0.9485
2fde69f20585,4,671,1,False,4e5f41f1e07ab4b5a8d83fbf80e3e197,2d7b598f5b9a319c1ada8c921cdc5e3f,4288,2848,26463a5fb949,0.8424
2fdfb80ea53c,0,672,1,False,67aec16ab8451476668fadc88baf7250,02c817be095649305b250b4608e8d563,1050,1050,535682537302,0.9956
2fdffb6160a6,2,673,1,False,be8de833a6057a87db314eb3fe08c44f,36872f6ad2d10f83eb746c0ecab8418a,2416,1736,7dee6bf8b9c1,0.9727
2fe06bedb2c4,4,674,1,False,de60aed5abc9d7f66e2d5564ef509e72,1363521853025282b3d3f57ec4725486,2588,1958,0318598cfd16,0.8993
2fefb720869a,0,675,1,False,00c773cbfaa58bfa2b14319936c17a18,9717c606ad13279500f3d4d11198584a,2048,1536,7d11dbc1e738,0.9773
300305ce82d2,2,676,1,False,6f259183c94d764f9004cefdd7b38e17,4cf4c2a73a1bc3101cdc23647fa4ebe6,3216,2136,a8c54e2a4b79,0.9748
30263a7d5609,0,677,1,False,5e72ef5aec2c5ab820a6f746d1228867,12fd806c11b5fccc6d1c42d0d96b14bc,2588,1958,73e83a07a16d,0.8892
302bcdb635ff,2,678,1,False,d9f82e522f3c9ac61e05737fbcb69f95,7ec16862ec987e6dcc71f04f8d213ff0,1844,1226,83d6e40c869f,0.9466
3044022c6969,1,59,2,False,b5b0a2781910881117ddb397011f6f2a,ba86318807db59daa1bb9219798214aa,2416,1736,04ac765f91a1,1.0
306c841af3fc,0,680,1,False,d8ad559a3b887663cf3f50a09f73acb3,960dde103e7c4b4f1ed7e1b6aba553fe,2588,1958,682312e82ee3,0.8788
3079490a4b9c,0,681,1,False,9f63f52947c3a6d9d868ecc7530c4002,3597b8ae5e2e77fe7edb629924a1cb21,1050,1050,393fa5a023a5,0.9936
308f7fce6f0d,2,682,1,False,924dca7e7f0b16b54d49da1984fb3f3d,8650e7088c618d7e522e5356ab0a36fc,2588,1958,9e7a63b2fc6a,0.9377
30941b65348b,1,683,1,False,67161855e6214ef9adb7ff6becf71572,1a4c8673de0b24c06d2599013795eef8,2416,1736,7dee6bf8b9c1,0.9785
30cab14951ac,1,684,2,True,cea1f713f6a0738a09ede3e4bdabebc0,3e88cec9633191fb1e5e074599bcf66c,2416,1736,c546670d9684,1.0
30db694bee42,0,685,1,False,c7df22478816e44d1e3e5dac3bdd74e5,4e53806b344e039f80b3bd4469da4125,2048,1536,9287e57326d0,0.9839
310c27067ac0,2,686,1,False,540b151169abbfbba7de3c5043f422e3,9e62e53dc0c7c40f46c722fb38410bc8,1050,1050,93802d1e3c41,0.9874
312694ea8e6a,4,687,1,False,821702ad2398f79af47ab391b590ab6c,1b178f493044f8dcc478243cdfb3f1af,2416,1736,7b20210d9120,0.9578
3128eb593012,2,688,1,False,1ab9306c7702f8d2cdcd821c58f72010,1b8aa29ea0f929fee6db4a5ab68e2192,2588,1958,e580676516b0,0.9601
3132556f5352,0,689,1,False,e151edbaf046df8c4f6fecc62fcc9531,9cb5ee2dd5abcf0563ea028863c6ea91,1050,1050,2c827005b8f8,0.9828
31360e44ac64,0,690,1,False,41cc387e2c056fa4c68d8c0c89cf7fed,90d6d5023bb4242271cd6ab185eba21d,2588,1958,e7fc93ac5b6d,0.9259
31452ad8808c,2,691,1,False,d2438be9553fff9cce252b4ebf349d13,9d3cbe633cabef283e9eead5fd67eacd,1844,1226,64bad93fde3f,0.9396
314862758acf,2,692,1,False,d67def12302ac6628d2b6180cd16044f,94b37472647f2a122cbaf5d0e9b220c3,2416,1736,4d9fc85a8259,0.9798
315c1a0d87fd,0,693,1,False,3f9175bd65972ab17d82defcbfa43ff7,76b6f6332e5b9bd65ad90e3b40fa3825,1050,1050,976082127e2a,0.9923
31616ff6b53b,3,694,1,False,d3ba1752abb5ddc934291c290ad0f4d2,1a63c1c6bde8332e88c2d02ed4593bbd,2416,1736,09f6ab477654,0.922
3178559fbf57,0,695,1,False,f23d293c380aedc29e50daeea6ba8f45,ad6d670bfdd655da2cba03f9164143c6,1050,1050,13d411c85ffd,0.9877
318eb706a134,0,696,1,False,0c38aa960c3a10683df320992c96b0e1,50075b59818b10416ee66d572dc640a0,2048,1536,5ca73d28f17f,0.9775
31b5d6fb0256,2,697,1,False,3ae44eaccfe7470a21323fc26ded4060,0757be83e8ee06d2a8a17fe499f01c3e,2416,1736,6daef3e5ca22,0.9056
31cb39681f6a,1,698,1,False,2dfca52767ea503a3f295ca2740ea593,1aba59d79eee4268f635a1058096418a,1844,1226,0180bfa26c0b,0.9407
3206171db5be,4,699,1,False,fd5fe39a7ed4bada38ee88075cadb25e,fa2b3e48b3a50d37d4525ef3e9234895,4288,2848,7bc4dd99eee5,0.9471
3218a6d8eb2c,3,700,1,False,3b4103be2346113ad526669a5a80ad17,c49522ded71be3e5772adb9faa547290,3388,2588,1f0e223b8055,0.9577
3232b34cbe99,0,701,1,False,8efb2c0c8526f6f2800fc9ca914b3566,eaf5b859debc04b35a8b5b0032aa5e68,1050,1050,3f6bccf21ce8,0.9933
3246f07e65b4,2,702,1,False,4d9c87e379e1b6d86d4742f5884a080f,639054f3a42dae796e5a6c3ba76aa180,1844,1226,54dc6e8107cd,0.8941
3254e48c8aa0,0,703,1,False,66479b47ace918233e903b3cce32b4fd,bf9fb5665315660620e6386326fe8485,1050,1050,7347bd23ba80,0.9937
3286073a976e,0,704,1,False,1c6376ec129d3ec08902ee62065a9bec,12b486c58321e3e628a99e71798d4ab7,819,614,f580566e27f5,0.9088
328d141ed3aa,0,705,1,False,fb7941faf84345e296816440c3b142fa,84721355a7b1a66c59ee34558699c2d0,1050,1050,ab686895533e,0.9605
32a3eb37ff40,2,706,1,False,9e94cf896df0285cc2bb3d98456225f0,15e0435e2cc4ed004d1dcafcc3c4787b,2416,1736,fca931da5c5e,0.978
32d7d360d891,0,707,1,False,c3392147351d83e149425b04f736ff97,cb6333966f6549c6ce1db81130d4c587,1050,1050,b5bf7b84fc66,0.992
32ed318235b8,0,708,1,False,cacb8ac418f768f45bb264d867f1147f,6785f17d561f5c6bb30484bbbca2f929,1050,1050,f4ea2a2cfbb9,0.992
33105f9b3a04,1,234,2,False,5b3181be8aeefac80b1a03526a2c914a,3b1317f741e282e1a380d69fa37d879d,2416,1736,111898ab463d,1.0
331121c65e88,0,710,1,False,d10a7ee17d00c2843bd672d8892eb1e8,798ff150fa22ba43f716e20359a2809b,2048,1536,9858cc2ae073,0.9769
331b87d1b9d1,2,711,1,False,241f22845794174f2c680fd8084e1b7e,a2e303bdd2001d8c24c09756a4ee6025,2416,1736,59f3f70abddd,0.9795
3323fd59782e,0,712,1,False,132fa6481fdf637d736028b0f4d019c7,5f3b6553e4d46075567f4bd6dbab1453,1050,1050,4c17e85686f0,0.9948
3325b1fe55d2,0,713,1,False,607b5677676e983091a7cc86f2bfae8a,4481ce89cccffe53d6b90e7663c1a8b5,1050,1050,3f98be586fe3,0.9944
33596a635b53,0,714,1,False,ed56b1eb1ffc39a470cbd787bfbf8a03,9502eecd7f9b18d0085c347a72ab2bfb,2048,1536,b16dd4483ca5,0.9769
33778d136069,3,715,2,True,d73e458c31d92ee7cdc55490766ea493,7260922267cb38a583c95f5ceafe76d6,1476,1117,4ccfa0b4e96c,1.0
338326891d84,0,716,1,False,4bf24de537886ac8a11fa1c666784dc8,fce83d84a947af8e6314165f75104558,2048,1536,fe0e2dee1834,0.9711
33b893e18eb3,1,717,1,False,f55d2ee110e025fdecae5b7a1d036a3c,e06ca629d282016ac6585277936f714f,2416,1736,df841a0440d8,0.9623
33b91def2035,0,718,1,False,ca11fc345d49e61a9126f98cd7a091e2,dd30ba78600c1c72a103f53ad1557c44,819,614,2c9dfc270f1b,0.9593
33b978734eab,0,719,1,False,ff6ee7ffaa98e305b0bd84e7c4fbf1c3,e807656e4c99eb037c6e6dd9352007ca,2048,1536,ee77763a6afb,0.9513
33d72035c27a,0,720,1,False,c34cab722c331f0d8b6d1628c7943e5a,216f6faffa6a65ac66bf4a5a80d221b9,2048,1536,1864d3411143,0.9501
33e7bf536fc5,0,721,1,False,954224d8271065a91da08745bab62af1,d4d343f4b5fcb0725e6aa7847881d898,2588,1958,20f86e068276,0.8714
33e8e26a75d4,2,722,1,False,da95fdeb2d4e0b75dee59e42df3cc332,0ef77aed854efe5af678bb0440ea3e91,2416,1736,9782c0489eca,0.9723
33ffddea8c6e,1,723,1,False,c9eb325f48abe6bbaef76686481a2a9f,b59fc04dd599585e48228f8e94b8a8a5,1050,1050,abbb8791785e,0.988
3402124408ea,2,724,1,False,f2d402cc7a3153204d59232c1b8d8fda,9e0c3505a38ddbb609cdd4a1441a89c9,2416,1736,dd19428c3d29,0.9735
3428230bf1bd,2,725,1,False,23dde598461b1e629ea270a78c70c94b,d7484784d6b585c0e609ecb5b0f88660,2416,1736,89ee1fa16f90,0.9735
342edf9b889d,0,726,1,False,1b2c9cb5a1e620cd8140752a9887857e,d1c083e077944c9bd34e958ea2ff4dd5,819,614,26d9576e8043,0.9733
3435fd8675a2,3,727,2,True,9425d59a8cf9005d4f81587e6eebb23f,53be76a31e39ae18628ac8cd1457aefc,1476,1117,c62585bd68fb,1.0
345b1f0abbba,0,728,1,False,6779b90ea677756b326815fcb9f98fd1,ec83bf0f509a0050f4217ed686da5a32,2588,1958,a2b97d98f130,0.9273
3461dc601cc2,1,729,1,False,d93d96fbfdd9ca3871126f87071c576f,60697a67ccf636b9224a209e442a0d02,2588,1958,0180bfa26c0b,0.88
34723fae6475,2,730,1,False,3096f4a6706ff9f1a177226f9375d0a3,002980c8f6f3f135154744fa3745d28b,2416,1736,e96099b961b4,0.9487
348598d01e18,0,731,1,False,ad04de0e4c3e3169f55d64073596efc0,6eda99db49dcb0aebbb3231bf7170c4f,1050,1050,8d9516ea3587,0.9879
3486f7096276,0,732,1,False,979d947ac97b3a8b886d9a064f955ef4,1392d0ca0d6ce89161c1afe0df50132d,2588,1958,f02057c41256,0.9481
349f3c0ac83e,2,733,1,False,a357cd023fb853caad831c320da42987,bf72b10c6351fe983d563d50b7c8ea92,2588,1958,c57c164bca05,0.8887
34a7dbd3f05c,0,734,1,False,e3323c85696db020252e3d619c3d1ad7,770f2a94c2524c54a62109d64cf978ab,2048,1536,f58cdfa968be,0.9738
34acae864963,0,735,1,False,02113c056ff854e6a27b7cbdf25d849a,671d06dff151d52664fbab206403d0a8,2048,1536,750e0168399d,0.9773
351e842842a2,0,736,1,False,b7da0ce2d538f68f98c404c3698b1b1b,584e68074d4b7907125b42cc2ac98e71,2588,1958,a8263d248523,0.9501
352e4a939242,3,737,1,False,8510ce1155188960f4b6c4031fb8ef4d,809a6eef8c9bc2d33b6a71f372266295,2588,1958,b6a0e348a01e,0.9097
35362d43e753,0,738,1,False,13055ecbf8f9c92c0fdb12c635227d00,760aa5f8530fbf6fa7d6673a6b72572f,1050,1050,d6f6bdfd8011,0.994
354b8911d6ed,2,739,1,False,5848b263f8fccf08b1c9027e469e239f,c5e02ef39199a9d259075489941dc965,3388,2588,0efc93ec838b,0.9786
356304d15a5c,0,740,1,False,a70862695e898e68fab82765f4aec05f,cb587ba7779b47abe9f99deb7b428b6d,1050,1050,e29e54ff921e,0.9929
35777eb7859d,0,741,1,False,bfd4d5a207229b18d706f3b0430eb7f3,66529363f9195bf29dffaf1cee4aa9eb,2588,1958,fd62bd0db4f1,0.8373
357f02a779d7,0,742,1,False,776549afc900aab30a81628c166a9fc1,63447184394e862e09787ae2eedf7477,1050,1050,c3c8fdda50c0,0.9916
3580a545016d,0,743,1,False,f0528ffcfe788892839e9ff133341425,d16e3eb7dad2f7d260a8b170065e9378,1050,1050,6b66b0e86f7e,0.9882
358d2224de73,1,744,1,False,1d9c581aeb709ff78b548db92a36e5ab,c71864f5626eae10f460060a90b6ed3e,3388,2588,94dcb491143f,0.9725
3599029efeb3,0,745,1,False,6d428af207ab81ca9952093dc1c64f58,758d26f4ed3340ac02c70e53df6aa072,2588,1958,b86fb2d5be1a,0.9237
359bab5d784b,0,746,1,False,c17ca6d576b10ae6de8ae480a12f9cfa,91d65f4e4dda69e0d0f669dbaff4c34e,1050,1050,e594c19e2e1d,0.9886
35aa7f5c2ec0,1,384,2,True,6b85fba99dee00867ca00d47f8676d5d,0428714d9b41c820c62bce54e8431b7c,2416,1736,1c4d87baaffc,1.0
35ac70c0d08f,0,748,1,False,205876a090836d49cd6a9b5b5677d963,367251a063a13bfcd403a5373eb668b6,1050,1050,ad20080452de,0.9909
35beb47fe159,0,749,1,False,3993d7159507d8bc4c507c0dc49cea3e,539956a12a48784abb72224ed089844d,1050,1050,2cacdb0dffae,0.9791
35cd9832fc0a,0,750,1,False,5ddac7b47f3e1c6c10377fc51d90f127,7ab8fe86cd959bdc899e69e206365044,1050,1050,afc744fad65e,0.992
35d6c4c50072,1,751,1,False,38b838ef4d93ecc7ef0474c61eb13c76,157d3fcd4ea665ca91a0c90dfb4cea5a,2416,1736,465c618f7b23,0.9544
35df2bc6ae95,0,752,1,False,0ed2250a4cb8f41f1c97cb543f5350f4,1cf316a04a0d1f347568ebf5d640d1c4,1050,1050,84b4da14bc23,0.9933
3601dac9bed7,0,753,1,False,ec7ada75fd0c55b302bc1d016dbf576e,b72b4690d0cb94ac31a3f2fe65648421,2588,1958,dcc6c0ad5cad,0.8959
36041171f441,1,754,2,False,73596fbf13ee7fb3fef8a6be6cea049f,5b6a2b68b21ee874f1c2a920ae55c6bc,2416,1736,595446774178,1.0
360832d84ce0,0,755,1,False,548469fecb3d56b060b535c6e92f4df7,3686ae7fa757534de216bd7a61b711e5,819,614,435414ccccf7,0.9738
362c4a96cebb,2,756,1,False,8901abed5e74c1fb63f72690f53319fd,2cc9f38cea31a51e65bf185a2091f449,4288,2848,82bb8a01935f,0.9491
365f8c01d994,1,757,1,False,4ecf1a2023314b86d6dbd4488c629cc2,42ee64a42bea1735cdfcc57ec8a4b05a,1050,1050,e4c799738a19,0.9908
36677b70b1ef,1,758,2,False,4c301ac57f6743f7dcfb3e6f0eb28282,3436f0cdc33021d46f04b5eb4b967976,2416,1736,7bf981d9c7fe,1.0
367c7049929c,2,759,1,False,1329ab492ab68ef2e9b571f838a57215,b01bf4670ffa75bf3d4a10d14c42fead,1050,1050,f4d3169b468a,0.9929
36865bbc64d6,3,760,1,False,658b62ef301cd194dbb932cec988ea4f,c7af2dab4f557576233fa5b4980f5243,2896,1944,8dba09a4e5ed,0.9607
369229040a34,0,761,1,False,025f8466960455a3f6ed179f209996de,4830fd8c9893e4e9282a9e0d2bb2a812,1050,1050,d7ac4a0c9760,0.9958
3694e8c8e09a,0,762,1,False,bca2ef776982c414e16100b5f6537636,8d5dccfcbaf8ac66a9526d8059d3afe9,2588,1958,a2b97d98f130,0.9511
36a1e3c780a0,2,763,1,False,a286a22ab2adb59094fe40782ac07289,94eede93246adb35a78d1a99d97afb28,2416,1736,b6bfe9db60e5,0.9469
36b5b3c9fb32,3,764,1,False,fb008060f4aba6d9cab929366ac1744a,51ea7cda69abb65ccf60b7cb0e5f5087,2588,1958,83d6e40c869f,0.8426
36e4b704b905,0,765,1,False,42523886819062f6c02f7a94bec4df6f,d25a1de5ef7011bb53cdeb2032def690,819,614,d160ebef4117,0.9417
36ec36c301c1,2,548,2,False,a91ddc619ae3b19f7343b87fb1a5fc41,702e6678a6b9a23f973249cfb24eb5e7,1504,1000,26e231747848,1.0
370f575adb23,0,767,1,False,c1b76657b72730c1746e4c181674f992,10153ef2829493d9e26b0df684d19ad6,1050,1050,eda29a9d78f3,0.9832
3710ff45299c,0,768,1,False,9651423108c2b70b45c37d6bfb16a0f6,b23a4ffacd0271d5f1512f5a9606e9f5,1050,1050,7a9f45fdf29b,0.9935
3730c322d35b,0,769,1,False,6090619d7efdd5a82aa2230e3aca1d81,9afcc7b090747bab9e62be223f959c46,1050,1050,880edb2cdb69,0.9723
3732de8b416f,0,770,1,False,525d3977a1c994e524175a51f58cbd83,f23ef4adebea7dadad16eacae6fc66f7,2588,1958,2209daf71aab,0.9354
374535e0adb8,4,771,1,False,3b5f2b4308006f1dd6347a382d05ef39,23e2bbe5055d594ad792284dff2901d7,4288,2848,6c6efb6b1358,0.8874
3748349334f6,2,772,1,False,c7bbe984255b10646afa532b6e5e054e,bbc312963bd454fab6f20e9079bf3622,3216,2136,f5e9a307288c,0.984
378963f9df22,4,773,1,False,7faf48da62ecce42a534000d13c2b3ab,c62f9cbad66ef21752c2253e48c28b4e,1844,1226,46cdc8b685bd,0.9377
3796af4d987a,4,774,1,False,785fdb83fbf9f331185dfb64b6bdff78,90948505e00b013e6c7f5d878502b926,2588,1958,61c2fbd16e38,0.9236
37c4dfe03aba,4,775,1,False,11e2a3095adf66d331f0e41a70cb1d05,76bd8b62da3fba31c0ff363e053de75f,640,480,a6c9e96a10d7,0.6603
37c523296d42,0,776,1,False,ed42391768657df56764f19830ed3dd6,9cc9f71789f51a7d886fdbfd3e7db870,1050,1050,68ddb15a74de,0.9926
37de05ef12a5,2,777,1,False,f3aa6fab19230a818e8e0427f4676a09,bd2159fac956ab8f0afa016e1268884a,3216,2136,c73c5f6ef664,0.9408
38055d8b9f08,3,778,1,False,920f175de0465228ee4d01c41251ec48,53cee93221ec0924dc115396edd68a40,2416,1736,4478b870e549,0.9802
3810040096cb,4,779,1,False,a4555d9a3f5cd646dce291b5dd03f72f,4a27c925691290cd59b301ad02dfe49a,3216,2136,8421107255ae,0.9823
3823acc4e464,0,780,1,False,444417cf7b98469b209e1df682fa9d9d,7bf65341ba5d94f0693dde37e7768eb6,2048,1536,1eee55494271,0.978
382752f6694a,1,781,1,False,946ecfa68cb35fe9f63b1ab6f11902da,198d9a4c5a31ec934348617c165a00df,2416,1736,1269ab57c2e6,0.9737
38373431d996,0,782,1,False,dffd4eb0c2d693602af59ed3e8356cf0,c94e7e0a11196184147fb54828e694f0,2048,1536,289a47dcbb82,0.9845
383e72af1955,3,783,1,False,2c0f64920eaa5416a046020f49222fe8,717326da2ec403593b144f15ec39bfb8,2416,1736,0ad7f631dedb,0.9447
384631079d1e,1,784,1,False,d0f3d6236ad075c5e34e74a890fbbc84,5d966635e053f84a1a175634b25294ad,3388,2588,2735be026d44,0.9542
38487e1a5b1f,2,785,2,False,4a1e67e016810e9c9ba08c9ae8be1b98,96f045782f1817ae7409c158af236129,1504,1000,b376def52ccc,1.0
384db24ebbd7,0,786,1,False,0207218d37f5d4bbdfc86ddf968a6a56,f7f74c02e1070a61af2013a3d5064e99,1050,1050,d9ad2a0ec026,0.9951
384e6c915722,0,787,1,False,89c63e9baefb6cee5428472d4e6cf633,8f0a1d00b46791e9cd4a9640f07a504f,2588,1958,d3be5346684b,0.9412
387138ddf43d,0,788,1,False,4cfd74ee6322ea90dcd66d972441c7de,da4722efb5f6dbbf2a2a742a65dc9886,819,614,dfea19863428,0.9137
388279491b5d,0,789,1,False,cc51d31cc395b7f22c1548b103d3cae1,f572fa1e69f54b379414fa9ef89dcb29,2048,1536,5ca73d28f17f,0.978
388f12e8df0b,2,790,1,False,f7bf7aed3496149e929204e44609271a,077847be7ec1f90cd4a18cf5e24c2d2d,3216,2136,789434d095d1,0.9838
389552047476,0,791,1,False,61e4ef9f3ff09ac7c1e71b2ac32e17b1,ea67fb29a84f2804cc8001000800ed88,1050,1050,aabd867043cf,0.9887
38b9bb961847,1,792,1,False,6cd89ecad8b8b0213c155fd5b800ee5d,c8160d1c73c2e84fcc9d8a834d41e02f,1050,1050,545df1bbcd61,0.9926
38c7153457e2,0,793,1,False,e4a57680bdf10a4021945f2cc0ea95f5,1a33557cf7c48fe095a789e54594a31b,1050,1050,bac1744955c2,0.9893
38e0e28d35d3,1,794,1,False,9a375241eb38f98b3a44aae00e3a73b2,81690a06b6fe913b415ee35ef2e5fa05,1050,1050,2eba4279e503,0.9893
38e111cac46f,2,795,1,False,aaf333458d8c61b04a90b1ee2fb6a1f3,10f36bbcc9ad2d8756347e43e56a10f9,3388,2588,a88f68b0b114,0.97
38f1901f214a,0,796,1,False,29248b2f0e05d9475d536c42372b2e4a,328a16106266e5b1dcb2f5e557522e34,2588,1958,da9574d35b82,0.9403
38fe9f854046,2,422,2,False,05f30df45f7e07befe26b995f39cad64,f05f7cac4e823c089258cf796a90fe88,2144,1424,1dfbede13143,1.0
3908b3cfd620,0,798,1,False,586d30192cee4be9ac101dc17119aa43,ad81d39bb0d8642ce8b8f1a3acdbe6ab,1050,1050,d1b279cc02ae,0.9924
39134907127a,2,799,1,False,058c55f356f09a40b362542b1880f1b7,4f3bbb537f461d29ae7b26f2e9112084,3216,2136,ea588d1e5d96,0.9598
393fa5a023a5,0,800,1,False,6aa506038aa9cfe8ed7fc601f4de6c55,d6a07efbad57377015f04f1ca3df0bac,1050,1050,e4b0df29b96f,0.9939
39923b29988a,2,801,1,False,3d9796197cbaaf890d96f1531361116a,7d754222cbee7b518f95935d0540ba44,1844,1226,d1f1ea894da1,0.9369
39aa3cd93c50,3,802,1,False,c0d2c0c25db5cfa0b02bc2dcf5deb8bb,d4d1f771ef793387229a55842e4ff842,2588,1958,4c52922f3bfd,0.8287
39b5b05d6cd9,2,803,1,False,8d338c05899849a32a3ac46d7f9e26a2,55d053fffb7cafdb8d3d478b34d74ef6,2588,1958,6c4ec95dd8ba,0.9111
39f8935185e6,0,804,1,False,c1cf704131fbf8782b4e2944632b2a6c,8ad08fc7cbd336f4c873f2fb2a65fa33,1050,1050,e933923aab15,0.9932
39fd8ef3a45c,0,805,1,False,1cfd112271d7e2eb33fc14a4df72da7e,543d8264a3e72e04274535988539283f,1050,1050,3323fd59782e,0.9921
3a122851e526,2,806,1,False,b1c3c6737f4c2714dfba0ab8ec78121d,08aa44fc57ffe3a30f2bd1a6b198ed94,640,480,b0eeae01b8ab,0.7766
3a1d3ce00f0c,2,807,2,False,acc1c260da1ea686568a6f2917921775,d1a566f30e13cc2f3c389e2ee0ab9966,3216,2136,a19507501b40,1.0
3a1ecf5e2839,4,808,1,False,290efb4f8c6f31442802ef9915d5c814,f83419aa6dac9b301681dd9a01e8e634,2416,1736,3ee17aa12e46,0.9794
3a4cfea0a766,0,809,1,False,cfddbf32ab49c31c080b33a2168a4a03,e632433ea368c7ec157bbc5c1de7ae49,1050,1050,28503940d10b,0.9886
3a61e690f4bb,2,810,1,False,c6a9726bb16e7f62c770627cbd687966,c92f0e50a39733057635df993457c463,640,480,6efa36d59ada,0.652
3a643599f852,0,811,1,False,0d2fa9dca36c568438268668178657fb,51edc3a8d6c91c04286f0402d33f547b,2048,1536,070d4ce5fd90,0.9502
3a6e9730b298,4,812,1,False,da1d79ba55a20930a8c69caa492d5648,d1562b6c7f5001cf8aa78f8de91fed6e,2588,1958,91e2c2890c9f,0.919
3aa2b1ce6700,2,813,1,False,33d0fba69155bc9407332834798ad97d,5866b69f450e297e4326efd643f8a256,2416,1736,bb5083fae98f,0.9281
3abac0961bfd,0,814,1,False,603f2c695f06220464e1c7a1e247014d,793f677728de0d1250c539073b688d7f,1050,1050,799214e8b07c,0.9941
3ac3fbfca7d4,4,815,1,False,437618e56c1016f72a572ab0b553dd8f,176f0e599e8e8c2c1341b2592459501e,3216,2136,5265dc9acdf8,0.986
3ac92ac3d65a,0,816,1,False,a7930de064d614d9f7353d82bd5a263a,0b943f05a7280401b6bc81167bafed55,2048,1536,189cbbc9e5e3,0.9855
3af9aaa880e9,0,817,1,False,2ca1d8f038da79a064af0dfd0fc0b9d2,b11ed7e9133cb0e5b1fc32842b47431f,1050,1050,52ddde91a349,0.9941
3b018e8b7303,3,32,3,True,df8b123fa6274567b7d0aec0fa373198,84eed3535ac2783bce553a5334de01df,2588,1958,3ddb86eb530e,1.0
3b0190bbe615,0,819,1,False,1d27e8670936aefe16b2c9c5811dc3a0,3a495601735b4ecf75e50d12f2b01247,1050,1050,d0926ed2c8e5,0.9936
3b10191dfd25,0,820,1,False,86d717f37bff14d906076d9bb26d704e,b2ac0759331d3d09a184c724b16eccda,819,614,ae20112e7a1e,0.9327
3b185ac445d0,4,821,1,False,1d9c37ffb3c7038a6e46d8ef53a3603c,cc6c23433b088679d5c8b103a7297bdf,640,480,78d53c82a23e,0.7986
3b232b394e4f,4,822,1,False,e42dc8d366cf56b671a976eb42ff2bdc,bb71d8499260703bb5c2dc292b8ef7a6,2588,1958,23fca0693e2a,0.9285
3b2b91590590,0,823,1,False,0ccf42d09a2d7cd869355f2ab4fce7b2,7d4cea043f60be75fe265af73f1e3da4,1050,1050,393fa5a023a5,0.9798
3b4a5fcbe5e0,4,824,2,False,8e6abcd4614321a1c334377cf9b78dde,941f6c1c64d621c2f48b1a6e80c135df,1504,1000,3ca637fddd56,1.0
3b58b02c89ed,2,825,1,False,1b5aa1166b70491fd69945d7678f8f70,6456deada7a5c3f35d9aea582071d1ec,3216,2136,3ffa14d60b24,0.9782
3b5dffe159b6,0,826,1,False,cd5c9630b6f6cc0682b9691305405b56,bf8bbdd821fb091b80d2edd18a8da4d0,1050,1050,d26bc6e1230d,0.99
3b73a3a4a734,1,827,1,False,763f43030d0dd3e5ab1bbcd0b92ab4c7,a36ba401566ae519e339ed4e32c250b3,2416,1736,1116271db4ea,0.934
3b9817a39adf,0,828,1,False,b0400b1271059bccefbe5808c2fc43d2,8010b21d725619a126df23cb8d67d4fd,1050,1050,054b1b305160,0.9893
3b9c1f42c2f2,2,829,1,False,a23d320545d11cc5f9e801edeb1dec62,4638214c6b6af921c43c76110b2188d5,3216,2136,c0a0828e01b4,0.9721
3bf2deaa5ef0,0,830,1,False,9fcd6e3dfc24f06572ebbc449ac3b381,d0801374586d4a3f3553092b03bc17a0,1050,1050,7a06ea127e02,0.9925
3bf3085ac167,0,831,1,False,70338117cb779139af4e69360b1dde1d,c55e5938fca10b90a9ef3c92980c4d40,1050,1050,1f31701dd61b,0.9941
3c1efa38d0da,2,832,1,False,996d65fdb073fe8dbc6fbe4a6277bdea,4eae4257429f1592564e4acf8665dcfb,2588,1958,8ae049175db6,0.9321
3c28fd846b43,0,833,1,False,38239dd1c6bb4b9c0d8e719c688dc765,c9d12ad9f3e7f6a75d944b0ed01595b4,1050,1050,495106ae3b68,0.995
3c311c9109b0,2,834,1,False,653b0f8bc0de3cef927d7ab1a157a2a6,2d0e26e48e1aecd0cebe6ed96dd6ce98,2416,1736,4ecd1fdd1435,0.9611
3c326543fff6,0,835,1,False,dad781ba5eea1fe5c71ff9884bebf893,7e7d3ff9eef6ecc98cb91b450e671619,2048,1536,64ac539f58cb,0.9798
3c42512c81e0,0,836,1,False,4d74d626ac856b343b5816c0ece23e05,a8bb8bcb81130c7d150a6b317fa8c758,1050,1050,1a0dbc6c0cda,0.9873
3c53198519f7,2,388,2,False,621ea25694ed9b66999b2a4ec91fe632,fa5df3c3acba18ba76977d6e4e0f57b5,2144,1424,1c5e6cdc7ee1,1.0
3c726de3ee90,1,838,1,False,5ad201a2ffc37910540fc0a2324f71b4,ec193463c5eb59b23075412fc47164c2,3216,2136,76e6a9238570,0.9867
3c72f580d4ba,1,839,1,False,3d20d42f93825daf3d83a8dd564d02e0,84cdd5ea330ba544f6e97e8866bf9d72,1050,1050,f00ce9b9d6f4,0.9947
3c78bfca247b,4,840,1,False,b0d54688ecf77c32711f34c40b50a62d,4e5ccef00bcadc90be961f479db7e3ab,3388,2588,6d7d26025122,0.9569
3c9529918097,0,841,1,False,2ad5f3d34580afe05c4e19eb94ef9292,cf555a48cbf9b662ceaf10ddc988c949,1050,1050,80b5697f2a5e,0.9929
3ca12e02dd4e,0,842,1,False,09698961df8235ccd88d2f3404b9c9bc,68a4a241df528790e64fcab44b2ad8c6,1050,1050,b1c6f0997e27,0.9881
3ca637fddd56,4,824,2,False,8e6abcd4614321a1c334377cf9b78dde,941f6c1c64d621c2f48b1a6e80c135df,1504,1000,3b4a5fcbe5e0,1.0
3ca8be3b40d6,0,844,1,False,ef8a302271e5b657463bc3a2765a1f93,f19c30c092d65a82300479f430788f92,819,614,1002b5151b8e,0.9817
3cab32dd6ef9,0,845,1,False,4a4530208e91c4da9679043a86deb41e,8eac3a9abf42efaa8ae2776ade898696,1050,1050,369229040a34,0.9955
3ccf96c1dd6d,4,846,1,False,10fc2f844f8d547ba117671babc93732,5b9f80128b3a30c1ac6ae1a9174396b3,3216,2136,ed88faaa325a,0.9828
3cd801ffdbf0,2,847,2,True,22f5076c4ee1788e4e80c44b3d459e93,9bb39fee41923ca6d1769e6f3e3ad8ef,1504,1000,7525ebb3434d,1.0
3cd9713c0ecb,0,848,1,False,b1a2c409d4139092b9fb7bd91250b530,eeb487894a6af2c958648095d8d5ad14,1050,1050,8f10e41a2f02,0.9906
3cdda8b3df19,2,849,1,False,d6bc67dfce7c3b687092a720525db71c,f2ebdc255f00d921382e9dd5fff68c7c,2416,1736,c7b622ec8104,0.9606
3cdef7c591cc,0,850,1,False,e5c7fe8a6dd491c8918a653f4141b4ec,f6bf22a49bcf7874db43caa74a4071c5,819,614,2dd28ac497d2,0.9871
3ce2f8a77a32,0,851,1,False,a47802756b8526789d0cc05e848e58bf,9caf5d6f5e2b469a6b62575771df213e,2048,1536,2d3f4094c08a,0.9877
3d2ecffe0386,0,852,1,False,4aef6b0e745ae446a1ab4d76d727ecf6,a5ae9e6940b0e5aabc04d8fe35533a39,819,614,7831ce1d895e,0.976
3d3e288d490e,2,853,1,False,146859b74a79294cd389204fac2db9c4,011a145daee7bc4c83e34962a303a6ad,2896,1944,fa59221cf464,0.8645
3d663a6a50a3,2,854,1,False,d55da00565be4f0d2fa966ddd8bc6d97,22a6b63ec45af115474896e347b8b3b1,1844,1226,24b943fe725e,0.9629
3dbc90c7ee7d,1,855,1,False,49d0ff42f054513b603452831b7c876b,a342548e72c47d2b2886839d338e6199,2588,1958,8db2ce991101,0.8835
3dbfbc11e105,2,856,2,True,aa0c64b332d5317ae2b0634820d10bb9,f55d65873bdf51a9d9652f82eec7770b,3216,2136,d0079cc188e9,1.0
3ddb86eb530e,2,32,3,True,94b52a8f1ebd919f2e54e7b7fdf5f50c,03bdf70c95b507fc06b27ddd05c052a0,2588,1958,3b018e8b7303,1.0
3de8ad4151e1,1,858,1,False,12e9e5a5153a87d7b714821245be0176,d72492546c2ab3eceb5323cefedfce60,2416,1736,2f2e1949ad56,0.9661
3dec415b188a,0,859,1,False,33fe03bbd46fbfb2589abe6fb3f1189a,e4b60be057ca4295a10997688c1f5096,1050,1050,90bde2ff8953,0.9897
3dfc50108072,2,860,1,False,21b4c8f81d908c1cb21ff34a4c0a1ece,0cf52219cc64bde38f5b046d86dd24d8,2416,1736,799cb4c816ae,0.9598
3e1f8fecb06f,2,861,1,False,4be64fe19dc9a5c29c345aebf9f796f6,dbd1af8efc7fa775c15846e7e461b249,1504,1000,7f6ce40f306b,0.9026
3e3a3955b9c5,3,862,1,False,b35f08012b36c190a23c2755d893851f,bef940be5325144810784e336e23ffdd,2416,1736,76c0c7e1b6cb,0.9724
3e61703b5ab2,0,863,1,False,8cb79d48f15a24de0a01177d87790772,fa9de220d6c95f797a406f02e8e72ae8,2048,1536,eeaea2c5ff34,0.9407
3e6bfc4d5c65,2,864,1,False,2f54ac6b618bcf71d3ca8547e3a6138b,27aa510c851348e78eded71e4fd928de,2588,1958,5090917a2676,0.9265
3e86335bc2fd,2,164,2,False,23990e3cba419d62846f8f90f7c589a2,d4abade47b1957e8d02b4a4027504199,1504,1000,0c7e82daf5a0,1.0
3ee17aa12e46,1,866,1,False,cacd2dd1504cad913d26f45a61f4e849,aa6adbe23daee583276ea6fc130d31b1,2416,1736,3a1ecf5e2839,0.9794
3ee4841936ef,4,867,2,True,904f4908413390a79e0c6f294f056796,6e19992de89f9f8ac5b0d84108cd6c9c,2416,1736,7005be54cab1,1.0
3f0d3629d69e,0,868,1,False,8444268ce9ab5d7313378cf71c759602,4eab77ca0e1c1b022504381d8eeebfd2,2048,1536,2585bbc91909,0.973
3f3de2a6b0f5,2,869,1,False,a648e67e7c24a43dcfe5898709e6dd91,8c3aba9689f4ba7e72698f007cd0c78a,2588,1958,74898f372d2b,0.923
3f44d749cd0b,0,870,2,False,319b37310cab5383d72f3ecdd6385fd2,9e0e2ecb87a61e1855c2ec1e2b292df0,2416,1736,f9e1c439d4c8,1.0
3f47f83217b5,2,871,1,False,f1cb15c42a6ee4d6b641d6fed1d27e76,1cd1685a3512aabe6657079bacaa2b1d,2416,1736,525acfea47e8,0.9709
3f49f8d100e9,3,872,1,False,cb08127c794641222ffcb85752e2e8e9,3ad5edbb247863d2ff5831e78d5347f0,2588,1958,77a1f1398fdb,0.9412
3f5b4c2948e8,2,873,1,False,7721ee04aa26f3df9a1a300c50d62160,f9b4372a95b9bf5d37ecf5bd6a34e7b2,1050,1050,ebf4b22240f4,0.9923
3f6bccf21ce8,0,874,1,False,a0621976f567eaeb7f564fda3355c9ee,22bc47980c1b591530c2c196682672e1,1050,1050,3232b34cbe99,0.9933
3f6c627e2ff2,0,875,1,False,13bb0179548ccdd67a87ef6ba432c603,ae77862c78b1d41ae4e858fe27a2b3b9,1050,1050,5d6239c0fd39,0.9938
3f73c91b7e32,1,876,1,False,ed28c974a8b32191d3616d101b3a144c,6c08a6155e60510056c5dac4c63844ec,2416,1736,2d9d97a6e713,0.9738
3f752fcccec0,4,877,1,False,ccf82490d340f969e69dafda99da3467,0f50baf4372ba26a3874db1f57aeab5b,2416,1736,b17f0b81dab3,0.966
3f82631e9080,0,878,1,False,7c0e15f03406279b12c43b6d7c46c386,6406bcc538d6a031b208642fc3cfff60,2048,1536,1864d3411143,0.976
3f8d5c940ba4,2,879,1,False,7ca5f863229fa6dd6b716547b8dad9dd,dabddcb8677a9a57bef052f338e6367c,3388,2588,fcc55ae641ae,0.9398
3f98be586fe3,0,880,1,False,b153262e459d34fe7183b3ee7b75b592,a9e1e0108f9647c7dea5ee9a0b319b3f,1050,1050,3325b1fe55d2,0.9944
3fa4f4d77177,3,881,1,False,57fa79d606698d6e6b36a4049106d9dc,cc2fa7f521c454ca490bb8be8ea597ed,2416,1736,cd5714db652d,0.9632
3fc219927a97,2,882,1,False,8bc786218a8a8768e6b1fe4c285e1867,ae69fe0d4c24a01b51013ae5f66e4de2,2416,1736,92f313287a29,0.9459
3fd45879afe6,0,883,1,False,5a6a00ba1c82128c3dd63dd8e9ac520d,a9eb8ea841dd4adebe071b596f1982e5,1050,1050,912fbe06407e,0.9913
3fd7df6099e3,2,884,2,False,41c7dd89e5657c1808c2aa87ee3310cd,3b8c68a948af1468471731c952274399,2144,1424,a3b2e93d058b,1.0
3fe282197c1c,0,885,1,False,d2b0cf56d6c50a73eeac79b8f5089765,9442674e4c58fe71ae45f7a693c647eb,2048,1536,a62e995f167c,0.9703
3ffa14d60b24,2,886,1,False,081b51bdd8a61be667c3071076790226,a358be2be15c909e16e98bf553239d79,3216,2136,4ce74e5eb51d,0.9817
40140a925c43,2,887,1,False,12b145c259f5c425d6571bc5ae894262,ea4097ad856c2810234b4e1c39c2f580,2416,1736,e2856afe62c5,0.9707
401fdfd0db07,0,888,1,False,926867c3cca8577a880dc736badf4798,7b4249db549d2cb504e6945f34efd5a1,1050,1050,9910c827e2fe,0.9833
4029d70e9d8a,1,889,1,False,4ff962b0d4ea400049e9095680a421b0,ee93db19d3139a34428f79a5b0e0ad6b,4288,2848,82bb8a01935f,0.9452
4036471a1bb7,0,890,1,False,f51522dbf061759d0187f17da3571347,e9cf436afaf2bab40eafbf803b32c152,2048,1536,a62e995f167c,0.9635
404ede327e98,0,891,1,False,a6f1b4ff09d986185221e2fa4b9c03b4,010cadf8eebce1c38f46b51a22ad04dd,819,614,150f92b45349,0.9606
405085b53d7b,0,892,1,False,8d030bfe5e4d8f7606453ccb8ef67f17,4856d8c58658900970f8585a45d7fdcc,1050,1050,80dbeb0fdc75,0.9893
40527a5e95dd,2,893,1,False,79bbbb01cfc876fd4cf157ac808f8e0d,6ae5eac4cdcba898e7c858d8530863cd,2416,1736,655cafb4c932,0.964
405b4f78658f,3,894,1,False,dd719f4b029b6f53240c995fc9fa383c,abd510d05b72fba78ccf7560174c05d9,2146,1764,157d17349cc6,0.9462
408ea9d5e082,4,895,1,False,74b78dac315e8cd0c553dfc4ea63d07d,9bd1d1569805309cf2f680a5dcabd2d4,3388,2588,a45d77edf8d9,0.9396
40c24aded50c,0,896,1,False,39f45aec75bc8dcadf1e281d9e5eab32,9c6aa82ba8fc3282946f60a6c8cf53d4,1050,1050,d1a60c3b9fe5,0.994
40dd4e6e4444,0,897,1,False,1787001b2967e9db83f8eea92d94ac22,ee0e6a85eeda5913057522d6f700fce6,2048,1536,c947bb6cf9f6,0.9888
40e9b5630438,1,898,2,False,e7ec65d286ccf33375db4c82254b2ab5,cea47425806ea083ed968ec38f511d4f,2416,1736,77a9538b8362,1.0
41345cec5957,0,899,1,False,a7322af808f5f081f19031c9562b3dc0,e2522a38e6f05ad92ea354d69c7238e2,2048,1536,6cb96a6fb029,0.9673
4134b290f5f3,0,900,1,False,eaf382e7ead4c070d1251d23ce746c9d,cfebcf36652e5445a2c1ea5ce2c95e15,2588,1958,cd48cfab4e44,0.9096
4145dcb25053,0,901,1,False,76331f8f561bc2d42a470a2cabe927c6,e572831a8bbc48a5d40c1b7d9b9293f2,2048,1536,484dbeb9bf2a,0.9804
4158c340fa49,0,902,1,False,16ddd9194addba4c4600db633f4719d3,2e3f24065b8dedf082bfca1d7281570f,2588,1958,1e036f2e7095,0.7764
415d5c5e785f,0,903,1,False,34caa9e19b98aa01aaf152cab3058680,f375fd869a19fc5ede7542fbbbe4504b,1050,1050,5f51192841f7,0.9927
415f2d2bd2a1,0,904,1,False,94c386a52857832a7ba6dc2a3845f8ae,dbd7789caa3b1ed0c7bc02961a0c1d4c,1050,1050,a247961a5cd9,0.9916
417f408ee8e0,2,905,1,False,1a851ab7e6ce6c9b98093e5912030811,4b23bfbe20f2e1ec60846be7f45d5f45,2588,1958,6d9effbcde78,0.8271
4189d4e631ec,2,906,1,False,f7f3876b101caf4771dfd18059acbc64,b28204165e0ec9c9a10ac774f781d644,2416,1736,cf0575534cec,0.8963
419406328dcd,2,907,1,False,d93b64ee5ddc54712c553a29ea2aacae,0f28b46fc13234ebf3aa60df8e5b57b3,3216,2136,7e4019ac7f5a,0.971
41960d5f58c2,0,908,1,False,85730ce47705c493ef4f12e575e52cc3,731ddc556576741915fbdebfed29f193,2588,1958,6e0f78e188ff,0.917
41ab357d103f,0,909,1,False,c9a6ad0d7bf66ce8e56ee24e57484943,2559615b71bea04e042d847bb6a8e48d,819,614,675de69373f8,0.9578
4205e9deb058,0,910,1,False,23c907e5dc51a36a53ee3c2ae7c4d3c9,a1bfd6697acc40153c0e21b8ae8640f0,1050,1050,aaaadb174012,0.9947
4210809074c1,0,911,1,False,44cf4f6ffcf50d912410e4c2a0966d94,df2db0259d39454763f49de4f8c4219c,1050,1050,365f8c01d994,0.9834
423abbaa5fad,2,912,1,False,7742c1f9023aecb1ca800461dab9a2f3,8cdbb0e4b67dcf806d2bf785611ee9f3,3216,2136,5633ced07d8e,0.9095
4242c0d87f57,2,913,1,False,7cda848d1e457263b59a28515b40898c,4eded632ccf3e1d9d3c6adce741790f1,2588,1958,aa841de1ee82,0.851
4246ed634f25,2,914,1,False,d097bf92e05d5f606df65d214705bdab,0268a665daf99cc59e9b8780274cfc32,2416,1736,42985aa2e32f,0.9769
4276b82e4489,0,915,1,False,ad80a4bc8b2a36b4a36531122930d3fd,d1caf58e99938afcc4177d2eb06fae1e,2048,1536,3823acc4e464,0.9741
4289af3afbd2,2,916,1,False,82e34b255e14756949a917f9ffd39cac,20d0b871c8cf8ce1d0eb440414cd2b12,3216,2136,3810040096cb,0.972
4294a14c656a,3,917,1,False,44d94ff08d3bced748d7d19ea34e33c4,755afcf66a0bd6aacc3e4ff91b1faba6,3216,2136,8eb3337a54e9,0.9643
42985aa2e32f,0,918,2,True,744cd9e1e5b28be9b4ed20c7698e2634,433999df8bcf3931b54b51ba9c8cf160,2416,1736,6165081b9021,1.0
42a67337fa8e,2,919,1,False,fea746f1796af555bc25a1c9444de5e7,a6d7b3e6c6b6b90ba133aa9fdc9f8c8d,2588,1958,b3d12069e1c5,0.7557
42a850acd2ac,2,920,3,True,ece61abc754cc776d087ab5ba13e3837,a8e916ff720eff3e11ac1bc327d35b05,2416,1736,51131b48f9d4,1.0
42af7282349b,0,921,1,False,b44457ccee0776fac54baa25e3412038,fb9377bdad665c81b5999036d6dcdde6,2588,1958,fefded6bf135,0.929
42b08dca9b2f,2,922,1,False,d3de22072d9d307b3a3c9b2b5e4b3e80,37578a859c03461056b7a1d94e7ef700,2416,1736,4c78d9d18da9,0.9732
42b93b574f23,2,923,1,False,eb0bf5df9fa33b3eccfbe97bcfb433fa,e2d07dbafcfb637b97841d45ebd432f1,1050,1050,974c7d7b9c64,0.9917
42b9c1977681,0,924,1,False,d0ac26bd7f02ecf08af5276dff604b53,2ba9b47b9c5dfcc4843bc4a9e2568a9f,1050,1050,b086c7cd3868,0.9936
42c65af5ab16,0,925,1,False,d3b370c005309b5a410a20a149119338,ed7f9900ada507b21803403b988c649e,2048,1536,08037e4490e5,0.9452
42cc993f23a9,3,926,1,False,d97144a26d13bb4878e0eb3fbb1df444,5d010a2cf05b6bfe52006116c96b01cb,2588,1958,ad570b850a4f,0.886
4318b6adeb97,0,927,1,False,e71ce2cb3d1bacf1346652038dfb4468,cbb28bdb03ca87e25e12c2e54b3ab1bd,2048,1536,519c6e8f78dc,0.9774
4350a1b2f3cb,0,928,1,False,eb259d963fba73d2d7725265072bb425,6da4f04349189e49bc847ee2244d13e3,1050,1050,ef7eb85b75fc,0.9949
435414ccccf7,0,929,1,False,619ce3e72fd8feb8d3468bfbb25cd3eb,d6569dcf84e5717a73a6bede04f9f4d2,2048,1536,65cf00be6fb4,0.974
435d900fa7b2,2,219,2,False,a6e3a43a938c5632d1d6d000c8d62777,9d8b85e8243bf41ad3a0c543077091de,2416,1736,1006345f70b7,1.0
4360a112db10,3,931,1,False,864d899929af6093fa1e7830d36aac5f,3c95450e01886441ca5de7e48ad43a1f,2896,1944,6061f5b7378d,0.9283
436e1793d240,2,932,1,False,790c4656b7ad6ef25b49dee4a1a448db,6fb8b20c130e20ffe969fddd33a587ec,2588,1958,237aa50edc34,0.8635
436e7a7af761,0,933,1,False,ae12e3f0ee8e1b9b93b8dec78d5eea47,e671aaf0a870509d43268de7fc6e0631,2048,1536,7635921c5efb,0.9569
436fa3fd145a,0,934,1,False,527979d8f0570b5f7744a41ff355475d,9dfa4b7b8d858beb528807777e3c14c7,2048,1536,72606afaf3da,0.9106
437900a99871,2,935,1,False,467b8d01f3c11c0ec8c737092dccc3c0,36c81f995f3dd22cf44b1f0b4072449e,2588,1958,1608c82a263f,0.9068
437cbec4a3f8,2,936,1,False,09e5ffe4a29a6a06f6cea6d9ab9cfabe,7458d05036fcda9bb9f5e114d71d1d35,2416,1736,b17f0b81dab3,0.9624
43823561c3f0,0,937,1,False,481d7c2040bf228fd03dbe750c7bfbd7,6ceb0dee09a30c62e513877d0b55ab27,2048,1536,e3cd96cb094c,0.9598
4384fa687afa,2,938,1,False,7e0bc10162e7d08de3e7fddb82d4258b,51e61a903d70a05cbfebd793e956371d,2416,1736,232549883508,0.9494
4393c5bc576a,1,939,1,False,47673a2b1f0e0970a15d2a9b251904cd,5cf430b26e2ac49f13dd4e87e2f429ac,2896,1944,e811f39a1243,0.9208
43bc7c066dfb,0,940,1,False,5ef0b7c3792e9c1d839b2998fa028378,3163bf1d73e856039d048a97bb5f214d,1050,1050,1d37f1c8b6d8,0.9936
43ddd0ab0cc4,2,941,1,False,cd58015492350ec09a7232a0041c276a,bb2916bdbe347f64add63a7a35b8e09c,3388,2588,38e111cac46f,0.9672
43e9c66eb0f3,0,942,1,False,281431a1315f86692577c9fdee635db9,2e0ffaa005c406d4594b5dc4133c4ab0,2588,1958,1414128bead0,0.8553
43f22d1be8dd,0,943,1,False,5f69a9c371b955ed058b8edafd946bc4,1b2ccacf0050a299d853712f0b641ac2,819,614,767d777ee889,0.9808
43fb6eda9b97,2,944,2,False,781b4bf238bc2bba180d85f615a988a6,b004b1c202b08b3a0d3e9d4cb56148ba,2144,1424,e4e343eaae2a,1.0
4403538fb50f,0,945,1,False,8493c4938292705abc6ef364689af21a,5466933eeae6ae9b54c06462872d7546,1050,1050,e9ce5bf645ab,0.9864
4409965eb2a4,0,946,1,False,d27f5e258cd568d225d1a954bef62f2d,f0a81581087d32dbe10bd2f3b5c05da4,1050,1050,6b3860e8f64f,0.9943
441117562359,2,947,1,False,9609ff36ff43af139938ee5043a715d2,4408be83295c233d99df5ae840a22945,3216,2136,4462fba1d2a1,0.9807
441848e0f308,0,948,1,False,ee639ecef40867503c50cb954d0eb6c6,a6c0a8485f864545e0e22c407d7b09d7,819,614,4c60f6fcea75,0.9246
441affbe99aa,2,949,1,False,b0fa8cf7954aaa802d02a87cfddd0249,9856486de67b1b9bae7e92afc9a23f0c,640,480,add1d681d712,0.7841
44271f3cb18f,0,950,1,False,73b0ab87b8b884029644a3e2b6a68632,ae24ab6c471d7af05485624fc79935f7,819,614,4a1afe4044f4,0.9519
445a8a6da55c,0,951,1,False,87bb426925f4a6fde01dc7602b002b4a,f767ea0a52d63b486192f729e58d6c96,1050,1050,ae49cc60f251,0.9898
4462fba1d2a1,4,952,1,False,acab13bbe1df4e50f5c4ab78be122542,ba38d5909fc09eec5384829439625429,3216,2136,64a13949e879,0.9831
4464bb62bf20,0,953,1,False,2bb3c2931c7580f31a4a05bc943dd524,61838163083be09d31fe80a9c187d24c,2588,1958,72595230840c,0.8991
4478b870e549,2,954,1,False,68f75c9743a9d3da65563398bd08007a,eb35f520a146f13f29356d37b963a49f,2416,1736,89ee1fa16f90,0.9834
44855f666225,2,955,1,False,c7058a0418d18098dbdb7bb6417d96e1,d8807c32a44740497653479025cb5fef,2588,1958,6e018411ba4a,0.8805
44878f34e31f,0,956,1,False,4c6642f0f9cae3df4f9ee00aba697c41,f05498811737ec44a93a3ed23a36a50c,1050,1050,8329e80c10ac,0.9916
4489d421e5aa,2,957,1,False,e34fef51ee1e9a82d96195f74faa807d,8e1d5608bd1317752bcc6daf4a368b9e,3216,2136,f2094a20b275,0.9741
44976c3b11a6,0,958,1,False,ddcb6ab693b7e9d5aec2ed20188b9a3e,103e57bab4dfff9f33c95ee2e8313aee,2588,1958,ae8424cdb029,0.9409
44a4d04162cc,0,959,1,False,17704ddc9fb24d161ba852d1b1849d87,3a961cd490fa40f8e49749d0626a8a41,1050,1050,67c03349bb31,0.9889
44a86263117b,0,960,1,False,551ce6fff4bd744b180613dc5f65a8c2,c64322c4af34d34d7f2efb4372b5e18b,1050,1050,f00ce9b9d6f4,0.9952
44c869174e3a,2,961,1,False,761daff0007129e66a8a59d4b8f1dd96,760ed526c3717a0a335930dfaa5965f4,3216,2136,52886bed8a07,0.9848
44e0d56e9d42,2,962,1,False,33364fc99dcd993969ca6a9587158a8b,bc8fe5bc93febb97cbeaf897b578c71d,3216,2136,3748349334f6,0.9823
44e951e45dca,2,963,1,False,44951de275d7f269ce3aae900b6af285,7ecc46a96d953a7a11f1bb68efa70d2c,2416,1736,a8c54e2a4b79,0.9799
44ecf3f4efa5,4,964,1,False,10c3411a9ee61bbe8588638edda6335c,929534a0f935cb4c301b22736a1bb822,2416,1736,61bbc11fe503,0.9672
44f4ae58990e,2,965,1,False,349ad8248a9521fe2605ccc30816e7ff,1d13b75e246549a877cb9c839cce3997,2416,1736,2b48daf24be0,0.9804
44f7f3ef9d50,0,966,1,False,5d693932b6237fe617657005fb5776a0,7700064ddf77af969189563962cd6e6c,2588,1958,de38adaae009,0.9196
4528fbbd43a3,0,967,1,False,6c74498761410d22e3a0bfa89993a7df,66cd03a2cef40873c463180e40cbfa0f,1050,1050,8f9819752ca0,0.9824
45369821d6a3,0,968,1,False,63d45afa314ca4edc5936804ad9bf0d9,4ec34c9a8c4396f4a59c7ed8175e8632,1050,1050,ba4e62c11cc0,0.9936
453a1e2754b2,2,969,1,False,0c15a7e90f0ecd28713ec62a47ac1ae8,b34c2a3611e16d37bc81ae144f709ee1,640,480,b0eeae01b8ab,0.8925
453d553b0a94,2,970,1,False,f9b9ca513cbf518e4802c6c3b8a309ee,8ddc00d0f817da3dec73fd70fe1ffd14,3216,2136,c3e02d4a1798,0.9655
454792eb6e05,0,971,1,False,b37b75e96a7e496cedcc29b24ce6ffcd,7d5383bbf1872919651b2a1a90a8c2a6,2048,1536,bdc6c60e9133,0.9891
454a944eb557,0,972,1,False,3b7787a20554deff15834c7ac4bbb17b,6a0342dd42e551fca3d50f82f2a19359,819,614,f91cfa82b9d4,0.9663
4554062fa836,0,973,1,False,eeda04743925fd550184be5b7280d4a0,0f5c5e71bebedc6d53ae3d0c5f1e913a,2588,1958,929cd3867815,0.8966
45693d027798,0,974,1,False,553f26609a076e6d61555bb007ade37b,9fa5bbd24d8d35bd62e5d932c2a82609,1050,1050,ec6f1797a25a,0.9917
457c7c927e27,3,975,1,False,f09c2074640fa732ab0359a1c5f97cb5,7f0c0e822428340b3be02cd62e9a5180,2588,1958,7a6e384a0846,0.8975
45ae04cfde5d,2,976,1,False,1c750ab46cb3849a50daf0c1be3fe7d9,380052b65ec6010cfb28108a5f722e0f,3216,2136,e499434242cc,0.9787
45c39ab9e797,2,977,1,False,ae925559af1f79245bad595c630887b1,631d5b50aabbb7c31f28ce71dcbf569a,2588,1958,f72ef9ceeaa8,0.8899
45e4b7eada54,1,978,1,False,da3f8015d26b9044d47b222436722fa9,084a29411883639c40d8f05f2b8744bd,2416,1736,c40976189f22,0.9442
460893cd86e3,2,979,1,False,0090a38df21fea899f5e1f66dbf0692d,61b8bb0f78c27d0a2d2a37ab8997dbee,1050,1050,875d2ffcbf47,0.9897
461fa5292fda,0,980,1,False,a5124f1f557cd43c551b468adf7ae9bc,4d2201b5e3359536174f60b5c83c10f3,1050,1050,e1b8acb1cea1,0.9901
462937ece243,0,981,1,False,0aa2ecdd898c04038f4e43d661523bd1,d2af8eea45727964d3d30716e0894a13,1050,1050,ca2b54b95ade,0.9847
465c618f7b23,2,982,1,False,c7b3a87cc3d214c322329d6c6faaf5d0,642c6432909e343bca8f9d6946a4413c,2416,1736,35d6c4c50072,0.9544
4661006f3ba6,1,983,1,False,35de461d39d2866018643c0f23c3e294,6bb629ea71a38430134118a110e2c9dc,2416,1736,4d21ce39c905,0.9417
467b7d9d811c,2,984,1,False,c61a72a1be62bcd1afe0d4e228f89aca,069f5f4cc279c9a78d899921a91911d1,2416,1736,5a03fe3ed15c,0.9544
4689b739d240,4,985,1,False,ec16f81f103e4f231b8b7ce9773cbe40,32c3e55916c3a96b4b4a131a5d640b31,2416,1736,7247a2c97f71,0.9533
46923eea9a4e,2,986,1,False,2709c193536ed42c1a38fec49915ded4,fa7f89d0c375fd5766a3d05d212ccf84,2416,1736,27e2be850a99,0.9743
46acc506fa61,0,987,1,False,c6497a4739b093980dda2fe80f9b0cdd,770bf51fb856185bc00ae7aacd0f2da9,1050,1050,7ec0e61a7e29,0.9908
46c1548d730e,2,988,1,False,d6251c5f2b87d83a9ec350af341f9e27,eeaede19e71c6bd05bdfd34103ff1e5c,2588,1958,b6a0e348a01e,0.9364
46cdc8b685bd,4,989,2,True,c87e2f95a75a7ab965aa58e730a0d4cc,5425e81dca2955d4020d0c5eac39d1ea,3216,2136,e4151feb8443,1.0
46d3316c4857,4,990,1,False,a43bf7f6130c2446fe57acf9037988e7,1f05d2cee444e7ad40f4e75e226a9954,3216,2136,63d217b059b6,0.9415
46f56c38051f,2,991,1,False,6051563ec8ac0e25c321ade0ab949cb3,5f44b2db87b38d6bde65dca676efc4d3,3388,2588,2d870833c0c9,0.9692
4704dbb59536,0,992,1,False,0701ceda669be33726bb95f887ebedbf,e704c69326acb7c3e9e0c85f4efaa5a8,2048,1536,67ed8cc78b97,0.9796
4731e708ede3,0,993,1,False,8f7b0904923b7c5ff81f930c93d14d8c,95ed41cb9fcfb3792a05c45e14371e7e,819,614,5baed382f062,0.951
475300735b7f,0,994,1,False,f77bd2afd7b77f8fb09c173eea5485c3,aadb2382ef57f673c26822d7e471af1d,1050,1050,bf7b4eae7ad0,0.9958
47536db39f00,0,995,1,False,dc7ccb0225f45da00d7c5d7c88feca9c,a54b7156402af7799b4a43b4f0f73f41,2588,1958,eedae6b28f96,0.9681
475c7ded0f7a,2,996,1,False,141cbcaa4c01e0fa5ca17005f282815f,deba8058da2cc584adc4115733e1b208,3388,2588,6298468d7d75,0.9782
478fc46eaa49,0,997,1,False,2a03655f8606166778960df9b92c3933,75473e4f3320c0aae77b87baef0a4186,1050,1050,82088c6734e6,0.992
47b756014447,2,998,1,False,04d0ec2df04c6870b3fdb5fafdf51ce4,38e89512a2904d64069bbd13a440ec39,2416,1736,44f4ae58990e,0.978
47d1603a555b,1,999,1,False,37f0fb99bbca0b00e519f0a452045582,1e650fd3bda551ded3915f5dc4409230,2416,1736,a19ecd0a706e,0.9858
47e51065b819,2,1000,1,False,d67e8d8a3063c20ad55f56659295b1b6,3934d3442e8ca137634d716a6abb6496,3216,2136,4ed31cc07366,0.9715
4818672273af,2,1001,1,False,e6fb4b5580655859a15334bc741df32b,5417638456a73ecbc13901c42b54d3c4,3388,2588,354b8911d6ed,0.9717
482088e6be44,0,1002,1,False,06ddf088e6e45098e5fc5c96213de625,aee4bf637082dcc647c95aaf1b6d62c9,2048,1536,5299a532f0e0,0.9434
4826d10030b3,0,1003,1,False,e450de909843335d20dafacad4f65909,e4d1677fd0247b81f9bbf84efe15759c,1050,1050,a34fc5376669,0.99
484dbeb9bf2a,0,1004,1,False,00f5e31b71dc37008b8fa977d78802d5,55bbb4cce8ede34e153a92c2d33b87be,2048,1536,4145dcb25053,0.9804
48543037d0b3,2,1005,1,False,544e195794184c1c0f09b808466c1fb0,76f8c64cd106d368a2544bb45c73e5ea,2416,1736,f7fec8935126,0.9433
4860f7813654,0,1006,1,False,65a5e5dd24e3dc1e94e5a1b6e2fdcedd,2fcd88afd597a2b861016dff9d09779f,2588,1958,3732de8b416f,0.9155
486e852a3b4d,0,1007,1,False,903d5d31b970f7567293b72f82339ff7,59eaa99470b25e1818907ee4a4fae7aa,819,614,5264a54e1830,0.9321
48a45619d1a3,0,1008,1,False,f1274b1e058d5bf7780897cb8817fd57,1f8644ed52ff78845baf20d0cdddf8d0,819,614,9f935fb38440,0.9851
48afe8c47454,2,1009,1,False,b0c84ff04f1677959e8dde98142e309c,d881e1d66e425286ff33dc3a7d1399c3,3216,2136,d844a7252f4e,0.9836
48c49f662f7d,2,1010,2,False,e7699fcab7a16c18350e96d8e9890cff,f1b8772d277773c5a656ec40bc3ae9f0,1504,1000,6cb98da77e3e,1.0
48c72dec46e5,2,1011,1,False,a799a4554b3984f4d8c0b281e46be661,27592fb971b59bd1d19bda229ffa8f3d,2416,1736,1269ab57c2e6,0.9786
48fda42bd5d4,2,1012,1,False,47caad8e30c92e015284a5fd5ce59767,ae65208b38d629d90b26a33865632d15,3216,2136,76fe19ff64fb,0.9494
4926dea289f8,0,1013,1,False,548f8291efefbe8765d66db0ab59ab3a,76854c09091f3bf33b43d3b380900358,1050,1050,67c03349bb31,0.9894
4927945ecfed,0,1014,1,False,d38ce5957a17832ea180bf393fd51e49,f769980ae088814a4173a855470f4e5d,1050,1050,5d6239c0fd39,0.9926
49386d603494,1,1015,1,False,b7d90ecea54b3b34de2944e452e08882,03f6e28845557bfc8143aacc06c51b12,2416,1736,da1fb35f5df9,0.9813
493d99f030e2,0,1016,1,False,60ad8a616b526d4f2fc2b550406e2ee4,88925281bdf2b131445302df94bfbbfb,2588,1958,0c43c79e8cfb,0.8732
49419f8d5cb4,2,1017,1,False,eaba284fa05fd0d639632fec5f74dc51,bc831e58352b371b8e2678e1e6a40aaf,3216,2136,8cb6b5b2f19c,0.9735
494fc9c745a3,1,1018,1,False,d2cb997b743fe51fdcc1d63229513007,4071820349c0fcf07a90867a77e7420d,2416,1736,c1799a6f5c65,0.9426
495106ae3b68,0,1019,1,False,fcff40bbf880aa2ece7663ba56c64b62,81fb64750f7c8355eb54095c5c6679a2,1050,1050,79cbae28d8b2,0.9953
495255c7492f,1,1020,1,False,4cb11232b4bcebdba0de75b590b8fc6b,ef0bfc5c67dfb81cbb2d414e01ccba2a,2416,1736,4ecd1fdd1435,0.9562
4958bfcc9f38,0,1021,1,False,173d41bc1a78ee087e7bea6a87aed00f,3f49568052189ee1580e12590684f993,1050,1050,ae49cc60f251,0.9892
496155f71d0a,0,1022,1,False,854170c06f7fed73f61902a93729fc18,919d381a656c3f86231c5d315a18d234,1050,1050,bf7b4eae7ad0,0.9921
4982378d72f9,0,1023,1,False,e65e97ac81ceb47221a7ea0435a36ddd,820237ccfd37b46d8cf42095130a5332,2048,1536,f431f2e119d7,0.9859
498f143c0374,3,1024,1,False,89a717d58c22d3cbe2566fd3676a85db,f6b188d2794f689505b1998365c83de8,4288,2848,187f6ccda87a,0.8819
499c8df39222,4,1025,1,False,4ddb4c3c1322b4bca434767cbe93f463,5793bc32a47b34d5da7b29d4dbb450f4,2416,1736,7dee6bf8b9c1,0.9731
49a4765f8822,2,1026,1,False,0e87bd67324b10762f489e383336fe2a,44e92e6d47960f6e62976fe036251794,3216,2136,19113e5f45ec,0.9587
49c5e7f6b8d2,1,1027,1,False,d78147471517885f3960b1d621e265e7,5768dc3a2c5afdda223c4818b9da2c0d,2416,1736,a8eb35b3bcd2,0.9801
49d69c4c6290,2,1028,1,False,d45de89899decc778724e00184bd244e,352edb0accbbfa0b5212837357abf3d7,2416,1736,6028a575dc27,0.9626
49e4b95ee2dc,0,1029,1,False,7c987b42fbf852915fa57423ab830822,7a90683dc822a4a09e8ad4db00bff8e6,2588,1958,f85fd4fac887,0.9297
49eb73968c44,0,1030,1,False,2537253783d13d13867b9275d3a1685a,1203cdb07085b8507f361f0bf6509240,819,614,b549af91bd30,0.986
4a05f81b3aba,0,1031,1,False,4f60773978be6cb11bd54abc2ccbcb60,c8fde48209026365e3b22b0c77fbb6d9,819,614,184a185e7447,0.9101
4a0890b08532,2,1032,1,False,ead1484058f2cb688cd91bfe69c86ebd,0c1f2e757b1b5e83273645cdb3109f94,3216,2136,b0d35981708b,0.9616
4a0bba3b7d83,2,1033,1,False,a15cc5b7e4e2e50969c716656e284728,a85413fc5373ab32b0b0cf1a8f6735fb,2416,1736,3402124408ea,0.9713
4a1afe4044f4,0,1034,1,False,8e669eb1c718c4ed1eb079bc15d1de42,0f9d16c80e3643cb8c80221f2828c149,819,614,435414ccccf7,0.9579
4a213b405ee4,1,1035,1,False,03ebd1f7dfdd68e0913f4347ed27e53a,71431bfa2f4aad3506050cdcdb816ccc,3388,2588,96a9706b8534,0.9656
4a3da369b227,4,1036,1,False,c5add9fc5a035788e78e02aa1388008d,119fae8db9a1a0a54d7727a122a6a2eb,3216,2136,3ffa14d60b24,0.9733
4a44cc840ebe,2,168,2,True,91b2c675f15f09bcddc0613929de649b,e6c807c530b24d9cd3dff21c7ed0bd04,3216,2136,0cb14014117d,1.0
4a4cb731f91a,0,1038,1,False,518c0651607737c7c8f774d533484e53,0d0c209917113fa0391495c8bc408f02,2048,1536,b74de20d73de,0.9902
4a558a1cd243,2,1039,1,False,c36834abdb3a9b9a0cbb7897d0abd62f,9dd6d0098da25cb438038e039584f4e3,2588,1958,2d07162a13b1,0.8943
4a589edaea60,0,1040,1,False,86251a22dfa59c6c100807c2a8bbe38d,2984e63d62d7d56fe7b0551ad822e1e7,1050,1050,4b237b958555,0.9857
4a5a6efc0bef,0,1041,1,False,d9e7e4cf399a8e355e66868b3de3b146,c556a01f1b5e8e84c53e59ca22e29c7a,1050,1050,9bd008aab548,0.9902
4a693dd3921a,4,1042,1,False,01c87ba98338305f5a3285ae2b7c41e8,32f6cbc3d65c87d96868eacc8873004f,2588,1958,3f3de2a6b0f5,0.7803
4a7dc013e802,4,1043,1,False,fb101c2cb499f81d8852842372e95abc,3f4949fdfa9028cf56ac616811615a57,2588,1958,d3de0d313d61,0.8752
4a96c28f3f07,0,1044,1,False,7585758213f4a45957163383e8e31b36,94d00037d96a8ef6e7f47b5ffe726354,819,614,5b47043942f4,0.9737
4aa07d720638,1,1045,1,False,efd385f7c4279af2008ba84d91102e10,09d521492a10e6d949f1de7b49193257,2416,1736,e3e490babc0c,0.9693
4aa3d771c5e4,0,1046,1,False,233fc4b5826ba4046be3556e7d03663c,92c29160884c820559d37ee9ab7e218b,1050,1050,475300735b7f,0.9908
4ab8c0cece7f,0,1047,1,False,aa059dd69cfddd0fc78a25f73838a8a7,9e46a0a9870e56ba4238a588b5fc56da,1050,1050,0a4e1a29ffff,0.9882
4abca30b676b,4,1048,1,False,7a7f7c91b70f0e6a6685e895e7cb5aa5,68e37f9305591894eb9c73daaa7fff51,2416,1736,47b756014447,0.972
4ad6109706e8,2,1049,1,False,0c2d5121f25d0a474e3cb38df5eb822f,685fc6265d67ec9b5a4820a7ae33f361,3216,2136,e6a58edc5b42,0.9816
4ad8d3ec8789,0,1050,1,False,c80d1ec61009f122b439a5ce1df7a816,9e2ddf089cd2e450535d3a154780aaad,2048,1536,60edda7b4871,0.9351
4b1001050f1d,2,1051,1,False,8643e981c41143479f0a10624206816f,92172cfbdd6eec29c7bbeccee38a287f,2588,1958,fc4d69128e7c,0.8991
4b237b958555,0,1052,1,False,97fab3f9648ad4cede0a5c2ed7eb48db,79807e7e22d80e91265da65e334dd662,1050,1050,870f433e8f37,0.9924
4b422b48d0d4,2,1053,1,False,4356b6636130287db5ceeecbe4d5f187,2145fe045786b84b17ee007b805152b7,2588,1958,eae901557a84,0.8401
4b5ffea77373,2,1054,1,False,c9cf1f958b0181979c6b5fb3c6753e03,ee1cdcc161ee83035ce05acabd105885,3216,2136,b99c825b93c5,0.951
4b618537d52f,3,1055,1,False,96003cad4ed51f8c426748c2ae480e11,0a291e16b8e9da399c1559efe4af2960,2416,1736,7ccb267fd394,0.9655
4b6895d0cf8d,0,1056,1,False,50f186a6531e4930d29703390e93b874,e266ad20c2eaed560dba2935a89e1e41,819,614,7179f85bfd6f,0.9062
4b6cb0bcfd44,0,1057,1,False,dd1672f0aa6d9607333edf59f846754f,0aee6b2f6266cec5b9724d1b674f9863,2048,1536,69f43381317b,0.9699
4bcee3cbe232,0,1058,1,False,f72a886dfe1807918d7a23a2f98a8a4f,50ad0e486562ad518ca655d6f4710c0a,1050,1050,de55ed25e0e8,0.9897
4bd5d0b30198,0,1059,1,False,a6909fa58f87d1bd059c403bbb72fa98,7bd1ffce6b27b057de2fb3f448d18a6e,1050,1050,db52626d450c,0.9857
4bd941611343,4,1060,1,False,29f927bd50b87687eccbdca5bf0dd861,0a5983489a76a9e9d0bdd7a4c866da23,2588,1958,24b943fe725e,0.8381
4beeca5cc859,0,1061,1,False,5ceef503990ae3f16591e9782c907660,ed441312e56197a0a9718ed9d3c8be5a,1050,1050,c6f5b5b5be41,0.9863
4c129470cec4,1,1062,1,False,df8c101d39665b513fe5f83bc874b1c8,4e93634dfcef39aa6ea3cf272336993e,2416,1736,51d780864365,0.9655
4c17e85686f0,0,1063,1,False,1bf80195c6e14d27a7ebcd3cac6c3fa4,91398cdde5318f364b4a76350655f309,1050,1050,3323fd59782e,0.9948
4c389d033cb0,0,1064,1,False,e72059017b455b4def4a4d104e43ed6a,173b8ecf313d635412f7c1c5d4a3cfcc,2048,1536,af87d48ffe01,0.9853
4c3c1ed09771,1,1065,1,False,6862119dffbea51f07db05e5f37da811,50350da6383b8d6bc120492d733cd07e,2416,1736,92f313287a29,0.9542
4c52922f3bfd,2,1066,1,False,f6cd7348d33fac25aa3cf626db4c72b0,f47b68c3f7880be6915ae82f860ef007,2416,1736,a14bbd9a583e,0.9051
4c53cc97ea13,0,1067,1,False,30d01a39f9646dae2b1e9157d705d601,16558d1df1e40a355c19f2f16adfde08,2048,1536,fe0e2dee1834,0.9475
4c570172778b,3,1068,1,False,2b17d36b532b0bb9bab3b4647f6e6364,e568b2e53867f4322ae866956dce7c50,3388,2588,6987804eb464,0.9409
4c5ab774a381,0,1069,1,False,d4dce25861753526c3f35132999e7ba6,dab52a03bbcb1786fe40a718adc840b7,2048,1536,bab776139279,0.9731
4c60b10a3a6a,3,1070,1,False,68d5c8af3360f2d95ff007a6b3131fd8,64d4b7be21b057b5da999c2eef7ae83e,2588,1958,f56ff0440ed1,0.8953
4c60f6fcea75,0,1071,1,False,27a027d21b3014fc7f5ebd76031bf387,f089c3ac4fdbc280275ba7a4d8d2c55c,819,614,ae20112e7a1e,0.9457
4c635a01593d,0,1072,1,False,5def2a03edd6644dd06aff6baf59a1d7,b2487db4a04c7c00c497b6b81b7fb15d,2048,1536,d91635f380b4,0.9733
4c6c5a1bf5ab,0,1073,1,False,7f926c8f37323caeb40cc8b3d214dad0,47b7a42679fdd3fe871adf20968c76ab,819,614,f8d62557ad0c,0.92
4c78d9d18da9,2,1074,1,False,299aa8f48a3f3c3c823d8519bb082b99,a9e55b8627d14cbade64c84f9fd8e281,2416,1736,42b08dca9b2f,0.9732
4c9f0fdaaef7,3,1075,1,False,31db0a0a6d73c4f546bc5b757f2322cd,a263de423ae5254ebe61bd56d04ce277,2588,1958,07419eddd6be,0.8738
4cae247d9909,1,1076,1,False,f37dd2f60de0e64fe720c9db3764686f,01756adfafcf101c7de7b5054d16b06b,1050,1050,12ef75375322,0.9954
4ccee4db09b6,0,1077,1,False,aa36a85cb1c1851a6307a20a75615502,917967cd3f0bd35f992e13d578560b82,2048,1536,8906c9ed54a2,0.9578
4ccfa0b4e96c,4,715,2,True,9cf2cd970502c8026a8377499aa1bf98,b97107158c9f7b17a7284fa044501700,1476,1117,33778d136069,1.0
4cddfc22b0ad,0,1079,1,False,e5b954d169fb6a94a826d5d801042fb5,bcfdb1525ca994709164f4875a4da524,819,614,ae20112e7a1e,0.9231
4cde86044ad1,0,1080,1,False,098345a8b3372d6cbad2fd9f198babe9,201596c553cd9893db8ac00248f9f123,1050,1050,ebf4b22240f4,0.9919
4ce74e5eb51d,2,1081,2,False,b5b7d8571461326767d14d895f56f41e,8f7cd934fa5a60631b7f8959898af504,3216,2136,c68dfa021d62,1.0
4cf4d528c08e,0,1082,1,False,3fd40a2b2ad6dd0cc412d2c2671e4e7b,f83d420747604fd381e64cc6ee5d8f60,2048,1536,d2c5fb82fe5f,0.9653
4cfd22ae43d4,0,1083,1,False,57998ae745121e0e7b7f48509fa550ca,71d4c8b6e53ed7d09c2c1b5fd2201aad,1050,1050,83df53d58f28,0.9968
4d009cebabc9,2,1084,1,False,ca9920722ee5b6afdc3ac9f2346b0013,f318280cc830f5928520836f81c4afee,3216,2136,d83c3efade75,0.97
4d167ca69ea8,0,1085,1,False,bfb4f46b7fa62a60db053effd2d6a7ed,591be497a7adde22f6dafd0c1efdacac,1050,1050,d6b109c82067,0.9895
4d17559ac1e2,0,1086,1,False,892c2359e042fe7cc21d71cb06110dba,fa7b0a76f0fc1873591e8de9c2eb0646,2588,1958,2db0cd3e30da,0.918
4d1cf360b2d7,2,1087,1,False,691b1d28dc441dd7e3acb943ba1349ab,5be5213ace43888ae47a344c43a85753,3388,2588,a88f68b0b114,0.9781
4d1e7def7624,0,1088,1,False,b02d99f727d06f04792138915b560c19,1405fcea34f00463185f34d0855030f0,2588,1958,d8404680bba6,0.9574
4d21ce39c905,2,1089,1,False,0d8f68ee37df15ec768cf2774bb847f1,90489242fd933a424104a0c56bf18c67,3216,2136,a0d04a19cf40,0.9778
4d3de40ced3a,0,1090,1,False,a1c2c258c537927160e1fbf7907e2c13,2e1a8edb8b99007af7f80b6d017933ac,1050,1050,e893e86dde94,0.9879
4d47300e3ddb,3,1091,1,False,8e6c277c9d95af826bf36c8ba45fe3b7,3eeff1b2131b0dfc44a99557f6e0cbf3,2588,1958,d3de0d313d61,0.8893
4d7d6928534a,1,1092,2,False,cb7523a83e7304c837e86cd5afdef5ab,554d794b30c62de5b8005a1f08cea6a2,1504,1000,94b1d8ad35ec,1.0
4d9fc85a8259,3,305,2,True,ef39188df43c0878c8aa2f1723ad743c,3d75a368c828c9770dd26f284de7b0bb,2416,1736,16ce555748d8,1.0
4da2961e62fe,1,1094,1,False,82cf5ae0d192929965de48cab2697f24,73898e1f20ae1fc28fe4f7168b3aa296,2588,1958,92d8a7c8e718,0.9367
4da6e2089d57,2,1095,1,False,0cddf77ce731ede2bc96d237cfa6db89,ea7f9b76af215be5cea937aa962c03be,3216,2136,52886bed8a07,0.9854
4dbce359d0e1,2,1096,1,False,22f25fb952c513672777063b86605daf,3b8de66afbd9bbed2aa34ab6dd5ab4c9,3388,2588,6298468d7d75,0.9604
4dc2211a1c31,4,1097,1,False,de92d120a2b556406911cbb925d8f101,1cf1d0e576727bf1cf4f2baf750fbfe8,2588,1958,eedae6b28f96,0.9443
4dd14c380696,0,1098,1,False,662508acf6786a65060d5abce084da2b,a775a6276d6ddecab7af44ad26f3d4e9,819,614,2d04cead4d3a,0.9781
4dd4a4bf2421,0,1099,1,False,8620892b4ec54a6093d6fe93269638bf,9698ff608077354e65de67a33082cdec,1050,1050,4958bfcc9f38,0.9879
4dd5d5ccddcf,1,1100,1,False,d87896f4da3fe7179a8f08a878b3dbea,d52f094edb2709b19d13b16c23e96056,2416,1736,fdd18ccbbdc5,0.9633
4dd71fc7f22b,4,1101,1,False,25b79d0bed7178c2fc0160e8e69c2085,b101d8e7886f256a98d7fceedd845fcc,640,480,9b95d6203406,0.8395
4dd7b322f342,0,1102,1,False,d0a6a0a930b32c98ab35a2796d94c5af,8bf993042070638cec77e80093f7bec3,819,614,8c84e96d9b01,0.8742
4dd9d29eae5d,1,1103,1,False,a8846a6d3fbf9f70e3fab2e697571e1a,73db5a912502ec37e1c1685673fd9eec,2588,1958,b94c58d063bf,0.9235
4df6a81b476e,3,1104,1,False,83eb59a55cd1ee5c9d873050377e3cd4,4fb17543e832d4f52b7f261624ec13bf,2588,1958,7a6e384a0846,0.9374
4e0656629d02,1,1105,1,False,aacfc3518da3e40aa09be3d55d661eba,bc81de8d3cdcc4bef80230b5e59b0314,2588,1958,10a5026eb8e6,0.8657
4e1e252317b5,0,1106,1,False,fb58427fb033708bed01b75afdd03608,0e15ec356edc2817ba5abdaf2df0204d,1050,1050,415d5c5e785f,0.9851
4e231670b48c,0,1107,1,False,3ed73f44efd22437767f95c4be5d4c78,4bac2c945da81f5046bad7455eb13591,1050,1050,150fc7127582,0.9911
4e43d05cc2ef,2,1108,1,False,bfd98da4560b805024d3838d0e1858bd,d372513b50b9cd82e033fdc663acef21,2416,1736,f2094a20b275,0.9398
4e4a6224a04e,0,1109,1,False,0bf624e34887851bd14a994b692d8dd3,51221624daaab80efb296e4ced62bc02,1050,1050,999ad827ed35,0.9911
4e54ccfd49b2,0,1110,1,False,0fbf3a8c876efbbc917649a47ab7a814,8fc9b9ee91e36b30b3fecf40063db208,1050,1050,ab653b8554c0,0.9954
4e6071b73120,1,1111,1,False,b4fd72d2e2980b5bd9c385bc262d9dd8,414560bc4dfc8847ba3fa953ae7e590e,1844,1226,8a25a080f28f,0.9115
4e7694eebb91,2,1112,1,False,f852c24da2e6567d3024b72e8a2ac1f1,c07c6bef9bcc9532859a06fbc62ca0e3,2416,1736,8d3d67661620,0.9642
4e82c3c8d31f,1,1113,1,False,59da59949984d5684647e78ae87aedb2,ed45f2d8fa1b281e6d88ff8c802aee36,3388,2588,bda7ff3b1562,0.9746
4e8585a96739,0,1114,1,False,c1f0a7bdd0466c37a88ca6573040363f,b8b6b658a3a705fcef5a83b089ac2118,819,614,daad7b617f21,0.9395
4e85aa647534,0,1115,1,False,715ded70673318a8237cdd99be4bc47c,e9a4e158dfc433ef4c85387feb8e3015,819,614,9a159d4674cd,0.9435
4eabad7948cf,0,1116,1,False,cc1f5c25713156143141f28edf09fda1,fa97f3740d319026081b8120f6e7a7e8,2048,1536,4982378d72f9,0.9709
4eaf2f81819d,0,1117,1,False,44977f457624565728dfca862a89a5cc,651ff711404c109d3ea82c0d08a94bc6,1050,1050,53273d664cd8,0.993
4ec7796df40e,0,1118,1,False,ff4071ea889772db2bcf85de1253daaf,f60e8d8df86d97fcebdb6f386e519f14,2048,1536,1864d3411143,0.9641
4ecd1fdd1435,1,1119,1,False,c77a5acfac43ffe1c5b0985babbbb786,6e84d0b63b98e7a490d84c029a689a76,2416,1736,aa9b8f05f4bf,0.9701
4ed31cc07366,2,1120,1,False,3ded0b8b4ba6bbaffb6afece7a08cafe,3755fad5aeeea18f317d3e0cb1b4c840,3216,2136,3810040096cb,0.9788
4ee1ad981a6d,2,1121,1,False,0add39f7e055337ceb105611d6289813,05e8a4ae523fb0f0612a913eabe57424,2588,1958,f002ce614c59,0.87
4ef0b485a7da,2,1122,1,False,8f95fce44579bfe7f3fb6b8bf2e6c43e,185ca9803f7c1494b189c0b828c8602c,1050,1050,e893e86dde94,0.9827
4ef16a53d899,0,1123,1,False,e3d24da8385e619345cac2ff4eea32b1,8bf72893d1e55fd1e04979bfe7eb711b,819,614,248dec89b3a2,0.9701
4ef7144e24ff,1,1124,1,False,ac91e3d7cc57bd4ae7d03b9f16ae2121,7ab8d23d863f20bcdea059672e728938,2416,1736,69fff98cb32a,0.9817
4f0866b90c27,3,1125,1,False,1e3884d2bfdbaa390f30e9ba4ec04d89,bd00b94f687bec846fbc1aa7c8503f88,2896,1944,bf8092e4001d,0.9496
4f20f9a9a65b,2,1126,1,False,fc5328af7a41456d354f3f75ae34de32,d58d10ae48442ec0dfaa9d8c97e7139a,2588,1958,9c72ed6befa0,0.9161
4f46d7ee61ed,2,1127,1,False,0493dab085b8d22caa5cabd8dc6f2bbe,943b396e7e26ec2b919624172edd3806,3216,2136,8eb3337a54e9,0.9612
4f5dd7660b17,0,1128,1,False,ea525c146377846feb2a255884e9594b,efdff7c5a89fa9f4900a0f8565ad7ed5,2416,1736,f2d2a0c92034,0.9779
4f60129e9a5b,2,1129,1,False,4c845ad672761d9bd4fc6f7c01dd6ac8,c8f39b3c1eed050a52a6fd0db3e5a807,3216,2136,5265dc9acdf8,0.9793
4f6abc40c72d,0,1130,1,False,ad8f7ea71f167a349b8a68591d6f1e74,b1c22810cf6897f3fedf3de7227f4400,1050,1050,3cab32dd6ef9,0.9935
4f7755e74a9e,1,1131,1,False,90e0f34c0a427732b489f55bc466a6ef,9cf997f95a760331f0bc89f44c6c62fe,2416,1736,f7fec8935126,0.9225
4fa26d065ad3,1,1132,1,False,1997f7e27faea145fd03419a6e1886c9,0d7cbc6f8941bebab61890bb169ea95f,2416,1736,c568e5245ea5,0.9684
4faf4063db8c,0,1133,1,False,eb918c36f8400d25d341b2b753609d61,c9e679700ff5af50ba55d34ca27ceeee,1050,1050,e4dcca36ceb4,0.9932
4fd5ec0dca09,0,1134,1,False,5f6b161ed312657c3b78ea2c65148d37,facd6053e293eaab5cdc53e7a5e9ce1c,819,614,a56729de89e9,0.9803
4fecf87184e6,3,1135,3,True,76773eca8d3a286e9baf4c146745d912,7472923de57ad878ce4c28e87279a77f,2416,1736,9bf060db8376,1.0
4fef9ed8a4c5,3,1136,1,False,e0ca2119a0d239a85a1f430b3cb36a90,b18840e77f8f32d507b3ec8391b67899,3216,2136,887c26fc0e1f,0.9631
4ffa38550c95,0,1137,1,False,08e7968938080095ebe8d97bf038ad69,cc0b660224e7f1bce1e0277d85c2292b,2048,1536,98d41bce73a8,0.9521
500aad15b7c8,0,1138,1,False,fe0992b16250412835b778c445aebcf1,be82d0cf48c3dea50d2d014253b59283,2048,1536,0a74c92e287c,0.9573
501c319f7a9f,0,1139,1,False,da88839938023f1fedb7fc4f3c3e944c,d95a860d3c64474b49866d5561766b26,1050,1050,1db6bb46c102,0.9921
504a69096fcb,0,1140,1,False,90414f3b8b74416dd8b15fe55182aa3c,3c691b95c9fc7a75e22e8c9ccfb53971,1050,1050,15e24b73d4a7,0.9879
5056fa7d505f,0,1141,1,False,cfa8d34e29503aaa25802a9e336c3f9a,e1bcec8ea234050fc31bf793523c253c,819,614,90a9a41eec6d,0.9532
5069feccd866,0,1142,1,False,84cc1df3c05d77cbbb4efd03f407cc9c,250196c324d034c4ac730e1c8240e2d6,2048,1536,2fefb720869a,0.962
5077cdb88aed,0,1143,1,False,00bc10344f0d73cb8f2d8fe926a94906,f6a66b4a985687aeaa4312497bd3cb20,1050,1050,03b373718013,0.9907
5078caaf1f57,0,1144,1,False,adea241fc485a464ac0ebc327ad63496,77d7483bfc6a7bd7b08258f6924e6067,819,614,86d58f850a0c,0.8805
50840c36f0b4,1,1145,1,False,0d20ccaeb318d3772f70678a002bd6e1,71d724206f1cf09400f430924b754a65,2588,1958,276b14f72328,0.9267
5090917a2676,1,1146,1,False,34438c9cc40171ad17bbdb6378bf7f01,66ef09b85261e7294521abd539d6e011,2588,1958,ac81fc200162,0.9601
50915e2329a1,0,1147,1,False,53012df610f9344d201545de396c4ff3,70621b516a807aabe9d2e73ad687cc0c,2048,1536,c3b15bf9b4bc,0.9746
50916d67bb51,0,1148,1,False,5736a8a1e6000df320530b5be714947e,3b42ea17bdef9f77ae738158d378ca68,1050,1050,9d75de31f1b8,0.9926
50a2aef380c8,3,1149,1,False,f9c5d93c9552cfa4904274c97778615c,539d0a2c411320d554e9010fe94b3456,3216,2136,207a580de0ea,0.9868
50d8249f7bc9,0,1150,1,False,b20d9a013bff5c77b8946de57909975f,945c44ac5ec583f0d2634cdf183afb68,2048,1536,4a5a6efc0bef,0.976
50d8a8fb7737,2,1151,1,False,2d203013ae730a59b18b45e1bac288bf,b90df852bffc2ef069ed3a1ea34bfeb1,2588,1958,6e092b306fe1,0.722
50ddd7d976df,0,1152,1,False,644485c7b92fddecc85e84dd1a95401d,e0efa5057f3d53bcf3e3df5cdad070fc,2588,1958,50840c36f0b4,0.9082
50f5201fd18a,0,1153,1,False,8e502de9cb5f6c3246876a7286e00da0,f6d1712b09ede75cf0d5a45692079646,819,614,2821998fc002,0.9783
51030843fde2,2,1154,1,False,4a1311250a7658c53149606c744be60d,53bfdcba93915f5f17381efed553560f,3216,2136,f025f33b2c9b,0.9682
510aa0a898fa,2,1155,1,False,ea1368d217183b0a7c460575482a42d3,6ea09fd7817b247ea88cf9e34b6497eb,2588,1958,0519b934f6b1,0.9121
51131b48f9d4,1,920,3,True,ece61abc754cc776d087ab5ba13e3837,a8e916ff720eff3e11ac1bc327d35b05,2416,1736,42a850acd2ac,1.0
511fd66b2df8,0,1157,1,False,57d4e1480c0316bd968e7dd05dec54e4,98722b5fb1b5e2da53959ee063add9e7,2588,1958,917f76f360b6,0.9394
51269b77d312,3,1158,1,False,8c2026d802bcf128168afa54b02c3ef4,8aae0dc9939942ac1edb23d4d7f6a3e9,2416,1736,ed6704e3b72e,0.9786
513b0a4651fa,1,1159,1,False,e42546b09edf09bb981105449bcd5636,0f48a2f5a1a576836e828fa4037d2d7b,1050,1050,c1819db0aece,0.9878
51405d042000,2,1160,1,False,5404bb4396dbddeec732aba34f047a32,9363362c5447a509cfb5707c36ba408b,3216,2136,bfd5c0e55420,0.96
5152bf091152,2,1161,1,False,a1acad08164ae2d79540d4baa2b27ae5,754e4e55d1df19a3d493c1160335e115,3216,2136,ed88faaa325a,0.9771
5173d54fc214,2,1162,1,False,ea785c939889aa4825caa132dfb18be5,26db5916d77cf531fc6f9a8e2fe889c2,3216,2136,76fe19ff64fb,0.9582
5188a8afa879,2,1163,1,False,5e0265546ad62dd1cbb2732e31fa72cd,cd477ba28e7d38184e8ed87d4b148d17,3216,2136,9033f1493da1,0.9838
518e880613de,4,1164,1,False,b2369487b21940031935c7bd9b2c0969,3015dbab4684faeadeeaa03c9170a961,3216,2136,a95858e052d6,0.9776
519c6e8f78dc,0,1165,1,False,8e74cd81fda421a88f6ff78476b0e919,cf624c53c3672f18fb9f631bb568730b,2048,1536,4318b6adeb97,0.9774
51a078d6d43a,0,1166,1,False,0632af078d7eec7c4fb300c08061ac88,c049ce3a54383e6d835bd19a464823f2,1050,1050,80c67efc8101,0.9938
51a1d162e223,4,1167,1,False,a9ab33c0cc4cb9b222b4afa3d2fa1d26,56f77ad77cfc3d8c4dc48d736b2bdff3,1844,1226,24b943fe725e,0.96
51aa3361294c,0,1168,1,False,37df59d27dc018eab06ccea27a2743d0,3a15ff14bb8ed547d1c836bc0f7547d8,819,614,7131bf4c9e6f,0.9083
51af8a689511,0,1169,1,False,3533277abacfec20429ac51ec71efe48,be8a1f9ffe3fa0e50a5b061c50ee75ff,1050,1050,e82232a3c28b,0.9948
51af8c112682,4,1170,1,False,05a5ddd7eca88afa42c365fa06dcf113,4798d7ec3c27d45ed85b3a68cd2eb0f2,2588,1958,8ae049175db6,0.8914
51cd8d2057fa,0,1171,1,False,3b64abfb0ac283ce1626083993a282f0,3e08ae96196be9649e072f254efa1b08,1050,1050,5ac7a414560e,0.9845
51cfeccaf40d,2,1172,1,False,a139c1fb43b78f4c1f9847d0583241b0,4a24daf4f551e8466e77df87e4116729,3216,2136,9033f1493da1,0.9715
51d0034d177d,2,1173,1,False,30c34c6e3dcad5ff3b956d96f4502d4f,d210e28a697e00d3be5064894c478168,2588,1958,5879285f9d8d,0.8715
51d574513bcb,2,1174,1,False,6cf57e326187902dc6988eb332d0bc3b,240190f080aee5b93ef329db2dce280e,1844,1226,302bcdb635ff,0.9331
51d780864365,2,1175,1,False,97050645324f01e9ff084314834f6aa9,6e2925edb6204edb7700d3a61880d5b4,2416,1736,4246ed634f25,0.97
51da6aebba8f,3,1176,1,False,74146defc4e396d0c975d33d85a8a8cc,717c959eec610501f5b9eb02956612b5,2588,1958,f4de9620e3f2,0.8116
51e656e5a541,0,1177,1,False,496a9941b8f2b61ec75180d0e7132da4,5a8561c7e0c527cd3507288d01f9f3d4,819,614,568455854a11,0.9754
521b5377a727,0,1178,1,False,51b9b667685eb1cb6fba93d53a1968d5,d40b702741b80f567d9811bb530a6eb2,819,614,a82a12ad3fb1,0.8514
521d3e264d71,2,1179,2,True,bd50c5d39c29e48294f5a73dbf0e43a5,58c1c954998a30ceeaeb2aa60b75663d,1504,1000,fe0fc67c7980,1.0
52230bbef30e,2,1180,1,False,2c7346f51870255f34d072a90e7a98b2,a2e6d2f8a36b4d325f5615cf6948e467,2416,1736,1269ab57c2e6,0.9715
523b3f0fc646,1,1181,1,False,0ebb56387145c56d7dee8d0e390ee04b,10f64def20d29b30d062c83b52521c77,2588,1958,a2b97d98f130,0.9183
523d0c2cb4d6,2,1182,1,False,ea04a28b5f02fad8cf676292104270dd,a20816c7dfc678a68828b49dacdcb30b,3216,2136,840527bc6628,0.9752
523ff163211b,2,1183,1,False,6c48f2dea0992e2566e6e24fa860a552,8e750cf37ddef45e7a2ee7e76982f5da,4288,2848,6cd606dc52e9,0.9155
524f240e0c90,2,1184,1,False,a1692aa764639bbdae555bcbd37746e9,a052d3e0316c5fd818a400b1d46f514e,3216,2136,18d8fdb140b7,0.9665
5257cb536da2,0,1185,1,False,d9f38a9caa5ce7b6a328aab39ab66702,ba9a8aaa2077828a41e071e8633bf736,819,614,26d60db3bbfd,0.877
525acfea47e8,2,1186,1,False,2a93e16084b256b5525287285b93079b,db5698d978304691fd0bde7e14e07720,2416,1736,abdb365cacbc,0.9766
525d0dd8dc45,0,1187,1,False,a1a1b713e72280cc7da9b034c08cba6a,654b43a00266434bd19102bd9e7c8507,819,614,26d60db3bbfd,0.898
5264a54e1830,0,1188,1,False,e77e17582c35f09b934d025f006255e5,ee712f3e8fe0155d4dcddeb99caa6311,819,614,486e852a3b4d,0.9321
5265dc9acdf8,2,1189,1,False,60037e8d4f549aa3ca2258de9132df53,5b8bee72abdf6cc89c482ec95ae7ce1b,3216,2136,3ac3fbfca7d4,0.986
527bea76116c,2,1190,1,False,2b9a3aefa006296dff27b76d9bb11b3d,5b3e876e50afb8964e12de0f997e2668,2416,1736,aa6673241154,0.9566
52886bed8a07,2,1191,1,False,cac6dfc97497373a156b1b857a126525,9ca55d486aa97dadf34284cc879d932e,3216,2136,4da6e2089d57,0.9854
5288f7441f64,0,1192,1,False,3bd33d26b55dd0c75d579c14a89b846e,a686c0063bacc4747b768c76d796aca9,819,614,b9d0b83d70c3,0.9733
5293576816aa,0,1193,1,False,e20f5babd85d46be0afd243e26354885,c77323e8324b91a016d6e76169d1b495,1050,1050,39fd8ef3a45c,0.9904
529906ff9dfa,0,1194,1,False,9de15289e6b49f7452d99edce9625e48,0922ac9a61e0449c935e5451b7781a07,1050,1050,4e54ccfd49b2,0.9934
5299a532f0e0,0,1195,1,False,0319974b1115f4917d2208cc193f9a15,862cd5ce99b3508e8c507a49bfe7f48c,1050,1050,4e54ccfd49b2,0.9923
52ae917fcea4,1,1196,1,False,89ed829f811e6e52a31961c4db059b65,70367be903f8d2955b3ad7d527a0470a,2416,1736,57ce57a8cfb0,0.9198
52dbec057cc8,2,1197,1,False,b4b17c6c23ff3e1c2a739236d34b906e,8a278cdefdcb59fbdcd02a55ea5f013b,3216,2136,7d8f67cadc29,0.9476
52ddde91a349,0,1198,1,False,2e286bf00f78f49b97f9a93cb39f743c,e3fe137e32eae67b9d3eb1d6689dfef1,1050,1050,7a9f45fdf29b,0.9949
52edbe29d655,0,1199,1,False,36172e046108f1fa30414f57ad504140,0c021e44631db89637dd9563b3414825,1050,1050,71e43b4f8ba6,0.9919
530d78467615,2,1200,2,False,27e6970be8d58fb48d4385eb902d9f74,99c954a7d8a68aaffdb3f09f6d2c6ecb,3216,2136,c1c8550508e0,1.0
531b39880c32,1,1201,1,False,15f5d78f0a5fab1d424b8227f70a0247,bfcf3622e72a6d69ccb8814d8b6bf203,2416,1736,66a0bf258013,0.9553
5321ab64f9ea,0,1202,1,False,dd51326a7d23197425f6521e3cb3e4ee,9df28ff5b555b48b2fb2ec4888806d8a,1050,1050,0851d6a69589,0.988
53273d664cd8,0,1203,1,False,2f9aa4788cf90744ea999b30f91f67b0,907b6859706bc5321654278364413f08,1050,1050,4eaf2f81819d,0.993
5327f88a1919,2,1204,1,False,4f60d1a8622cf51bca348ca6dbf0fb23,97d22f073b8585ae0d2f0d8b16d9ea21,2588,1958,a4d41c495666,0.9177
53327edb9e4d,0,1205,1,False,d467158a608f4bb097e38daa26ec603e,e2bfda59cb505795594e61b8559c1615,1050,1050,cbe633765ea7,0.9925
5347b4c8e9b3,1,1206,1,False,7f5ec12be278a6171097e97ce8080ae1,ff02176f67164c49a5eb584c6a917121,2588,1958,b07bc463b718,0.9086
535682537302,0,1207,1,False,905e91eb8d31c13064a80f26bec65a36,6a5f299172e2823894f68347cdc6ad60,1050,1050,b460ca9fa26f,0.9956
53704c80f0d8,1,1208,1,False,b9c45f007a11dbe5bfb5253be6fda4ab,ee6d248432d98901b11c82c8211e52b1,2416,1736,27bab1432f61,0.9569
537e50fdf22e,3,1209,1,False,7824f4e6aff83387c666ac074c7f65bb,af4acf2f61b04adec986b2a9314745f9,2896,1944,36865bbc64d6,0.9257
537e5c578f40,0,1210,1,False,488d3330eeb90de886ece618d2475bb7,f56bea83e66b7a900786fd5f9f012666,819,614,5078caaf1f57,0.8802
53c874dbc594,0,1211,1,False,ccfb5123746a6a4c3fd6ad4f26adcc74,39cae7d57e50d8b6aceda9d38e98cd07,2048,1536,d866c26d76f0,0.9516
53ddae6a619e,0,1212,1,False,c5194e75f29b139533cf81626c928594,12254f435998d9598973ffb455bca407,2048,1536,c013e869acce,0.9852
53f6c1c65c04,1,1213,1,False,fc7c53b888e6991afa5c96b5989560ea,ff5c3074e679d83ce998a57638697347,2416,1736,45e4b7eada54,0.9416
54038e56131d,0,1214,1,False,27241cf6ace96b6790f9181e584d7d47,49a9ab67654ce3dc64a79cda0cc7f050,1050,1050,ff59d44a70a7,0.991
540e4973829e,0,1215,1,False,991e27e157efbe79ad20dbbda1609ad0,b5db8aff51388ee63a991ea397dfbdad,819,614,cd66754e1b3b,0.9854
541db13517e2,2,1216,1,False,49ea735d9510ec1d131cb1761c68ccf1,9f602847ce6673473b30cc5f8598aff6,1844,1226,31b5d6fb0256,0.8566
542964865b1e,0,1217,1,False,0f15dfe20ea257c8d32b29a4edcc357b,b30208336c036da5dc7b972ca2b295e5,1050,1050,27933cdbe0cc,0.9877
54334705a34d,0,1218,1,False,c3d8c976536a7da04f1f6fd5c5088f31,1aed3b9c7cb801319f43ae5fe7823545,2048,1536,4ffa38550c95,0.9286
5445255635f0,0,1219,1,False,e1a30ea89d56a39226ddc6fc5b8614e9,9066f3647d45f95e1b80ecc65bcbbed5,2588,1958,07f5d7baf907,0.9123
545df1bbcd61,1,1220,1,False,823ac230152f0d7d47b94f5e0e2bddd6,bc3bd3c1fe85fc0f18e4390d9baecc6c,1050,1050,38b9bb961847,0.9926
547b37da9223,2,1221,1,False,5311d569836427839d3a9c44d716e0da,14042d49b271e7232b71bd297dca9bdd,3388,2588,157d17349cc6,0.9854
5486da4273d7,2,1222,1,False,f5c0bc7363277c3c8cbe7119ee7ba924,829a3cb4413ca55e9356e008ae785bb4,3388,2588,94dcb491143f,0.9642
549381330191,0,1223,1,False,e4edb64c1a13b3bcef68057fb3c1688e,c36c5d3197bd609e434098cc13557dfc,1050,1050,639915f58a2f,0.9892
54b322c66d01,0,1224,1,False,3872b65886ae68284fba21323b61ffca,ea4581d89b19af438ca7cba3148e3c8b,2048,1536,b532dedd928c,0.9754
54bbe3da103e,2,1225,1,False,5cea4804717e4e77a886f5712ed57784,13c8c59a75a7568684ebeac73d721e9a,2588,1958,75a4343b12f9,0.8996
54bdcdecd8f3,0,1226,1,False,fda7e2527b0018c2d8ff7e4dd7cf2251,91708af625edb2467817fcf2c498bcaf,2048,1536,81704925f759,0.943
54cab3596214,2,1227,1,False,6c160de869bae37fe756d0889f7bd841,9d32f8d9469b901859468aa91c21c3f8,1050,1050,3abac0961bfd,0.9791
54dc6e8107cd,2,1228,1,False,6f60bd7cea3f4ddb6ba5c478a3466e6b,6f0cf9cf5837aa06992b16c76a910612,2416,1736,09f6ab477654,0.95
54f57cf26126,0,1229,1,False,9ff8259f045c678e457dbf53ca1db9c0,3563c16a4baef22a43325d9871e2f8cd,2048,1536,ed3ce1674761,0.9248
55034b1dbff2,2,1230,1,False,54cccd83b2bf748eb66be152a8855d3b,a4be982a2b6ed8e026466ed4e031cfd2,3216,2136,4462fba1d2a1,0.9554
55092c0071eb,2,1231,1,False,bbb22c0c0e46c8a69dbfcedb02cb2e0d,92f3472e0f98e208fe5e9cdbfdd49d39,2416,1736,d2901144070c,0.9305
5511f114e7ee,0,1232,1,False,06f9af6005633a40fec6cae65d5f22a6,be57ce951ddbd84a0912caef0f6c670b,2048,1536,da949aa67a4f,0.9788
5548a7961a3e,1,1233,1,False,fcddfbf2e91f2e1526008484d3885710,eb1cc2675b79f1d82c8cbb3efc04d8a1,2588,1958,fefded6bf135,0.9096
555d0bef3c5b,0,1234,1,False,cc14f93d220f6ab4504bfc3fa3695e24,4765f4837f5ffe030904fbaa9020d7dd,1050,1050,1a0dbc6c0cda,0.9942
55968f0e63c4,0,1235,1,False,28d2d4669fef1fa7b2f5e349501c927a,9f6a40a75c34e24985f035539f117596,1050,1050,addf66a50f42,0.9935
55eac26bd383,1,1236,1,False,4be681817a360f7f02671c36ac3ced5f,f60f74c4f50d854225ec0d3bb6a04e20,2416,1736,bebb3f167654,0.9602
55eb405ec71e,4,1237,1,False,c05df51a119d39219b2b25f60e0bdd75,080444284efa8b451fbc927f01486d6c,3388,2588,4dbce359d0e1,0.9233
55f7f018c61c,0,1238,1,False,6077a2188f720082270f7c0402282318,e6530ac0b2f45cfbd106cf584c8b36f5,2588,1958,4d17559ac1e2,0.9089
55fd453001cc,2,1239,1,False,9322c18061fdc4da77633e92948d1d72,9e6a54e9ba2a12c664a0c596a18eb687,2416,1736,40527a5e95dd,0.922
5633ced07d8e,1,1240,1,False,af2cb17e50d2eb8495c922842713945d,4f38e500da9382e6ae38f007d61d0322,2416,1736,01eb826f6467,0.9529
565f3404f9b2,0,1241,1,False,ec5e264bfbea1d11fcb551e1e7f906d7,e1b9b39db414d9151b04689f9187af64,1050,1050,98e44127872f,0.9927
5671eb95512b,1,1242,1,False,44f4c92963fa67fcd2642ee2b501b9e6,4ee6d764c2a4c16b6760bebfbad2ae5b,2416,1736,247e98aba610,0.9504
568455854a11,0,1243,1,False,02e58ca17c0901e45b15db40aa251aa1,acc1333684ce68fba0b894b7c55a489e,819,614,a0e635689259,0.9885
56e56aa08362,2,1244,1,False,5edf040eb40f765eeec88bd0a889abad,83d597f31f8f8b46500d895d29e7c9fc,3216,2136,bb733062f494,0.9863
5712e2aa73a2,1,1245,1,False,4fc8233244a45a61b7abad4e3fe93398,89342862dd9a91a249c7b2422ad56311,2416,1736,27fca9f12b3c,0.9643
571bbdbf585e,0,1246,1,False,1798a8115738d06df460e323e0f4b72c,501e2680c8fa733d9c1ff2adaa12521c,1050,1050,e4a44f9158dc,0.9944
5723d0ec895e,2,1247,1,False,514c011b421f4c78bd43c680b8f95400,fdb6a25c3008c193010d82b2dce0c358,2588,1958,ababe19ed448,0.8721
5728b8aa98ef,0,1248,1,False,fdae639ef00afc0350ee73aff8496f5c,0b12277dcd4afa8bf9d5bce4096dc47f,1050,1050,ae49cc60f251,0.9923
573ea80a53be,0,1249,1,False,b6d217c3a4a244f2e4684309bbc1182b,5777d11d498b3aea54a00e43fc742393,2048,1536,f3bb996b45ce,0.954
57469423a012,2,1250,1,False,f7ef4d0acaf9b543114c0762df7c7c01,ee90ead2acd570985f4e760d84b5598b,2416,1736,4dd5d5ccddcf,0.915
576e189d23d4,4,299,2,False,43dfa00fbc2751c3dfa76bb11efd9014,4f22a779fa15ec503696adc8e794a06f,1504,1000,1638404f385c,1.0
57760be09c03,2,1252,1,False,24883932a09255987f9446c4eeeece75,94ea19894e9a91c8515191e5ef0585db,3216,2136,da44f80b422b,0.9575
5777ef74c9ec,1,1253,1,False,dcba5dac7683345904ff61d99549e4ed,9fb0b968eae4083a8e959890269ef5cc,2416,1736,75a4343b12f9,0.9344
578109578b46,1,1254,1,False,d20d55345c9a68c1b5d2d4d8ae035278,ea6ed7c6bef9dba3de573d6665dc50fa,2588,1958,77f69c7ff324,0.9094
57a5e4274275,0,1255,1,False,0eace87c60a876da5fdef70df272a128,3fa9406003bc9bc7b0ff70fb69f63534,2048,1536,f57cf3b6f48e,0.9715
57a5f1015504,2,1256,1,False,a0b1a9223d7609f21f8da8f21e8e0f10,fff51a650cb646a08d9c9a462c0d71ce,3216,2136,419406328dcd,0.9617
57a710de68a4,0,1257,1,False,16362bffc3b91b1532cc96fd7a5cf83a,ac0764ddb6604385fe08a31e5b4a8d84,1050,1050,d838d5b9f571,0.9927
57ce57a8cfb0,2,1258,1,False,f60a8899d1bd0ada11e0864ff02d5316,e40b0bd949677566550fff521d79d83d,2416,1736,5e7cc6ab4ac4,0.9567
57db4781e7ec,0,1259,1,False,e18d33bbdb139cc4565a35d6dfc440a0,0243acfb05bd58bccd3e7df2d74697ea,1050,1050,1d37f1c8b6d8,0.992
57f5ad4b5b29,0,1260,1,False,850532a9a30c1a610d1c3b70a61e0ea2,26dc18668faab77894df7ea560c36541,819,614,dee1031a76ae,0.9003
57f933d3d7c7,2,1261,1,False,74c73801eda5ffe49bbbb768f6198b2e,83202b0f62842e9f6233eab7318f2914,2588,1958,5090917a2676,0.9316
58059e73d2d4,0,1262,1,False,1837a816406f217a4f25588b58a74d3e,b78cd25dba78808df75d7d344b95a61c,819,614,ab3c505b624f,0.9746
5814cbd2e9bf,0,1263,1,False,9c6123d3f86fb22107021a132118ee4b,707fb713eff7b47018ee2adf8f64dd13,1050,1050,c56293f53191,0.9915
58184d6fd087,1,1264,1,False,8ceaf531bcc811d088257e8a7ad730dd,83d381a06c4898aba2bbaf4bd28fe5ea,2416,1736,1269ab57c2e6,0.9797
582115961a3d,1,1265,1,False,9ff38b3d62bcd6be40827ceb910a1738,dca6c097f4755aba62d29d416cc825a3,2416,1736,a3ad6c2db6f1,0.968
582f739b8f62,2,1266,1,False,c6e9146a731e2bf244c20a9902d1115b,df6891c01c058813f4f7b87c9cc20fe4,2416,1736,76be29bb30b2,0.9672
58529a8638d0,2,1267,1,False,d020ed294e1b0b31c78281ab6e00ebb3,9c906a82ce1ac083a32ae03b9d6ec2b5,3216,2136,7ec1ffe8220b,0.964
586f5c56081e,0,1268,1,False,d45f4cb679592f92f9f2ed39ac1fddfb,04c4fc4db12b5468ebe0dd29169c1ba3,1050,1050,1ae3c58759fb,0.9892
587146a55885,1,1269,1,False,3051cf26abc068a9bbf418dbc079a842,63209fe8a466d59aaa8adda690be958c,2416,1736,69df7ade0575,0.947
5879285f9d8d,1,1270,1,False,7ce5538a407e4e62bb9cb8e600e7a28a,1a1b0a3bf62943b4da5a7e636e2b1eef,2588,1958,ad570b850a4f,0.9129
5889a0c75cac,0,1271,1,False,c02bc267f52dd3fad86d5ef773d9f87c,61b7b3cd7058cda482a7c774ce807df4,1050,1050,870f433e8f37,0.9909
58a9e0d7f7af,0,1272,1,False,0c7b72ba83aa149f748f9d1c71261e0e,014e01b6b71eb41466eede51e204e751,1050,1050,62ecdc90dd42,0.9874
58af2c054ced,0,1273,1,False,cca3b3b8f51c34630d08cdccfce2c0d9,83685f3ce625678858cd202a958f6bfe,1050,1050,3cab32dd6ef9,0.992
58b866484a05,4,1274,1,False,faad11cb3c7319bc3be785dc4bc130cc,e3f4b636a575e29726e6dc7afb6d6884,1844,1226,a8e08e7fe016,0.899
58c12863f33d,0,1275,1,False,1e995f1b9838b9430e8e41d353fb1db0,d5c918372c259f3fe8637fe453d15d89,1050,1050,6b3860e8f64f,0.994
58ccba7eec9c,1,1276,1,False,9e6d2e90dfdf404220cedebe317e911e,d30e20e462d5334a1a4e8c25fb8822c2,2416,1736,29580bed2f7d,0.9628
58eb3809f456,0,1277,1,False,7c203554fb11124601ef7a16c5b23d74,e5d4a5f12e230f6f6fc9ec4db5165fde,2048,1536,ff4832d55461,0.9542
58f07741ee3b,0,1278,1,False,33943b3195b2faff63f827ebf01b1e08,19b36ceea3c099e66b9e8d8a84054e84,2048,1536,810ed108f5b7,0.974
5905a9b06a73,2,1279,1,False,88254fafa7401a437cd9c136657580e8,fb70419084ad6c55f421db2b925d5842,2588,1958,785777558f05,0.9368
594f69b503ad,2,1280,1,False,b2b2949a3eae5ec50c1f7cc9d01e5aed,b6dae318e40e6b0735927dbbd89243a3,4288,2848,28824d12d31d,0.9629
595446774178,1,754,2,False,73596fbf13ee7fb3fef8a6be6cea049f,5b6a2b68b21ee874f1c2a920ae55c6bc,2416,1736,36041171f441,1.0
596f4fdb0004,0,1282,1,False,882430dcbc485304a7fbacb57084acda,e008d6310575d45ffad8551412891934,1050,1050,b200c23b299b,0.9833
598b8f5b3822,0,1283,1,False,9500811bc580616a543ccdb15857de89,094bf2979d4aa58d876958d632b6cec1,819,614,db6207e62c7b,0.9634
59928f999ae7,0,1284,1,False,5695a3e708197fb63d67312bb1336aa1,b1a034f01d7e2b8a612313854f59af78,2048,1536,5511f114e7ee,0.974
599498e9e4bc,0,1285,1,False,c63fe4a2e09c5deed230ae4d3518a440,b84fa6be52c298cd8766924ec8268328,2048,1536,ae2e888905ba,0.9225
5995321563b7,0,1286,1,False,be95c1dacdecbca57c494e9da599e7fa,ec8323ba0c0868eb43fb7a42e3be2a45,1050,1050,b92eacd1392a,0.9924
599b89048034,2,1287,1,False,4642d060128d125d0cd1971a9ad26714,f79353db1ab331f72cb717f433e3b0a5,3388,2588,a88f68b0b114,0.973
59bd19c1c5bb,0,1288,1,False,0b89d5dbffdb2b0112d8577f3aa2e908,9a8eaf94b571b9fcc76b4779da4e6894,1050,1050,26fc2358a38d,0.9892
59e5212f7139,1,1289,1,False,f06858c3ad6f3f7ea6683fe6fcd5ca6e,8e65dc22134be03cd9e7e20fffd7cce7,2416,1736,89d9c071a56f,0.9489
59ee65760535,2,1290,1,False,288fe2ad7459fb3c5c691836962103ae,29b526a056edaf20d5dba20447246528,2588,1958,8e3b79e1f1f7,0.8654
59f3f70abddd,2,1291,1,False,51f5271ff6a5263da31ee4ffc5b7dd54,60b1fa3b83362d199688ca57abd1629c,3216,2136,44c869174e3a,0.9801
59fee5bc3479,4,1292,1,False,3eeb1f3eb774f312a66f1d025cf46f4e,9d36711165f64af01f4f0231b162f33c,2588,1958,fa9bece586fc,0.7258
5a03fe3ed15c,2,1293,1,False,bda445c4ee4fe94d6794fb93ea45270a,0b2c1eba6b2a1dc916f85bd0e1617120,2416,1736,fb6b8200b7f8,0.9638
5a091e8cd95c,1,1294,1,False,f768ef55c36d60ddea154ab0202b5bba,216fbf6decd358b66a90a91075794510,2416,1736,04ac765f91a1,0.9761
5a0fe0ee4301,0,1295,1,False,6beea0ff8b3bbacef6420bd779b13952,4650696909161b0e7307f00731c9126a,1050,1050,7ae69d22075a,0.9865
5a11d21c2828,2,1296,1,False,c9381c3c5a0d436f848931b1fdb360b7,0d916fe2499ef9ea0a274015981260d4,3388,2588,5bda2ed09e62,0.9715
5a179c123fd8,0,1297,1,False,e20cc28f8208b6ee407808e14788e444,b68d8c6a2c96de16d2ecaf2eb08c99ef,819,614,5e97cb2b0888,0.9055
5a27b9b2a9c1,0,1298,1,False,87252b6526faa2b3b6667b894a805406,8b69c794e813ae4c4237242cad0287cf,819,614,684dd88a0d49,0.9134
5a2c27b95c7c,2,1299,1,False,359d544df611f1139e18b8c0ba9481bf,4819cc8670910267826136de48968214,2416,1736,a32b5ce3d48a,0.9371
5a36cea278ae,2,366,2,False,28d0e4881c6126e523c4eb6652b4caf0,52cdc5dcc85d3323b2dfc1095dba834c,3216,2136,1ae8c165fd53,1.0
5a444c32cd9a,0,1301,1,False,a089c80faf4999b4996f392792b19ea5,240ad5ba05014cf5bb01104847189b35,1050,1050,e4dcca36ceb4,0.9911
5a5d3798c357,2,1302,1,False,02b7ab33698feac58f03f44940c0ff27,8db3e1e9c1b7ee11e4d87ad4cdb06496,3216,2136,abf0f56c6f12,0.9847
5a93c0f783c4,0,1303,1,False,da78f5dd6e010111b1bf40fb91e796a4,156355698a58cd7e5776a89b3ae324c0,819,614,84b88e8d3bca,0.9229
5ac7a414560e,0,1304,1,False,1aaf809d7a26967b2a6969b4d23046b0,17bc49b916102b2435017a1cbd4ccceb,1050,1050,b8e9a8f4617d,0.9915
5ad3dabeb2cd,0,1305,1,False,cef309de0c8bc37c269109b69e3b89ed,67ef9ff5223f5085022a4a76d6d2bca3,1050,1050,780f9daaa24b,0.9862
5b068765e846,1,1306,1,False,ea7af32b88030c1e4f400364748c4088,7aab80e7ae2480747f533dfa4e9fe18d,2416,1736,aa31bc6b8f4d,0.9517
5b0e53f53ef3,1,1307,1,False,736564149e7d85d846d3574c50ec73e0,740418b4bd06269232618c77a4761c5f,2416,1736,c0968d41eb93,0.9547
5b1c4cefeb24,0,1308,1,False,1ff7441c21fe9fd382c04465c814dfdb,90cdf655fcace41450d31bd7add321a6,2048,1536,8e4a354e3da2,0.9712
5b2648ad455e,0,1309,1,False,14451cd65c16479a0a85eeaaf0cb46ed,270592dd5b5dfeba5adca80bf0929355,2048,1536,af6166d57f13,0.977
5b301a6d1ac7,2,1310,1,False,b102e3420c74d51041cab2e226394a99,4a05d22f3543e66087869b3e8710ca7c,2588,1958,33778d136069,0.9061
5b32ece9c627,0,1311,1,False,185409f1bc0505bf28670753bbe891d7,1794bbcec80ff4837531255bc8b2ec28,1050,1050,545df1bbcd61,0.99
5b3d41626ec5,0,1312,1,False,d1ca90183e2ec8db631fbd53a6796448,34c847ab82912105c2ef2e23f4dee7bb,1050,1050,4a5a6efc0bef,0.9883
5b3e7197ac1c,3,1313,1,False,a42ab9c342c0ad1e67193415efe39c6d,7a5abfc24b350b8f49aef30ca6987785,2416,1736,e9f82b5bbaf4,0.9227
5b47043942f4,0,1314,1,False,0aeae877a37557dbec69ec4f283246d3,806323cc40ac40f7b85b6134a1fdfb66,819,614,4a96c28f3f07,0.9737
5b5b80a3edee,4,1315,1,False,e663003e3b57c227bc7b3224983f70d4,9d701f10aaa4f550f1928828e658e5dc,2588,1958,929cd3867815,0.8929
5b644a403e1f,2,1316,1,False,cb2512ddf55e044b7fe0dc95cbc0ad1f,a93dc6816f655450cfd889ce1c0a2993,2416,1736,efff2f1a35f5,0.9608
5b72ff04333d,1,1317,1,False,2afecb6bb1045ef2524bfc2888825144,4d9132ca307702353a2687f7d9799c14,2416,1736,63d217b059b6,0.9417
5b76117c4bcb,4,1318,2,False,bc7a44a01c566a98d6b19ca435b18830,47a0969e7c0735b5023eb7732dc53769,2416,1736,e037643244b7,1.0
5b804948e35f,1,1319,1,False,ab5ff3c66e768ac3a585ac57c5871fcc,7bdc0c668c998830228a08f7e7de26f1,819,614,8693ab1fd2be,0.9631
5b994ff78547,0,1320,1,False,299dd5abf3af3de61cdcdd43ece25f12,0ba3a6a3a44b8c1925ce79c22ecbab0a,1050,1050,912fbe06407e,0.9923
5ba156a35ff2,0,1321,1,False,2da65153db1d62cce0e5f973c6a9ef4d,62f931eb548d039d7ba9a3e0ec65012b,1050,1050,7a39c91416e2,0.9869
5baed382f062,0,1322,1,False,d504e0aa29bd28e0faad3a89091532f4,d10fb517eb0f2d7135f7d07b2c575345,819,614,1cb6961d141c,0.98
5bda2ed09e62,4,1323,1,False,0d9dcf978392638552ba20b17f9ca413,8c488d211c4aaf0c0dbc0c35eef37682,3388,2588,ba4d2c4b3039,0.9794
5bea250d8bf5,0,1324,1,False,ccea80578b7e25fda069d9d25584075b,388748c1690bafc9df956eb03fcbc659,1050,1050,6b3860e8f64f,0.9946
5bf3357a2823,0,1325,1,False,e70aadebec21c61fb5dd0bb6fe917eec,f69a1fa9ae4a20ea000978383499661d,2048,1536,d26bb2ed6e71,0.953
5bf6f2958e53,0,1326,1,False,14bb4c1365abd3dd678d5bb221566088,cf2e2e3d4dcec1c46f565897d2bfd033,1050,1050,b598bc9753c2,0.9924
5c6194562ed2,2,1327,1,False,274483a10355ba92d3528d11737ea4aa,4057ac37daa65272707f647e73def0e0,3216,2136,abf0f56c6f12,0.9804
5c7ab966a3ee,4,1328,1,False,6bbb8e28398fb4ef8f026b7a2ad7104a,8d4337d95bb04af8890c9941fcdeec39,2588,1958,0fb560f9adb2,0.8611
5c817060c0ed,0,1329,1,False,67d1fdac5a4b309ae36b2ca1dc83069e,42b1a0bfd9566cdcc686c659c94d26f9,1050,1050,e582e56e7942,0.9887
5c8482926a08,2,1330,1,False,551048ac4b990834e6ca8c47f10cc45d,926b6daef3579d6adec635e64a643d20,3216,2136,0af296d2f04a,0.9809
5c85d22bd0de,0,1331,1,False,c2ce6967757d4dbe11cf9e8ff830c6e7,5f21af5970bd04e3fa0811133d5bc3ab,1050,1050,ca2b54b95ade,0.981
5ca73d28f17f,0,1332,1,False,49b2a45ceb66042ec035924b2c3059ca,2f282fc0bae213a2574e19bd0f16d43a,2048,1536,b74de20d73de,0.9896
5ca779ace6e7,0,1333,1,False,8f4efce405e1ab5c8d6a32331aab3cd6,fcf1d2a15d3835b7778c15a4f52e334a,1050,1050,37c523296d42,0.9921
5cab3ef4b31c,1,1334,1,False,a1519bdb320332fafbc2d68b3a2fe78e,32b8614407ee60be88eb21999e2097c7,2588,1958,80e7cc0a0649,0.9097
5cbe88914a72,0,1335,1,False,8928003faa4fc09d4bb03d25209e6b4a,0d495341821f6e6ddbf09efc4e7d0a7b,1050,1050,87a9f4d20f07,0.9933
5cc6dea19614,2,1336,1,False,77531b77f79b0dba6a4d75dca4aa78ad,ceeebe8876a229181c2e23bbf7dff828,2588,1958,6107a2e9f60e,0.8905
5cde55f745af,2,1337,1,False,2a26416579e6926362927113f48f3361,bad3b38e8729eb7846dc01b1f2064604,2416,1736,f2094a20b275,0.9618
5ce5eeaf757a,0,1338,1,False,9b021fd15affdce6e1d154c0e1f5e7c9,bb6105be9cdd8c284b580e06bacf2eb4,2048,1536,59928f999ae7,0.9698
5cf9127f251a,2,1339,1,False,c9f3f408563c190ad6c7ed85c5ec89ff,7ddaddf002f6923679de6c0264f54e60,3216,2136,85cc6d636898,0.9238
5d024177e214,2,1340,1,False,82756bda0835cd4d5d90d49791342113,8f5bdb5c74c3b822d32b5c1b6d095817,3216,2136,cd29c88c9e36,0.979
5d3c8c1f57da,0,1341,1,False,db29cb915caa0f77ce366ba434b6e135,c791eb8fff5e7df162cb7e2a45d589c3,819,614,b7aca95b97b9,0.9449
5d4e5fd34d91,0,1342,1,False,28e4729e8027fac2bc91338b42460e01,93c8fb1dd121a09b6fe83b140e2f40e5,2048,1536,3c326543fff6,0.9668
5d5b5da5f939,0,1343,1,False,3906cd549c8f4e26de60a14ac9e26201,793f418de1a8758d3c82a4f2600b33e6,1050,1050,5e5275ddee29,0.9932
5d6239c0fd39,0,1344,1,False,c0a67bccd368603ca2afe2ee34950b1c,66df7d4972efce276e5da2c4a2a666e1,1050,1050,1c7a013eeba7,0.9942
5d74f98d62be,4,1345,1,False,c6b16ddae8b627e65846b05a69520f2c,ef799d92251c1939e71a8cc4cb2802dc,1844,1226,0180bfa26c0b,0.9454
5d9c841eb245,0,1346,1,False,a1e2a16fa7aa490ff49e18f86bd2084f,4287e376dbfca4aa18b14897b03ef6a3,2048,1536,9c14ce27cbfc,0.9645
5db2e3a4594a,0,1347,1,False,7f88914302db37b85e812bd9c9a4a179,c4e70e3e4ccf0463fc5af402e44d0d22,1050,1050,83a63c4a3e4a,0.9913
5db895d3f1fc,0,1348,1,False,74446c32129fcaa9a5aaf386e8ad14ec,a2763695bada8d951cf7dab9042dd2ef,2048,1536,0abf0c485f66,0.9766
5dc23e440de3,2,1349,2,False,e696ddd2ab0544e99e4a6050586875a9,664e190a6bdbefbf58b258a9001341a2,3216,2136,f4d3777f2710,1.0
5dd2e26fc244,4,1350,1,False,fa7ce73df38ca296e4027c27832640d6,4f57ea073f41dea2bf98c6f831a4d417,1050,1050,596f4fdb0004,0.9629
5de4615a5161,0,1351,1,False,59d78afade9ae9f31abc1eb6f6234be0,104371df7135e23fc27cb3db96142160,1050,1050,b549af91bd30,0.9797
5e18af29d812,2,1352,1,False,4b6f073a21ed5944eb2a00c4f1ee8a82,d219b01a424a54437c6ca7ca9d1adfb5,2416,1736,e03e70bc8bba,0.9425
5e505e25cd3e,0,1353,1,False,6935e14f84e20ee7ee879f4940b88bb1,1981ca39bc6d07920877da58b40b17fb,2048,1536,4318b6adeb97,0.9696
5e5275ddee29,0,1354,1,False,d004286e9e3cae8b91f0e9d61de06d05,10c9936e6ed4c0955ffe967dc063aaa6,1050,1050,571bbdbf585e,0.9939
5e52c9fe676f,2,1355,1,False,eb9f3a62c7af4155b62c8f62026486c7,4beb3af6b1f575ac73fe2bfe1212d8dc,2588,1958,15e96e848b46,0.8606
5e7630f8438e,2,1356,1,False,567bb68567904744ff9aeb569a246533,2dea1e6d089320dc6f7a2c2552238a95,3216,2136,4289af3afbd2,0.9454
5e7cc6ab4ac4,2,1357,1,False,231881b1d6e2198e7c34749a2da355ea,344b6f9b48a41e9b18f641723045bfe3,2416,1736,76c0c7e1b6cb,0.9703
5e7db41b3bee,4,1358,2,True,b61e2db328e9cca61c40bebdcb147586,cd857b2034246f4c099c7b15d207b7b4,3216,2136,a1b12fdce6c3,1.0
5e97cb2b0888,0,1359,1,False,00ff5a54460526066c29bb92a7f1c83d,0ddbcabd134de077b094b0b8f49c3122,819,614,97a235367f9d,0.9407
5ea9e447bb62,0,1360,1,False,5a9d4671237be1507492b7fd16105a0a,e3e2a27adc2cbf9b87319f84d964855b,1050,1050,a654b25124c3,0.9895
5ead17e894ae,0,1361,1,False,f6d87629d55d719441d80304bffd0abd,85ff44f2ebc13eed5c6485ad1b4cd656,819,614,7526cf435753,0.9218
5eb311bcb5f9,2,1362,2,True,d4fde9f76b4e7cc88059684cf9dc0ed2,dbb69ea1874d3d4447c97a1f789cc9c8,1504,1000,a9e984b57556,1.0
5eb8fb1aad41,0,1363,1,False,fd135a8a05b68d63c8d470605d9fe4bc,44f064487b1f668959cca1ae9997551b,1050,1050,922586d86cd8,0.9905
5ed6dc419e4d,2,1364,1,False,f2b92d1c7741d0eab84d190cfb8199a0,62144e44a9bbc801f4e5350557256436,2416,1736,22325552a4e3,0.9401
5efa24b03d5e,1,1365,1,False,88d1e6d0309fb674d5bd0af83fd684f3,1ec51e6d4ad11ea530091325131d14d9,2896,1944,6061f5b7378d,0.9731
5f13e8a07344,3,1366,1,False,9cd277c3d4404a0f8e0c42f6384a8d5d,d058ee352868ce4cc39578998d00ef5f,640,480,810d3779abd9,0.791
5f4a8c074bd5,0,1367,1,False,7e22bfbdbf82ef3b9fa399f77b1fb4a5,3bf3e5e05e0aa1c5d07b74040fc22798,1050,1050,caec68f11c86,0.993
5f51192841f7,0,1368,1,False,f75b456a67eddf168184b627f0ed11ca,d43f715a640f0dda7e45eadf5bea43be,1050,1050,8bf2d925dc0c,0.9954
5f6db235c04d,0,1369,1,False,b89e153da213d5ce2066a7a935ba691a,16d8f424e896cd6747781454e7bb4909,1050,1050,4ef0b485a7da,0.9804
5f70ad48a525,2,1370,1,False,68547680dfa133e06d783c8bc6ec6af5,2e4d09a85a84799547b9e12b483470bb,3388,2588,94ef1d14597f,0.9654
5fcff7280019,0,1371,1,False,ecbeef62ffb5cd54fb4e374e8c166a67,1415c645d9cff141b5e781523547d5cd,819,614,96793edb1003,0.9132
6028a575dc27,1,1372,1,False,d4bc08d768be78e710b6316d9b16d89f,771264c49466846830ac6a0a60068610,2416,1736,4478b870e549,0.9759
6061f5b7378d,3,1373,1,False,7f3951f1cfa9b554f05574b05b3f22ce,4d61fa3f0c94e1207bb0b577d8531b8f,2896,1944,5efa24b03d5e,0.9731
606daaf0bfc7,0,1374,1,False,e137bbff75962df14890adc7df40f6d8,f8343b23479300760b7902e091927fda,819,614,6e3526053de0,0.9109
6089fa333013,3,1375,1,False,e35a74f0239fc544f2ebdfce599a4791,cf6b7b53e17fe60b79a886f7f44cf763,2588,1958,fa9bece586fc,0.8947
609be3ca5ddf,0,1376,1,False,a292ddc0223b741c26d8f4200ea24d9c,90ff6169468a6b633d235df4f08bcbfd,819,614,27f82ada84ac,0.8919
60aa4e649abf,0,1377,1,False,c69b0ed7b8728409013b6744521317b8,72eb1f073db98b0130a6b99dd85bb834,2588,1958,a77dbec966d4,0.9038
60e269e3e188,2,1378,1,False,c87eeb2f21b8f8af851ed9e1bbc3eb22,38d4a280c5e8c4dc0f66000bea8afcc2,2416,1736,a19ecd0a706e,0.9636
60edda7b4871,0,1379,1,False,a8df2d8668c474887359425212344862,a74d8b7f13636f69932d112c2c58b186,2048,1536,25b4080f598b,0.9723
60eeae3ba23d,2,1380,1,False,303d50891f2087e0261b1b92147e4f52,5f6adbbd006db5caeee74f9b72488c01,3216,2136,d94e10f42861,0.9824
60f15dd68d30,4,1381,3,True,fc193ee5b4467caaeeb4cbb68d442535,ebcd143d3168ef26bf5fe9ed84ab2a72,2896,1944,fcc6aa6755e6,1.0
6107a2e9f60e,0,1382,1,False,4eb9f9400ea875e04d77171c3e74cfa6,fa66f38dc7735dacc1d5a89ee4d0f120,1476,1117,5cc6dea19614,0.8905
6110ecb3bb1c,0,1383,1,False,dd33dc60582ab0523f0f38ad130b906b,4e12a70693e60b9a1a80d5d5c0542777,1050,1050,fa9f1bc03f21,0.99
612f2df37a1d,4,1384,1,False,b5fc7546e9f3bccc1d41e04ba6357673,ea2fcd721fc46becbc886290854ea228,2416,1736,c7b622ec8104,0.9549
613028ede6a0,4,1385,1,False,11c9eac4678c2460f947ea6d4027d323,24b02a33c29de2bb43c8ef66fe363441,1050,1050,53327edb9e4d,0.986
613bacb35c05,1,1386,1,False,23b31ed1b94fc73b297c2927e84c32dc,7506b51ef0ca529154e0ccb513341241,2416,1736,756b0d6488bb,0.97
6155cf375354,0,1387,1,False,d9922d31ec21238fbe48ef60349290e7,69f03009c8b832be54ec8f48cace1dab,1050,1050,3c28fd846b43,0.9904
6165081b9021,1,918,2,True,744cd9e1e5b28be9b4ed20c7698e2634,433999df8bcf3931b54b51ba9c8cf160,2416,1736,42985aa2e32f,1.0
6180920bc224,0,1389,1,False,b5f24c144afa73b50a2188de5445962d,23568808650201058a8c83a04dc2ffde,1050,1050,b21abe5d9722,0.979
6181aa9f75f4,3,1390,1,False,e2fedf54119e0b2b9b355f9975b77fd4,0d2eb75257a886abca6576f8431c5647,2588,1958,fb61230b99dd,0.7924
6194e0fff071,4,1391,1,False,e604ae5a9afe190ea4bf15703f157437,b0b15d7ddc48572f7978e5664f693acd,1844,1226,453d553b0a94,0.9205
61a62b1dcc36,0,1392,1,False,78daaa4f46c661eb0dcbd8d974c3d332,6ac8d7207afd82249b43c8b3af11cead,2048,1536,76df141d966b,0.9706
61ac9b0dc6b9,2,1393,1,False,05fe3d9a967d3a5bac8be7cb8feba520,c1ab85d49287d485ed044972784190f3,4288,2848,82bb8a01935f,0.9529
61bbc11fe503,4,1394,1,False,4d0a7bdfeced105f4c983135a41739c1,5271a1403de13e299314f581da03d30d,2416,1736,7a3ea1779b13,0.9703
61bbe8db6f3a,1,1395,1,False,49b8e35672c2f5c76b70ebd6f4bc5147,53831c9bd3842b6732bd226cbc103cfb,2416,1736,fdd18ccbbdc5,0.9538
61c2fbd16e38,2,1396,1,False,96da980539d307d390fa0434d5be2684,449ea22e83920d2d60c748c4efba82d6,2588,1958,a4359815f152,0.9297
61c667663f2f,0,1397,1,False,f0989eb3a73fc70c4cf17415a69d1667,4fb597666d3fe00e917262660df4c5ac,1050,1050,ab653b8554c0,0.9931
61d9c88a3a4b,0,1398,1,False,c638eab54b2d59710337398b41c9d7da,874d4b1a8cd01a8b635b6553b9ba7032,2048,1536,7e5a76c4e103,0.9749
61da799bf0aa,0,1399,1,False,d8cea8ffe373c9e40e1a86f6c2a146d6,ca6e14f143fb8909b9fdc42050a2de12,2588,1958,22ce8ef69357,0.9363
61e301bd3c25,4,1400,1,False,00411449bb17208728235e6e0f36c92a,682b70e3d2c845fe36564d80a2ee8387,3388,2588,f549294e12e1,0.9595
61f403fdb434,4,1401,1,False,e621354c3a1b394e6d77dcae3d80f44c,ce60b38289da2fbfd7692649503dc82d,2588,1958,60aa4e649abf,0.8908
62318d514160,4,1402,1,False,845a2fafeadddbaafa6d1e671f577e5f,017ee556df3d12ca837de60f43eceb54,2416,1736,4aa07d720638,0.9436
624fb7317106,2,1403,1,False,72ba898b91e2176d04ec48a0c952ac76,7595dbfa583938736c7aa9a6af1b96bb,2416,1736,a2ddabee14e9,0.9625
6253f23229b1,3,1404,2,True,292a349e96cc5560aeb965019b116180,837b875459ff93a950cb5aa418a5b394,2896,1944,76cfe8967f7d,1.0
628b581aa905,0,1405,1,False,00c7934deb532564d1e4deb4330ea3e8,f9a84701d71b09fe94c8504a3ced409d,2048,1536,c23ff6dcf15e,0.9782
6294b378d09f,0,1406,1,False,48a2263cb1aaa05c61eff350101c7cbf,a03cf5a62c65dd9f23f7352331e74959,819,614,5baed382f062,0.9698
6298468d7d75,1,1407,1,False,ae7ae0c797f6b3b22ab7573eb7760797,55a5a2ac6063f4da8245f353810f9a0c,3388,2588,28f98cfe3858,0.9783
62ab144d5cee,2,1408,1,False,d4913c08bb0b1a3f58e2211c68b7084a,f8b9738de185b5a56eccdd96fdf1933d,2144,1424,200d947f75db,0.954
62b4be2799ca,0,1409,1,False,cfa654d3f049bee48b278c789347434e,a022172470befaa681ed42395dc08be6,1050,1050,a86128b601a7,0.9921
62b826899151,0,1410,1,False,21c4f0b7dab4a6c828f5292adeed7d2c,bf88707665bbc5caf63025aeee4c54f8,1050,1050,a06a63d866b2,0.9931
62cc7ddb53b6,2,1411,1,False,a8121770221a17d6ed1d4cf6f4eff46b,6e3a64eeed5f564bc5e401244f1c197a,3216,2136,e499434242cc,0.967
62e6f814c8f5,2,1412,1,False,c97a331141ea94d37f05df30e86dc9d4,4c3f1cc497febc5c1eb681ead218230b,2416,1736,8bed09514c3b,0.9582
62ecdc90dd42,2,1413,1,False,75c3db30cabfc5952a7d2e54e7bf4c4c,f0f0eea6ee1455042546dc0c2745f6f3,1050,1050,789f0ec1eab8,0.9888
6324d77cf926,0,1414,1,False,f693915fe041d0f87df3b975b7e14623,671df8055f93021d1f636346c9e6f8e7,1050,1050,d1b279cc02ae,0.9946
63363410389a,1,1415,1,False,cb51315962c707bf8e15431f1a2210a7,edfb62ac9d839422a2ac217d9775a259,2416,1736,4c78d9d18da9,0.9488
633fe9dbaf39,0,1416,1,False,aed5c7c9a14107d8c30981b0df48a35d,2381ad292a19fbf354fd5e04ff04bd42,2588,1958,e9129ce55fd7,0.9073
6363b360aefb,2,1417,1,False,1d82fdd586e97b4d66870933418db32b,88bfafc0c50df7809c3f2d904036db41,3216,2136,df5ce3ea7820,0.9691
6377e23928f6,1,1418,1,False,287c068d308d802f199ab1c042d74175,c845239e4106b1fbe12f38131db7eb25,3216,2136,dd3dad6ca78f,0.8644
639915f58a2f,0,1419,1,False,83bce2b286ffd2af2671c772e0606d59,09c85df787f36c8e32b07816c7feb885,1050,1050,9c514d2d5b3f,0.9924
63a03880939c,1,72,2,False,cf167b308c1501b136483264a98efb08,507938c943f5f8b83aa3506a4759c794,2416,1736,05a5183c92d0,1.0
63b4d030b016,4,1421,1,False,c7ce41e045f0a70f5a7adde5d97d4dfc,13b40b8dfd1c46c5068d4229820bd074,2416,1736,ff4955e76894,0.9609
63b71347e95d,0,1422,1,False,88a904ccd48cfc6903d2be96a42de610,d0d57ce5a4260f9d2c97e8d5be898397,1050,1050,bf7b4eae7ad0,0.9898
63c0eafd6aa9,0,1423,1,False,26673e2b77eaf14e1d9d066351dcc4fd,8eff5a9b43341c8ba5fd94dd4c8cd538,1050,1050,9a1029536d78,0.9909
63c3c571b8ee,2,1424,1,False,fa0e4d88e9e4869becd0e46543b2d0d9,7358c3dad1d14acff9b90d51fc0b5060,640,480,a3802934bad7,0.6696
63c7b0265775,0,1425,1,False,bd63386631c8159952180f76f29434f4,76a1a8742c7a4e839879aab07ade1141,1476,1117,233d948e2544,0.8938
63d217b059b6,2,1426,1,False,f92ed62929ea1ffe0b364dac8ba39b97,8fc8f2f68ad1a6af696014901cab3322,2416,1736,abf09c44d5f4,0.9575
63e041a757eb,0,1427,1,False,dc77c33e9c25401042ca77c4ae6f95ea,3800f1e2ec592f4ed2bbafefad69ea81,2588,1958,2d07162a13b1,0.9029
64678182d8a8,1,1428,2,False,7b9295a4e13c2b6684a249675b34cd38,3455995d260f794c6934059c50a5a6f4,2416,1736,6b00cb764237,1.0
64a13949e879,2,1429,1,False,3a35171cf32f96f02439b896c0b19a33,f5ba0031528ac1c41924f74bc20ec152,3216,2136,4462fba1d2a1,0.9831
64ac539f58cb,0,1430,1,False,2da8394197c44ca25b8b91964a0343cd,58379e54283e5e0baad08ebfe18f58f4,2048,1536,3c326543fff6,0.9798
64b9206afb3f,0,1431,1,False,fab37a423043541bea8a0253e1097c08,7140a2372012e89607ca0194648753a5,1050,1050,6b3860e8f64f,0.9954
64bad93fde3f,4,1432,1,False,b19e2af0216a5edca686d05b70735238,84422336595131b98ad7e14c82581685,1844,1226,bcc762618e7d,0.9599
64c6c6ee0d98,0,1433,1,False,3e27710926da9438fcebf313f3bf0842,f39dc41e716f09b80c0eb98ee9f18351,2588,1958,e77a93c3d9a9,0.9119
64eb5a79dfdd,1,1434,1,False,3fd99b47150db1e215aa907b08bdd31d,31a51cc68589d08b0a8feb73740e3c77,2588,1958,3128eb593012,0.9066
64fedbf97473,4,1435,1,False,6af22f417166a3b9b46578e39a360b81,627e9cbb9f5cd1c9a57c6e975d14c651,2588,1958,6b7cf869622a,0.9005
650104ede84c,0,1436,1,False,ccb623327c11d3e67d9243abc4350d50,6ffbd04f80c34d6149baba539d6c55a1,1050,1050,9fa02dfb5553,0.9907
6504b703c429,0,1437,1,False,9df732cc9fc5fb58eae78032e449adfc,c466031cb7492a328fee3b2e57d5d666,1050,1050,8d13c46e7d75,0.9927
650fbed3fdca,2,1438,1,False,680fb362e91d41bb833fb13b77eb9ea0,4680c1d63f37d0e4fd1013e08a8b637b,3216,2136,a95858e052d6,0.9785
6531070bf03c,2,1439,1,False,48281ae9f25638148c9051f950a74b10,dfae409be4df2e5e070b681405cebe25,3216,2136,9eaac43744f5,0.9799
653534ded339,2,1440,1,False,14977a023b2884ece04e932663249194,d669b02f6434afe11e626dcf071c640f,1050,1050,e79e10907295,0.9937
655cafb4c932,1,1441,1,False,4780dc682b754485ab9749b3a8e1c64b,58c8286657b81a3a2a556f7c91658664,2416,1736,40527a5e95dd,0.964
657859f893d9,2,1442,1,False,cfb9c09b9dc8c090487403967fbc4bea,7a39197b61a023a99fa9d652c7f1c340,3216,2136,4ce74e5eb51d,0.9279
658ad9f09f5d,0,1443,1,False,8cd0d005f90003e972242fe4c1cb2185,6cf941885925e5a5a5a9bd25f934ef4b,819,614,891329021e12,0.9557
65a3b13ad9a0,0,1444,1,False,3516573d68f326275ab67b0f93e8bd27,59bb4b901d890705387258a0df4612cb,2416,1736,9b32e8ef0ca0,0.9583
65a7fe9482fe,0,1445,1,False,f4e584a998b6a8194e6bef2ef185e12c,36fcf8db5c536407c918d2b9fa1ab695,1050,1050,bdf47b9f10c4,0.9903
65c958379680,4,236,2,False,f5a81fd1e5907e2a9f66595e63e845cd,59253814cfc0a934ed002efa4e1c6361,2144,1424,11242a67122d,1.0
65cf00be6fb4,0,1447,1,False,be1b3ab0687c5b2110352aa8608b473f,ad26b8f0d0140a5b4419aa6a281c5494,819,614,ab3c505b624f,0.9803
65dda202653d,0,1448,1,False,859288e1d467c20e07f2869c0eab9b15,a50c20cc71944c930afce790a0981c80,2588,1958,0551676cc2aa,0.9166
65e120143825,4,1449,1,False,f9df4bace04b42144d2cb783bdb9b0fe,95c28d48f72f83c30d66bdd9ecef8007,2416,1736,b402b18d99a5,0.9652
65e51e18242b,1,1450,2,False,c4554a3c1170517ea907f3577a548871,058131e62937fbd7df7ca38ca3f98f5a,2416,1736,cc12453ea915,1.0
65e530ee2e79,2,1451,1,False,b47f63cd10b41fa545595082ef2042df,61b86c33b4247b5d49344fc4a2fca74b,1467,1110,2d07162a13b1,0.9285
65e6f1bd9875,0,1452,1,False,22c5a3076bb9e3153d28cd80c6052ca5,30305382b923a2c9c840cc7ac39cd0e5,2588,1958,7a12f49e29df,0.9402
65f5d2a6eb7e,0,1453,1,False,f89005be84064916f8c093ca72895975,c4b605a178f91b22a20148b4f38e1219,1050,1050,1ca35d483772,0.9944
65f69234c8a7,0,1454,1,False,9cf878630bb5ac0f5b2f53708dcc403f,99d17551a0f09dc9bc35dbd3c8747a40,1050,1050,d02b79fc3200,0.9938
6630f8675a97,4,1455,1,False,9da4020912c4dc56edba6acdddd0d8af,59120f1d7447d9fa76226aedcdccfc72,4288,2848,26463a5fb949,0.8793
66366a90d1ef,0,1456,1,False,d07de0494898ffc4aba3a8c62c695018,5075ae63243f2d56c4b64f67efe9b8b5,2588,1958,97c6cb55866d,0.9308
66375b3c64db,4,1457,1,False,fb99ee94f95c9fe0ede6f6ef99e7c83b,f6344ca29d4eb83bb4cb89005e787ec9,3388,2588,475c7ded0f7a,0.9673
66393d8c60ba,0,1458,1,False,020bc668fb19ae3305d20f21efbc7859,8e15b75a3df89176adf8c58caf835483,1050,1050,c6f5b5b5be41,0.9873
663a923d5398,2,1459,1,False,9e99677e9b61f5175721b05b00d73656,8f69cdc87fac2e3ffa19a950c8547a2b,2588,1958,7a6e384a0846,0.9421
66460ecab347,0,1460,1,False,3a58f8705dc8bb5b6d807f21ae0e48f1,04a40c569de08d6472fd6d50be918867,2048,1536,1d0b93317aa8,0.9675
664b1f9a2087,4,1461,1,False,630692b141065e2df70276fda681206b,b784c8650837c3c532b93524fdad80fa,3216,2136,ccd34029493d,0.9752
6653ad026901,0,1462,1,False,1a923062dc21357644724dea742c4f41,511b261fd896734ba8e05c02d3a3f2b9,1050,1050,0212dd31f623,0.9894
665ce639a331,1,1463,1,False,52f0b0382241f63dce914cb4d3b08800,ad89793438b6e4f80adfc97bf271723d,2416,1736,0dc8d25b3f69,0.9436
6666c4f18396,2,1464,1,False,3fe71f031a023ed6f4020f9f968f1a2c,6b79ecba029d45bb64f23348df088720,3216,2136,61bbe8db6f3a,0.9433
668a319c2d23,0,1465,1,False,cd781250eb3230a5631fe83c10026547,7c6938afa61d2ed0ffcda708b63f431d,1050,1050,8660e1864665,0.9919
668e853258cd,2,1466,1,False,784e0dc4f42d9e449c81476fa6afec41,9460ce9896c029fc3db5f1ab0283acf6,2588,1958,a8263d248523,0.9292
66a0bf258013,4,1467,1,False,d2f734586d1ef60612aa8fb5c3ad37a7,5308529ff3098dddad3583d2aab561f1,2416,1736,531b39880c32,0.9553
66b88a4bc474,0,1468,1,False,42fb097596dfdd72fde25ee4b1884dbb,b1883a99e2a996bfc35dea07ab6ab215,2048,1536,1f9ccda4ddf2,0.9761
66bae1ba227f,2,1469,1,False,fb4427772f544ec207a0eb0a0615f3a6,279a35ab1d9d394343bbe36d855991d6,4288,2848,79d44db3da2d,0.93
66bfec8d6bcd,0,1470,1,False,66196a5edd17b2fb9823e137f67b0314,4f3ee2e3c02d37b73fb2357784f48e26,1050,1050,691eeb59b4cb,0.9932
66cd9c28e636,1,1471,1,False,6e71c028b884ff39c628b3c022130347,e56e26b6a40f90a604623a71c64ca5c0,2416,1736,1df3e03a8f5f,0.9802
66d2ca47aa44,2,1472,1,False,9390ce34b709f3771841d383a227c14e,296ddadf921ae97af13032f324300d5c,2588,1958,08b6e3240858,0.9503
6733544ae7a6,2,1473,1,False,0652ec8c13493c57ef0e412a28cdf7c5,224b0a9900d18632bc0e2f34b157bb4b,2588,1958,0a09aa7356c0,0.9094
6735931000ec,3,1474,1,False,bbace394111891f9ffe0cf4912930cb2,8b818f9a8caa9c2ff171344bb7652884,3216,2136,5152bf091152,0.9705
674057ab250c,2,1475,1,False,1d7e2852c00395bd36f41ef03e5445ad,31a9c336aff68f527e40cff689027bff,2588,1958,e77a93c3d9a9,0.9037
675de69373f8,0,1476,1,False,11acaf55ec19849b7effa77b5523857d,c12fe23a5653ccb4c0b1492ba934d830,819,614,f0a2dc580009,0.9812
6762b2b48ea5,1,1477,1,False,a914c662af6307d3ada5ca94c693a39d,a03117c8a650709ffbbf878e608f3008,2416,1736,1e8a1fdee5b9,0.9685
677f087cd697,1,1478,1,False,a29d8fd1c41baeb5cda4e4f6ef1992a7,24deaca36db754300bfe664318225355,2416,1736,525acfea47e8,0.972
67844c46bc61,2,1479,1,False,cd3c2570aab925ac6daa588ce677d90b,7c6d94f48af2e5b5ca284086d4cb63a8,3216,2136,1943983492e5,0.9612
67c03349bb31,2,1480,1,False,3fdcc16eaefb21aef2a9f32cba771075,a9a47793ea65b47d4710470cfedf20fc,1050,1050,165c548185f8,0.9912
67d8f94f04e0,0,1481,1,False,5171ba0eb08a6e1d36cb9a228288441b,3d4cc13dde929fe329a8a5aa073397de,2048,1536,7e5a76c4e103,0.98
67ed8cc78b97,0,1482,1,False,965c09196fa8a02318075975edb0a93f,55c893f49cd93844c34077a12f989524,819,614,4704dbb59536,0.9796
67f5d89da548,1,1483,1,False,8fd5b16dc4c978845366c6e4190b38db,bda26c7f90d9531f3226e5380dde9638,2416,1736,89ee1fa16f90,0.9388
6810410187a0,2,1484,1,False,8f65224942cbccb0f543f1c51ca427dd,b3b1d2d98dbe065782a845583d8a786a,3216,2136,8e63fc4ab532,0.9826
681c3c115684,2,1485,1,False,06891cc0ae202b98b33fe5fa1a49aec9,f0d5a69c329818a82a5fc3aed6440c46,2588,1958,55f7f018c61c,0.8921
682312e82ee3,0,1486,1,False,ab667d9026d269d7059419cdf7cbf838,c0119034271dc9c83d9586d49dc5caf8,2588,1958,306c841af3fc,0.8788
683023cda6a5,0,1487,1,False,6eea1b1a38a371e31ca2dfd5f465219f,92ef1a341316dda5c858a20633dd767f,819,614,cffc50047828,0.9471
68332fdcaa70,1,1488,2,False,c018040a60996e17debbca55416f5adb,7dae0c3566d01a185570654dbad90a7f,2416,1736,d801c0a66738,1.0
684dd88a0d49,0,1489,1,False,d07a457f11f1fffc74abf07d128e9449,e75360541a0159357fa035298988aeee,819,614,0b64a0a06f9a,0.9341
6852f4531591,0,1490,1,False,0fbb496fce3e34711fd50131b5f4b87b,626107226d20fbfb2820472d2716c6ca,1050,1050,f361060eda3e,0.9894
686ed1dbae20,2,1491,1,False,7f5ae8d14e38b5465e559649739d5ec3,b07ffd4c43f6de3c9b022b04d640fcba,2144,1424,85fce24084da,0.9768
687759336b0d,3,1492,1,False,0257b855c1594301cc972bf6af02bc10,a3b74ab86f7e8d209d1c3c7542f65a8a,2588,1958,af6a1508cd95,0.8977
6889bc64ab09,2,1493,1,False,46296fcd45ed1a486ae665bea12ede8c,9a2f0283902a4c198f67aa7614f6e1ce,2588,1958,ceb32a193eff,0.8643
68987fb159ab,0,1494,1,False,6c4554128c6bf08390378a480c289223,c4f87ec02921edcbb32991ea741456c6,1050,1050,f7735b6d47f7,0.9916
68ddb15a74de,0,1495,1,False,8406b9bfb0c9350569462214013341ad,2c5aefa5dd0852b524c69bb345744b18,1050,1050,5d5b5da5f939,0.9928
691eeb59b4cb,0,1496,1,False,a09cb1457dec0b95e3bb11c754960882,9bcd1e55ea94272cf92b1f0d045abe6b,1050,1050,fa7fa797c650,0.9948
692e946b1f85,0,1497,1,False,a2bbaafab651d8d3332f17fe3995bd52,fe29fc8a1f30771b797df720980d5161,1050,1050,c64c0966b4cf,0.9785
69591ebb198d,2,1498,1,False,b5058ed49490456b6c84d89d081b3180,f04319735676ef0ce81826b228d62d17,3216,2136,1943983492e5,0.981
6966abf40b8c,0,1499,1,False,11df16e9b1fc768172c86cb31c9c9c1b,78062d01946f2449ffeea81a9e2fbfd9,1050,1050,a07d9a5045cb,0.9882
697538183db5,3,1500,1,False,9178111757e4b12d6432175bac12c898,758d0cfb856eff50bb7b6afca57fbd90,2896,1944,29b52f64d2db,0.9514
6987804eb464,2,1501,1,False,3f5fe1c0975a46f6c6fa6ac9777a239a,7825a210e13e174b35fbe5bcbc932ee3,1844,1226,bcc762618e7d,0.9622
698d6e422a80,2,1502,1,False,f27775eb17ec6bc768f3ac1a56865523,b2b3f55fdc916b1f8bab35bf9269dd0a,640,480,add1d681d712,0.5361
69b3a00927fc,0,1503,1,False,6bfa7e714e27f9f611de019c32fd0979,d757d1a0b3db8673bab847a1976586ff,1050,1050,8ead8f37423c,0.9934
69c4cbb630de,0,1504,1,False,17ed1452e8ca51d338bb0b51859dccb9,bd4bcfbef9620c22f68f5eaaf7f72407,819,614,a8aed92940fb,0.9639
69df7ade0575,2,1505,1,False,633361f2d59bb412d0bd3bc981525708,8df1ae9d271431a0f06c6d02156c6303,2416,1736,89ee1fa16f90,0.9677
69f43381317b,0,1506,1,False,fc80bb2efcc0e13690f15a60cf93c22d,4864c94f94af0b2024f9b4fa25f9625a,2048,1536,da949aa67a4f,0.9784
69fff98cb32a,4,1507,1,False,efde031b2abe81748e97ed6e2235f894,36101122e179711431c51d9cf208e23d,2416,1736,80d24897669f,0.982
6a244e855d0e,3,1508,1,False,ea95586a0124444758a79287cb8666e8,ada4329ba34779defb35687be5502eb6,3216,2136,cd29c88c9e36,0.989
6a2642131e4a,0,1509,1,False,f835aaf31b7f92aee83bdf709ada8db6,e8ff7288aa2fba4925cc4c1841da3c0f,1050,1050,8a81f62320d6,0.9874
6a2c3f4ef329,0,1510,1,False,1575a3abf76fddb9470a20e603ab9dd7,f80e2f5480b3987a8836c521600960de,2588,1958,6af071b0ac6e,0.9261
6a57a3db3eff,0,1511,1,False,5781d73dcbcf7c0ff59e1cf8a846dfd3,1e10fdce4621dbd697fdba4860e818ab,1050,1050,5f4a8c074bd5,0.9885
6a905a7202d2,0,1512,1,False,f816b83d272370d4f50ffa0945dacc1a,92d5aec3844cad75e4e6b1f0c83d6d54,1050,1050,cfed7c1172ec,0.9891
6a91eb157f47,2,1513,1,False,ff699cdc64173d700f9ba1c99426d10b,0b2ef4cd6e6034bb3991bd988fc0d451,3388,2588,38e111cac46f,0.9685
6af071b0ac6e,0,1514,1,False,86812b0edbb1e3a7cb65d3ba48c590a7,2a225958e65683b16aed0d5d5d502658,2588,1958,6a2c3f4ef329,0.9261
6b00cb764237,1,1428,2,False,7b9295a4e13c2b6684a249675b34cd38,3455995d260f794c6934059c50a5a6f4,2416,1736,64678182d8a8,1.0
6b07971c3bf6,1,1516,1,False,99a06910c933379cde2ef2f578af7efc,a8dcd80ac5f40ff4f80e6873278b911d,819,614,84b88e8d3bca,0.9221
6b128e648646,3,1517,1,False,128d4099d8cb3341c4ad53700ca4338c,e42000982bb4c88b05ca3c29d2c4ff5b,3216,2136,f2d2a0c92034,0.9706
6b30767595d8,0,1518,1,False,8a7251f69f4115407ced523eb7b4515c,818a76804d80978cdb6d7bef118267c3,2048,1536,76df141d966b,0.9817
6b3860e8f64f,0,1519,1,False,e3520ac1042e0378354c67075daf4718,de4ed7e3f632fa304a15a3b9b656d75d,1050,1050,4cfd22ae43d4,0.9959
6b664ed2a938,0,1520,1,False,e7268f5c1c84d2cb1c7c4d6d578a9f93,0d9ed4db622d11d7a3f27cb7e9a6ea51,2048,1536,188219f2d9c6,0.9627
6b66b0e86f7e,0,1521,1,False,7a7873e9092868de19aa9b56100ed668,c0abb867ca05a3b307a90ec606542316,1050,1050,21037f5c7790,0.9928
6b7cf869622a,2,1522,1,False,4f7e11d32bdbf4fa22d078f8552f5c27,76ee42f5388e557fdaf2dfad27db2f86,2588,1958,9a7bd084395e,0.9368
6b869f37cdf3,2,1523,1,False,aa12debe2e38508e9e83c4faba72bc49,d29b825b5560e8df5d759ce53e9fe84e,2416,1736,efff2f1a35f5,0.9386
6b91e99c9408,0,1524,1,False,2b1bb134c50c9a2bf6c1fec336f29e0e,99cf5b2a057ff2f4f3777f18e2a7b5e0,2048,1536,09f1111a388a,0.9679
6ba5ed791444,2,1525,1,False,ea4c045570089f47113fc2d99c545f2a,202339e41e9097a1f46cc3af06d33464,3388,2588,8ff2733f6aef,0.9721
6baafa56895c,3,1526,1,False,ba99bb27ccbdb4e43fc823f379312d06,cf217e3be7815319e288a67f9fece2b0,2588,1958,92889b863ae6,0.8952
6bb30ec3231a,0,1527,1,False,8839bd2a25e2ff6174690066ae53730d,6c66ef4f166866e61274af0ff0049326,1050,1050,8d13c46e7d75,0.9929
6bcce181be65,0,1528,1,False,5204b8d4635b7eb7c9cebde7b81210d1,72936c69060b95fa1d1a1f6eeb9aee52,2588,1958,4ccfa0b4e96c,0.8909
6bf26b777e3a,0,1529,1,False,3469942502f27bb84163cf8b8012a7b4,c6c7055087fecda215d9a23112b9de42,2588,1958,3601dac9bed7,0.8668
6bf2a81a5d91,0,1530,1,False,2e8e2d092014db6b52f07e38c09162dc,8b3952dc41bf57af1e8a67c422814bdf,819,614,ba4e62c11cc0,0.9789
6c00dd8bf708,0,1531,1,False,f6e34d1e2755a50984a14444ee5dbb68,241fcbd7215cf23aaa2a2bbcc7d3825c,1050,1050,7e980424868e,0.9853
6c250a30593b,4,1532,1,False,b9960b44c59228ea75876a9cf2067310,97e7a1cf78d7782dcbb64f1b47fe8fcd,2416,1736,382752f6694a,0.9515
6c2555a9cae4,2,1533,1,False,b1dd6abf121ac4be1fe6f29073598b8f,2e19cbe5f1bae96b4b78cef4c67037ae,2416,1736,a86c6283fd78,0.9055
6c30dd481717,0,1534,1,False,add5bc1a5ee2e461744a57e57d18f0b7,fa9963d05ce04714aa2cc8651c11af90,819,614,789c60cba801,0.977
6c315ad3d07f,2,1535,1,False,a789185e2333f28932ef20197919f4e3,21890792b2eb77e2bc27b20c1263516c,640,480,3b185ac445d0,0.6977
6c3589d7ed8d,0,1536,1,False,a5d29873b90d7f5ea5185470d34813be,64623d8c9f4c579050a8eff81ac32146,1050,1050,4403538fb50f,0.9677
6c3745a222da,4,1537,2,False,e4b6268985b346018804a921801508d1,752cd835ae9772f64975ba3c73ea230a,1050,1050,eadc57064154,1.0
6c4ec95dd8ba,0,1538,1,False,2ba042652493bbe048f56f1d76960189,e7b8a114bb48f34b37d327ac329ec00b,2588,1958,39b5b05d6cd9,0.9111
6c6505a0c637,0,1539,1,False,73f92fa6491f089c72a6e2d41408484f,559ca658f6126edc352aebf5e3263c4e,2048,1536,780be525036d,0.9477
6c6efb6b1358,1,1540,1,False,a82a411d300cc0746ecbaca3febe3760,fa4fcc1b359326334f243d9b73f5d29d,4288,2848,7427dedafccf,0.9516
6c9c902a97de,0,1541,1,False,b45da7859afbb947e6af3d76462d9b09,c072ad9af898fb2007863399f76da32a,1050,1050,586f5c56081e,0.9867
6cb96a6fb029,0,1542,1,False,60eca2ae3c8111626ce933cea7fa84f3,b0434d7a4dcadce81aa9606d02df86d8,2048,1536,41345cec5957,0.9673
6cb98da77e3e,2,1010,2,False,e7699fcab7a16c18350e96d8e9890cff,f1b8772d277773c5a656ec40bc3ae9f0,1504,1000,48c49f662f7d,1.0
6cbc3dad809c,2,1544,1,False,da5de6209f5699871b25dd0991c7f1f8,c06170d2cba9326eb3e07660d03c3bcf,3216,2136,8e20b8fac7c3,0.9749
6ccfdb031184,0,1545,1,False,063d9471e2a332f13edb415a022374eb,ed3e44b729c552c90020c258ede575e8,819,614,b69c224edd6e,0.9164
6cd606dc52e9,4,1546,1,False,ac3d86a46924732d836651a525a9b82a,3c3b599e4cd7260110d5e8e9cf411ba9,4288,2848,1bf30c84bbad,0.9819
6cdd0f985270,1,1547,1,False,c05b8c94399b930ad200f16cbd1d6d9d,064c72bc75798102eeedf60c7a99f774,4288,2848,a7ec056502e7,0.9384
6cee2e148520,0,1548,1,False,512f25c680af661a687f6f9b130e3c9c,f6f9e5e2fe330695f5935133d223d49d,2588,1958,f56ff0440ed1,0.9378
6cfb7b44ef6f,4,1549,1,False,f10b380787f26e320f42c1238dd25e09,e6f31aa771045335f3b44721bd9bf47f,1844,1226,f576e45d1da2,0.96
6cffc6c6851a,0,1550,1,False,afb1e07a14e6fef70ecafb4e288c3c17,de3009ff130c505a40a56d7c616297ce,819,614,a0e635689259,0.9832
6d0c0531083f,3,1551,1,False,afdb1bb140a6f56b17117ace5efffd89,6b30fd7f5a2a64019f00ed1a9b2de44d,2416,1736,89ee1fa16f90,0.967
6d10709053ae,0,1552,1,False,252bc00d513c215a232cc84564c7a3d9,98420c9dcaf04f87365c5c97e9f989e1,1050,1050,af345c68e836,0.9758
6d259b5b4c76,4,1553,1,False,7ac8ee3385d5c18f20bf82eb9ba88791,76a3f10ca9e67b2575f8e527299f7fb1,3388,2588,e3a7671f787b,0.9644
6d292ca4c9ad,1,1554,1,False,275230b47674e33ff15f9d5a7c8327f7,9db66564feb2b74c16b68ec33b4813ae,2416,1736,e1ab92228e60,0.9649
6d3d1fe6c32a,2,1555,1,False,fee4f7e1f851065079c71267eb7d8633,b8fca54d49280772efc5b98b3feeb44d,2416,1736,101b9ebfc720,0.9454
6d454444f17c,2,1556,1,False,8b27b77100fdd9012cb55487b80dc5af,47afedf0dfd247f5d488a025ab1d7547,2416,1736,a0267206d51e,0.9642
6d4f6c9a8406,0,1557,1,False,4a2705a558e69f38ddf641991febd2e8,2c253e38b8ea16dfe5fcc763155744f9,1050,1050,1f31701dd61b,0.9945
6d5a8362dd1e,0,1558,1,False,d7d4d71ae93ff08081b4913fd85a2dc2,2dc3c2b4e3c83f37bcf7a00f44cf2c8b,2588,1958,1a369baf9ee6,0.8488
6d6be4cfc73f,0,1559,1,False,599a2ab123158fbd50dc9d398ccbc9b3,fcf219eb7b97ae0b21327e637d95e7f0,1050,1050,b09101adb478,0.9828
6d6fcf49e515,0,1560,1,False,ef1e2269e23b459f3141bf24125363da,e3da7cddc6add0c369580f65f17f0d39,1050,1050,1fb455685328,0.9938
6d7d26025122,4,1561,1,False,a37215fff9d3782866978b11ad82ae12,d8666c6f3c0b02a422ecc3df27ad586b,3388,2588,a88f68b0b114,0.9608
6d9effbcde78,0,1562,1,False,fe2ae9614e74d731a4f907f6008f4973,d83e9cb4c18ac1c20244eba06b59cc98,2588,1958,0fc6829da85b,0.93
6daef3e5ca22,4,1563,1,False,3cd5611987b5d6e2a06f10fbb3ae5022,e88a49dfc2bfac2f02c41c6726ecbee4,1844,1226,31b5d6fb0256,0.9056
6dc0281f11e3,0,1564,1,False,ba4aebbf519e5c122841d806088d767f,09e7a060a46ebafa4316c96a8b776598,1050,1050,dce73d90c00c,0.9928
6dc07f968794,0,1565,1,False,fac212c619c24853e78fe6c2df5cd3ef,1346e1abaa62fb4c3587e21d7f3ac405,1050,1050,b460ca9fa26f,0.9938
6dcde47060f9,2,1566,1,False,12e6166bcbfee4e1c3c8f171377a89fb,d1b907f3e1d45f58a2fd8dee04d939e2,3216,2136,c6c2bad91f23,0.9695
6de39b94f634,0,1567,1,False,03f32e72a2c546729aa731c77ca79f51,a362b1560072552765a34fb7bbfd0bea,2048,1536,9f935fb38440,0.9739
6df8b7b6e837,0,1568,1,False,80513426d9901203c472a32a6a184d02,861644b3d3a29d286d810aae3fe6eb98,2588,1958,d3be5346684b,0.902
6dfd80748e72,2,1569,1,False,2c9633742d7d56108a413af6f603cdd7,660b5ada0aa8843e95cee34fff107e2a,2416,1736,00cb6555d108,0.9716
6e018411ba4a,0,1570,1,False,37d4b28da0c80dcb44c5438645d0b0cb,6d6b53496ea4a49ba31a6d0dddb8d2fd,2588,1958,d473f6fafba0,0.9158
6e092b306fe1,2,1571,1,False,9822e23089820ee6711688ced6dfa965,fe70256c36b32b68f0fafd1e522968bb,2588,1958,8db2ce991101,0.9261
6e092caa065f,0,1572,1,False,7d0b247eab0903444cd552d29eee5b78,5257dd08c8983351161b6f1b0dab5670,1050,1050,c58e5c0c5b33,0.9948
6e0f78e188ff,0,1573,1,False,354a931b536615ea6d73ae78dba196e3,6a921b89b7af9dfed6f757ac406626f4,2588,1958,1db18bdd43aa,0.9238
6e1db8711879,0,1574,1,False,e97e908284132d94f2b8bf16bbe1db6f,800b85cd01da3e01b59d337a517624ab,2048,1536,4c635a01593d,0.9731
6e3526053de0,0,1575,1,False,976acc3e6f3042686bb571267275ca3d,0643ab378a1252ceef4509c7d20429b2,819,614,2700754f71e9,0.9131
6e44f6d04fc9,0,1576,1,False,5428a412af9429e9418a1abb0e22de2c,d7f956eb1e096e64ce6e76c7001d2235,1050,1050,3f5b4c2948e8,0.9915
6e68e742f5bc,2,1577,1,False,c3e1b4d4b630af09d757a734217dd0d3,5a739fb9940617e784b4962bb87a76db,3216,2136,59f3f70abddd,0.9733
6e73acb2cf60,4,1578,1,False,777fdb10ed30727366c517cb9e28c618,69bc77d2cef79adf74ada2b7e06206b0,2416,1736,9eaf735cf01f,0.9724
6e861bc3bd7b,0,1579,1,False,8e4d952f5ce44ff6b4d0aef9081b01af,db881d0f8273b170a9f80cecdf80a68e,819,614,1faf8664816c,0.9739
6e92b1c5ac8e,3,1580,2,False,f9f3914e7ff337cb501cbbbe3ff0a1bb,6360f47988cf34de823227aa6dbb604f,2144,1424,9c52b87d01f1,1.0
6ea07d19b4ce,1,1581,1,False,b4b87d8d9512bffb6cbf3f616427614e,35303311b8f99c1ffb1a6f51c2332565,3216,2136,a19ecd0a706e,0.9642
6efa36d59ada,3,1582,1,False,6919a5fedba843ff5630c2fbda6481d5,e3c3f37415a8fc233bb9780d8d397346,2588,1958,25002fe43f92,0.9215
6f0463c1ff18,2,1583,1,False,23ce6133d85fe33da7f10852b4af00f1,79dbc2c3de8d9e8200301eeb6937ed40,3216,2136,6cbc3dad809c,0.9736
6f0e5848d9ce,0,1584,1,False,778976babde9c06dd1b85326b2b72547,a7af710ad3ce64c67037dad9dfe111b8,1050,1050,3af9aaa880e9,0.9936
6f3b62e5b7f5,0,1585,1,False,1eea436aca2541eda66661eafb8bf6e9,c1b320e9e0c41619e4b1353ed000d880,819,614,f8d62557ad0c,0.8902
6f460f9968c7,0,1586,1,False,c6c298051da41f5d080eff1c011fcce5,e65d08b6192945d8655df237e6bccdd6,1050,1050,1c7a013eeba7,0.9933
6f4719c6bb4b,4,1587,1,False,ebaef48c4499624644f7c1340ffff08f,dd9b4e108bb72694a22fb57e083218b0,2588,1958,663a923d5398,0.9047
6f4e0538d1e4,2,1588,1,False,023d68903001045e51e7bc93486707b9,de98b6f11c6ce6593d0a91fb11b35df6,2416,1736,2b074afdf626,0.9492
6f689fced922,0,1589,1,False,64f21c52bd7b4a9857e8141a122230f1,8f1609004c8c8dfcd99489ecacd6e809,1050,1050,bebfbd907cac,0.9918
6f923b60934b,4,1590,1,False,d6d0aee931cf16c280e6d4f7512b0ddd,8a8b140ab2bc47aed8a3fc5c6c3343e4,2416,1736,4f5dd7660b17,0.9719
6fb656d506b2,3,1591,1,False,3b75624dc1a3c101ed7e3a57734299df,cd5fc93fdf70dafe75fe801c6381b072,3388,2588,d2c6b99ef62c,0.9636
6fbaaf8eb67a,0,1592,1,False,b1bff6ada656fa06bad1f3fff2b9953f,097291730402d32f303975d876103117,819,614,726dff37edc0,0.9451
6fe4751a3b42,0,1593,1,False,9411c4b52dd040e0f1df484a7a2e6af3,f958d692f78be63254dba908c9c0d977,1050,1050,f7735b6d47f7,0.9914
6fe67482bfae,4,1594,1,False,61c922f570ec8e4690dc387a89abd4c7,bdb58e9a1c6851bd77cd6d6f86ccce1f,3216,2136,b50b30aa6e6c,0.9881
6fe67fd7f5d1,0,1595,1,False,0cc859d5fdcb049fbf0ec28a61bce7ba,1522fe2988b3ca826c6155f1872ab783,1050,1050,6a57a3db3eff,0.9841
7005be54cab1,1,867,2,True,904f4908413390a79e0c6f294f056796,6e19992de89f9f8ac5b0d84108cd6c9c,2416,1736,3ee4841936ef,1.0
702de9dcde32,4,1597,1,False,b059dc059898d36312ef09347d2295cc,fb9c961fb37ff3314f1c3096f6411511,2416,1736,d7e5fe5245e0,0.9715
705f508d1e42,0,1598,1,False,ff3640278e2a1537eaa738f3cb391c73,d107dced20fe04686f061c953af9307f,1050,1050,65f69234c8a7,0.9909
709784f7fcc2,2,1599,1,False,263cc1f899eb251cdfbc640200cc8117,9d2532607797a97ae25cc5ffb4f15658,1844,1226,4e82c3c8d31f,0.9319
70d0392397de,0,1600,1,False,05cc52e89618886c8c3e76fd27c741ee,8a8e6916bd831fa4a231608d30376343,2588,1958,0097f532ac9f,0.9288
70d657f8f503,4,1601,1,False,a1c81946dad9855fe5f1644cf46059d2,c170cafb016bbf7008dc2a352519dedc,1050,1050,9de9421f17e3,0.9811
70ed3ec68b94,2,1602,1,False,8eb53cde67dc585fbf215ba5d18634b9,f72f34abbffc436ec3880b5d9bd0c563,2416,1736,382752f6694a,0.9709
70f5caf5f305,2,1603,1,False,8c9cd8353be6a7beb8f31217c76653a5,b60038f1eecaafc1ff2e6f2c501a81e4,1050,1050,b086c7cd3868,0.9899
7102f29e052e,2,1604,1,False,3bcb96368af57f5b7a3834006c62480a,642d836ae6cdb892cf0604befac94fdb,3388,2588,6298468d7d75,0.9614
710b05a96e0f,4,1605,1,False,851b0e43b4ee36ce6f974243b539fb92,a6a512ea2bf45a63bb8d093082ea40cb,4288,2848,4029d70e9d8a,0.902
7116128c65ab,1,1606,1,False,6e98281de9086cb6690c8f54536c079e,5a76f364ad5a3c178c3836378d24080f,1844,1226,10fca1abf338,0.9607
711d1480d2e3,2,1607,1,False,0d3c902ceb0ac70765738d8f7c876c10,607824760f58540202685ec04dd826cc,2416,1736,ae5d31979f19,0.9595
7131bf4c9e6f,0,1608,1,False,ce7772259763273f1e1cbfca37c795ee,20b775af469da9fdec3de14852f91649,819,614,0da321efbce6,0.9255
7179f85bfd6f,0,1609,1,False,d786e87ef96e1ca1f8c13d1a4596b11e,eea8dd630225a5ca48812f8863cbfa64,819,614,b7aca95b97b9,0.932
71a39c660432,3,1610,1,False,551d411f5e195956ba27106f264459ca,f85afc5aafe6940c70216e917cdea3e8,3216,2136,acc9f29538c4,0.9639
71c1a3cdbe47,1,1611,2,False,a8317a69910d9f044779c51f19d02b20,544b9d3dde625da6f7c9480d78114ef9,2416,1736,79ce83c07588,1.0
71c22da3d6c6,0,1612,1,False,173bf3a1575c2ff7521119ce311b6d44,791acb196fdd98e7b6c45c65b83057de,2048,1536,5baed382f062,0.9692
71e4130bf5c8,2,1613,1,False,8f16f1a2c1ec7e77a01b4a95f10d8dfc,a917e9950d2c05770395b3830a3ff037,3216,2136,89fc080f7e83,0.9351
71e43b4f8ba6,0,1614,1,False,69b69c37223b5722c8ec35a9be33fda6,448caa849f0253ce35f67d54a0b65b82,1050,1050,dee31065f8fe,0.9928
71f6a6e4620a,1,1615,1,False,642afeb3aaec370b9b327cc8d375a326,e0d19641a9c11cbceaab21ef054c5d40,2416,1736,3f47f83217b5,0.9658
720b5f62ce80,0,1616,1,False,9c6daaa432a1d29e2497624ac8a28342,f33fa2e21e374129e14f277083745972,2048,1536,ab88081e5654,0.9583
721214151233,0,1617,1,False,6c494a9d4a96cb74d0947ed00894de53,45bcb363a575d35372f36ed2e5af5d4a,1050,1050,c56293f53191,0.9938
7214fc7cbe03,0,1618,1,False,e3bcfa3c78339fee6c222346ec8d0600,29eb92826202bc2e5db3f57dd93f6a6e,2048,1536,0a74c92e287c,0.9352
7247a2c97f71,2,1619,1,False,3349228d1d8ec828151caa5aca0695a1,99aa04a9af863aea018389ebd2da8485,3216,2136,cbc2e57447c2,0.9541
72595230840c,3,1620,1,False,a162f9942ba9c1113fba00b673e21512,401e24b3c00bf28b1980f2a38746b8a2,2588,1958,b9b6ee2b9453,0.9113
72606afaf3da,0,1621,1,False,51c3842438988260c981d2d3a6762b1e,39fb7e9b09e82c2c2fe523f717c917e4,2048,1536,331121c65e88,0.9548
7269a1d84a57,0,1622,1,False,9c7bbe52370888ef5163260b5cf68e18,a7dd0fd3cdba7766073801be45aa6e24,2048,1536,0b3efe669365,0.9436
726dff37edc0,0,1623,1,False,e82c6d026c88397048452ed6bdb57455,199a503f82f43ceb392af27ec82e7c61,819,614,6fbaaf8eb67a,0.9451
7270367410a1,4,1624,1,False,a1cec6a974c3756619f182977cedc898,d39e3ccce3dbb2bd346d9adb92bebfa2,3216,2136,001639a390f0,0.9839
72a867980067,0,1625,1,False,37bf582dac48de74b4f89724a44c118e,236ce16f75e60fc6d8c4d8b6b580b09d,819,614,014508ccb9cb,0.9007
72c31aa48e2c,0,1626,1,False,83ac250874fc789866696cba6a4489bf,5e8e5bc3761c7ca9aad4abc7cb32def0,1050,1050,ad312ca98202,0.9906
72d98188648f,4,1627,1,False,17406b1c7bda4304e388da8bad4ed762,9cf54ae292b58582f0afb7ab554f29cf,3388,2588,10ecc5292ab1,0.9294
731b19a460ad,2,1628,1,False,2688e363197253fa4da5305751e7df55,2b3f3f65075bac5b9a48e38758db71a0,2416,1736,bf18ff30a8f6,0.9309
7335a2d43ada,1,1629,1,False,7ce747839238bca89acd6db7dc695bfc,27a70c2054b04ac1576f9b692636f83c,4288,2848,b2748ac28fc1,0.9621
7347bd23ba80,0,1630,1,False,5454c9129e7e54f64bca7b0e9f12c2d9,8d149edcbd6a7bd55fc3a50c6b5eda9b,1050,1050,bc92a61a1f9c,0.9953
7347f5133a6a,1,1631,1,False,174674747a8adcea7f1f9a947bdbd8f3,97396cedcda1606a2528f765756bbcc5,2416,1736,070f67572d03,0.9599
7350c50667c5,2,1632,1,False,e7f8a726d2f99f2200885e84ba77ecfb,c978c7f8212874dc27de256600aaa52f,2416,1736,71c1a3cdbe47,0.9636
7356dd08b0ae,2,1633,1,False,af9a45640b283dc7207e358f74e47bb9,94590a7b790489accd0a6f1a5b732de3,640,480,e77a93c3d9a9,0.726
735836b1ffa6,0,1634,1,False,29517ed30ef8c57840a70f1dc73edcca,77142bcd2809ebd5ce6838db13c5f6aa,2416,1736,1ee1eb7943db,0.9228
737ef6226677,0,1635,1,False,24fc4a0ef384e2304bd2758ff6e6935a,a0864142437329b72aab60ceb99023a1,1050,1050,80b5697f2a5e,0.9901
73881f55a3ec,1,1636,1,False,d768906d9ad6c45a8dd19bdfccae7878,4d9e3b7dbacb87d9f6556a7d8a443414,2416,1736,cc1eebed9276,0.9528
73a07e2ea23e,0,1637,1,False,8c67028561275c08557926a0dd3a289f,d750e8b870bf60476d44bbcd73522bb0,819,614,b73d0bcd3d33,0.9236
73ba798fee25,0,1638,1,False,9b40bb58298b01dde6b3d869cc509814,5c2a70ff76f71691a965205981fc26f4,1050,1050,12ef75375322,0.9968
73d40ce06a67,0,1639,1,False,9ab21bd8085ee4ff63b42e00d006bf7c,7214672a5ec13e2c06de744a3b20ef70,1050,1050,8bf05909e1e1,0.9834
73e83a07a16d,2,1640,1,False,afc43ada80f189053666e403b5a4e561,37c1c4889aa620ca2b26f8263a1c3b77,2588,1958,3486f7096276,0.9122
73ef3c3dcbe4,0,1641,1,False,9dd0025904a4c6b0826e05c3d9a9318d,8a8c8697b3627132f2f1e0f400592ca4,2588,1958,b8e20c076b03,0.9262
74211a2b6dcf,0,1642,1,False,34d8fb1e40755082c50057138b99de61,7d362a4666f84447ffe6c00e37e6bb99,2588,1958,50840c36f0b4,0.9131
7427dedafccf,1,1643,1,False,95f40e23fa44c4d091e91c62bd8b14dc,ee1b5f4174621e2c73043fb8d461d7cd,4288,2848,c102db7634d8,0.9598
7435e9a3e36e,0,1644,1,False,5f1074a387cac4ee874eb70510185da5,61caa28981ed8c8cd795e016a21bd99a,2588,1958,bcb0498ed2c1,0.8464
74418f620068,2,1645,1,False,f6bdf81cf488d6657213d0fbe443d3e7,3179df4666bae3887d20645fd0e7deba,3216,2136,d6e26fe51dce,0.9638
7455e2b5fc57,2,1646,1,False,e352ddea3700dda89a06a2036c5fd9e1,c91c5f55660ad8ee37804b6386711213,3388,2588,290ecdba359f,0.961
74898f372d2b,0,1647,1,False,b8266c08614b9793cf46f93b9e412f34,8b37efb7aac57467b361763c90ddfda1,2588,1958,3f3de2a6b0f5,0.923
74eee788edee,3,1648,1,False,038aebd42fcd0e818ca8f7ffa4ebdc0d,978c0225beb9f9050cb25f0e6af16d1d,2416,1736,b746a6681ba9,0.9443
750e0168399d,0,1649,1,False,26c77360b2894cd5a0c20bc44457e115,8dfe505d91a7a1654b4de34dafd0b2a1,2048,1536,7c3747c0b2c3,0.9873
75238d945315,0,1650,1,False,2cc66338f79a72af20e7191f5905fa4c,9e71ebf577e125f866a587c684bb8a5c,1050,1050,38b9bb961847,0.9892
7525ebb3434d,3,847,2,True,22f5076c4ee1788e4e80c44b3d459e93,9bb39fee41923ca6d1769e6f3e3ad8ef,1504,1000,3cd801ffdbf0,1.0
7526c59c36d3,0,1652,1,False,25d5bf30855d9f09da8326499f3b0a14,88b5d9064b3001f264264aa71270decc,1050,1050,a53d6d2472a6,0.9887
7526cf435753,0,1653,1,False,3259c95b4eb2ad88bb9e4f86bea5e266,a17ac0582a223e71747d77eac1d7903c,819,614,5ead17e894ae,0.9218
75369248dba0,0,1654,1,False,e4ac2e9f4d450094dcff97bca9ce8a5c,740012769917c0731453c291af1eb0ce,1050,1050,883ddb650967,0.9947
753b14c27c83,4,1655,1,False,1ae47150dcff4f134bc1a0321694222d,07efa8df331633d452e36d7dc9553385,2416,1736,0024cdab0c1e,0.9476
7550966ef777,2,1656,2,False,73341fb3fe7160f070afff19b20332ed,40ff4339654cdef396a70cfab767de2c,2144,1424,8d7bb0649a02,1.0
7569ac24762e,0,1657,1,False,e19ff49623699effa4ffd4e7c0e7029e,19401462947538309566daa231783605,2048,1536,1d0b93317aa8,0.9675
756b0d6488bb,1,1658,1,False,7141c4fd91c7531b1706f650cc733fc8,13d130a64a24a1dc63ca67ac2f920035,2416,1736,613bacb35c05,0.97
757572337fd0,2,1659,1,False,1758fcfe8289375fb433aa7c5cd2e7b1,02b590129f29c8ee5c1697e93fca56f8,3216,2136,cb75210abebe,0.9733
757e39293591,0,1660,1,False,181e61ddd0c5d54e8f7a003d7c27fbc6,63667e7503804459fe41f7dd64926062,1050,1050,5a0fe0ee4301,0.9788
75a071608ea6,0,1661,1,False,d1707e2c183bfd40d51bd2fe680f9c5a,aa3af0d83ed856a706a2a5d15056db92,1050,1050,e04f3c6619a3,0.9947
75a4343b12f9,0,1662,1,False,7ec0217df96daf7c7b8e55a47aae49db,60379d0a85892c79699ceba1f489c703,2416,1736,c1799a6f5c65,0.9613
75a7bc945b7d,2,1663,2,False,7dec9b9409bbe91d196a4923135b4c4e,768a952b4ee8589ad93184741ce18edb,2416,1736,98104c8c67eb,1.0
75c180e04f65,0,1664,1,False,ebd9752132fce6b2e9deb460c3c2b143,bfd8c1abe799d6aa1858c3cff4448a73,1050,1050,bc7bf19b84e3,0.99
75ed83dbccce,0,1665,1,False,6798e75903b0a15714c8a02ddfbb93ea,af830d1c40dc5f2b6ea8f27593d246ae,1050,1050,c18a006f7f1d,0.9883
76095c338728,0,1666,1,False,a1aac1d8c0dd198c8bed4971276cc308,da397f07e483c5861b3b3daa5d1090a2,1050,1050,bd34a0639575,0.9899
760b6f4c6d82,2,1667,1,False,79d5bea696baa4fe463d618de6d5190d,1ef7084d3ffbb5811d7a7ddd64005f14,2416,1736,66cd9c28e636,0.975
762d6e5d5068,3,1668,1,False,d157a6aec2042f1f8f034662e900f6d8,a7d032db481a787e500245bfe03833d9,2416,1736,3dfc50108072,0.9418
7635921c5efb,0,1669,1,False,0b465907d2fbe70b2412bffb24fdec82,596c974d0e28e61d6e07b45e005d3870,2048,1536,98d41bce73a8,0.974
763ad1236efe,0,1670,1,False,620ba7cea585921a8ef3b16b159a4578,10aa950f4234353857279a876309934d,1050,1050,1c7a013eeba7,0.995
76516f828d88,0,1671,1,False,5771de2d4b4953611b2495aba8c24a43,a05c4a812899c7a30eab77221f5a3680,1050,1050,875d2ffcbf47,0.9909
7663aba8d762,2,1672,1,False,e44a68f63f5c42abfce8ce3b2f0b0cbf,94af9b8849ee08319d7ec8fee09b998b,2416,1736,ca63fe4f4b52,0.9604
767d777ee889,0,1673,1,False,271e385be826530aac6143ee81e417ef,fed7c89201f8498473fe308f082da335,2048,1536,43f22d1be8dd,0.9808
76b950c6ed5e,0,1674,1,False,5958783965bfcb501a019fdbd2304afc,cb3a2922b4e4626b9838a6d81e5d17db,2048,1536,54b322c66d01,0.9592
76bc31e0d3be,0,1675,1,False,b87502819e7bb00aa6e8281c938c6ecc,9d901a7c9a43976936aad0ff41233921,2048,1536,dcf109df1a2b,0.9743
76be29bb30b2,1,1676,1,False,f9be99c965df88db4e0576fa431819de,9aa0b68ec037aa36da96f84241f8c818,2416,1736,582f739b8f62,0.9672
76c0c7e1b6cb,2,1677,1,False,4ac3df1624ea4ccc4ad9c93555f00bc2,95fae9030be0d05e70dbbcef309cea7c,2416,1736,3e3a3955b9c5,0.9724
76cab26493f1,0,1678,1,False,abaa7f67316d63b2ebebe3bb2985457b,0084e467127faae0bc4454861a982083,819,614,36e4b704b905,0.9389
76cb010f7aa0,0,1679,1,False,ceff4b2544127a0f3aa34606746fa2d0,f3423a76fed318ce24c8599ac32a3ec1,2048,1536,7c3747c0b2c3,0.9748
76cfe8967f7d,2,1404,2,True,292a349e96cc5560aeb965019b116180,837b875459ff93a950cb5aa418a5b394,2896,1944,6253f23229b1,1.0
76df141d966b,0,1681,1,False,a6446f66572b6d1f60017fcc31e2329b,4e61f2ca63ee38a1689d0929e4861c9b,2048,1536,6b30767595d8,0.9817
76e589911303,1,1682,1,False,e1f83abb4934a96cc5c623979b0a80f2,18e9ab0681fd8709080681c1b18ad452,2416,1736,4ef7144e24ff,0.9713
76e5b50f95a7,0,1683,1,False,aeca5532b6ea87185a91967076e353b0,3e5a1ce1f8e1f4c624940667bbb11be2,1050,1050,c5bec7f1e5f3,0.9851
76e6a9238570,2,1684,1,False,ed96affa3d9c1d00c82a9af7b5473784,81ff5122e0c4501870e3f147955a0e37,3216,2136,3c726de3ee90,0.9867
76f3473df8a6,0,1685,1,False,ca03f11399806b42ae7c544fdcf3eb02,9cf5e183bd3fde7344546d1ac95bfddc,2048,1536,5511f114e7ee,0.9762
76fe19ff64fb,2,1686,1,False,c686612ad80b35fe94b427826d961de4,04b1b125f275ae21664b9bfa83859c64,3216,2136,15cd5f52d300,0.9807
772af553b8b7,3,1381,3,True,37a1dbe84388b77fa56ee5f5d6bda0fc,2f84ae6e9b0f71c23aa80443e4ff2ea8,2896,1944,60f15dd68d30,1.0
7743f4e04a6d,2,1688,1,False,3a67fe9da8ee54e0eb9708800da8a9cf,b00c1012d50f7eeff37ff4976fe0ec1c,3216,2136,d844a7252f4e,0.9741
77543f66a84a,2,1689,1,False,ed2ff13c85770558602ba999d9e39347,d02f39dd5e5bbc9ddd8e7397890da2c8,640,480,d41b33fcb94f,0.8782
77a1f1398fdb,0,1690,1,False,f3eabb90a805b553c0c89305a067b0bb,0f417dc8dbe67bb38842d6a00fe3e03b,2588,1958,3f49f8d100e9,0.9412
77a9538b8362,1,898,2,False,e7ec65d286ccf33375db4c82254b2ab5,cea47425806ea083ed968ec38f511d4f,2416,1736,40e9b5630438,1.0
77ab222bf85c,0,1692,1,False,892b11d55617cdfd076c2e4eef19b593,c3cf61ba176bd601d7d2612744f02eda,819,614,ad029ba7fa8b,0.9725
77acc2cafee1,0,1693,1,False,9dea439baa32133c390b584a4013cecd,1510fa705747159e5ce57bfda4adfedc,1050,1050,916915f01e17,0.9923
77b7b71ebcc3,0,1694,1,False,049c56fa898eeb2fa0589de38ac3ded7,d24dccfce17717486db8734bb690fa0c,1050,1050,1c7a013eeba7,0.9924
77baa08a1345,2,1695,1,False,341433883eda7fbef6d5a36d6bf2be80,a8cc28ff04ab37ffb51a8a3c0177f5d4,2588,1958,2d07162a13b1,0.9003
77e15f213b04,0,1696,1,False,9120bb2f38385ac9ed09e12cf5770165,3f45602d5ad2187864f1e0dfc4e1674d,2048,1536,898f0bc8acfa,0.962
77e7c7a160c8,2,1697,1,False,91e7bc0d7b0f52300409b20cc67f17e0,55372dab9f5211df2185b8488ef078c0,1050,1050,d30d079e6f9a,0.9907
77f69c7ff324,2,1698,1,False,1c53a12d22206c988d8184450a4e8365,d83cf0568253ac82254332fb6887d83c,2588,1958,2376e5415458,0.9199
780be525036d,0,1699,1,False,035024e32cb49a1b81fadaa129a15e37,4778fc62bf60d04e86ac506167b16df6,1050,1050,28503940d10b,0.9865
780f9c237c56,0,1700,1,False,f24b530a56ca5bf11c292ed1dd096aa7,389cba9dcd7db55498238e1da631b935,1050,1050,f3bb996b45ce,0.9816
780f9daaa24b,0,1701,1,False,099428d283ba33cbc225cfa5ff2d953f,7580ad236a3e8a69a533a0406fe56e06,1050,1050,fd87b6b2e664,0.9929
7828dd083cdc,0,1702,1,False,db777b810055897c8f6a0c189f662554,41897c1442f9a82212f13d412b5c1a10,1050,1050,b8297a2291f5,0.9907
7831ce1d895e,0,1703,1,False,d0641dbcf9216ca3f55969e897a46d5b,ad5e0029a58b22fea3bad4a04c3654a8,1050,1050,3178559fbf57,0.9801
784d6d302f98,0,1704,1,False,eeb14e409bb3d341331c4560ab35a6cf,9400d0f12282c6fbf5d56491cd105ef1,1050,1050,bacfa2b8e706,0.9904
785777558f05,4,1705,1,False,60805638e6d3e0a29dcb5e8a738e9aac,66c00185c78c92b541a011c28225053c,2588,1958,5905a9b06a73,0.9368
7877be80901c,2,1706,2,False,ec96fe859062b331093a609ae243341a,51600d98cb7ffb7e51e432bd60f46dd3,3216,2136,ee2c2a5f7d0e,1.0
788ddb0b70b7,3,1707,1,False,ec70adcf9121c05a0cf6c162b61f9bad,b5ed26db312697228ac2fa12770d8248,2588,1958,af6a1508cd95,0.9419
78937523f7a8,0,1708,1,False,e55ca9b7a8c80a34fce56e185501387e,66ec3bffafe847794f9ff7a6f2bd2cc1,819,614,9910c827e2fe,0.9736
789434d095d1,4,1709,1,False,bedfb075fc09a172059638a6b2c84d04,5620dbcec56c2ed766413ca2f0aa46de,3216,2136,388f12e8df0b,0.9838
789c60cba801,0,1710,1,False,40562ed9aae5e7a06fddc506015626f4,1df356d9eaa4acb864d10d1236c6017b,819,614,6c30dd481717,0.977
789f0ec1eab8,0,1711,1,False,0fafb1f7fac9ddd7781d971466b2ec7b,803ab8bc2558ce669f7ddd16c1f940ad,1050,1050,b72a86d61959,0.9892
78a577c3e0bf,2,1712,1,False,17bc75a61575367ef94a4bb62fa57f98,e23f0687d8a0809bd92e97c367afee01,2588,1958,d7bc62d60e8c,0.9171
78b3f819dcc5,4,1713,1,False,8183f0fe17e55d667b9cbdd7405a629b,365b0a524b5df996fe7148cefeb57cae,2588,1958,74898f372d2b,0.9004
78bcdffb8785,1,1714,1,False,cf041ce50157b4779829ef1af338680a,f821f2af46c080b47a0b957d39ff7649,1844,1226,15cd5f52d300,0.9221
78d53c82a23e,2,1715,1,False,27bf17a99026864771b2ae830ebfa7ca,dbb026aa88eadc3125c3a6854d2093d9,640,480,3b185ac445d0,0.7986
79059d0592c4,2,1716,1,False,9e2e5df5f930ab5c4d9635c8bb5bc7a9,34b6847986cddbb5063d62c9027a85f3,3216,2136,bd9904495ccd,0.9663
79540be95177,2,1717,1,False,6872c90cffbb437527661a912967e408,00af4ecf73b9175711c18a01f17ab6ce,3216,2136,4ce74e5eb51d,0.9703
799214e8b07c,0,1718,1,False,3d8202b76cfbfe6fff1d6ab5c137b779,6b7d7e46c64780b13a71c77270952d40,1050,1050,3abac0961bfd,0.9941
799cb4c816ae,2,1719,1,False,39df7ccf3bce91c9453dbe6fcb9fed5c,0a0b8cad09578ea7894194e47e758c40,2416,1736,13ab8db8c700,0.9606
79ade634c633,0,1720,1,False,307c4534cad3abcf8f216374a0db79ed,293bb8127b6a3007792f96998b11f1e4,2048,1536,c23ff6dcf15e,0.9743
79be2ff796bf,2,1721,1,False,21b25bf89638cd5969933fbeb39585c3,bd994aaa969d11875fa0dce6aa22fa14,3216,2136,76fe19ff64fb,0.9704
79cbae28d8b2,0,1722,1,False,d6ee718b2eee9cace1d8b497e472277a,14d68237278c049712058f5f0ced497d,1050,1050,495106ae3b68,0.9953
79ce83c07588,1,1611,2,False,a8317a69910d9f044779c51f19d02b20,544b9d3dde625da6f7c9480d78114ef9,2416,1736,71c1a3cdbe47,1.0
79d44db3da2d,4,1724,1,False,f95aa132e4a4c722b62491f7628618bb,096675f5374cab0372d3688f33ec91e9,4288,2848,66bae1ba227f,0.93
7a06ea127e02,0,1725,1,False,eba3fc8d995229f1492ee7a1430267b6,4c2e8387ba573b34bb4b8cedbbfb2506,1050,1050,369229040a34,0.9938
7a0cff4c24b2,2,1726,2,False,8fcda303040d5beddf94056fb8c90fdb,8d8f35668945cd0f2f76dd2a378f79e7,3216,2136,86baef833ae0,1.0
7a12f49e29df,0,1727,1,False,c6f0e2d0b54762ba7e8344e5c710fa3a,bfbae2429641f00393e2199ba9646c08,2588,1958,d871895742b1,0.9407
7a238a1d3cf3,4,1728,1,False,41e131d4b19bf7f784a6616ab12f93b3,23fba25a2d95b63b1c5ec29667d56a78,2416,1736,291f581d365e,0.9678
7a39c91416e2,0,1729,1,False,1625d80ae52ad2058c01ad61c5a4a5b1,1a60dcc5946dbec2f808dc3a1fcb406f,1050,1050,555d0bef3c5b,0.9907
7a3ea1779b13,1,1730,4,False,7466afedd7c8d829f842228478bc65ee,59aab23abbf869f5753b7964b7f0dae0,2416,1736,a8582e346df0,1.0
7a42443ed106,0,1731,1,False,34d1ed21da916455cb86cbece4e68546,8d10cb0d17c31c6c03b6cfe6e77bed62,1050,1050,de55ed25e0e8,0.9853
7a46cfa69bae,0,1732,1,False,7b35e558455aed54fc088ea5ea5d0435,8ab62a669bb405ac9b28bd4e2a93fd8c,1050,1050,5ad3dabeb2cd,0.9834
7a6495a39d87,0,1733,1,False,78f82d26053378e8e1faf82f2a0dc988,a517a44875780745d1e9d6c9543121a9,1476,1117,d18e5b68f6d2,0.9223
7a6e384a0846,3,1734,1,False,f6e5e3da5f97caf52a285bcedd09d202,7518a7bd80a6ea318dfd5ac3bee8c065,2588,1958,663a923d5398,0.9421
7a77c3eb468c,0,1735,1,False,a802383947014574655ef64cd0e1d178,eac3547c89b8ae7d5bd42587e85346a1,1050,1050,a2b995b81692,0.9931
7a9f45fdf29b,0,1736,1,False,dca53464101deebe44968e827cad4d06,a5397a13ce15bf5c6af3ec4ccca1e8bb,1050,1050,52ddde91a349,0.9949
7aabd768abff,0,1737,1,False,be38680ba5d52ada4baac86b11b1a4a7,8cb6d562d9d4b9b5b4507732fb799ee1,2588,1958,b69c224edd6e,0.903
7ad0c4975890,0,1738,1,False,bb965c0fe12d11a472824c1d4858fa06,1881c82bdafca060f9703d5b7689bfd0,2416,1736,65e51e18242b,0.9371
7adfb8fc0621,0,1739,1,False,f5d8284a49050ba99bdbaee7f57aa38d,dc9ed1f9ed41710f4291a81b2001a97a,1050,1050,7bc00e58d419,0.9927
7ae69d22075a,1,1740,1,False,b628bc3cac3857c2390e10a02363c83d,6fd27ba5852c0310b5b589637198808f,1050,1050,19545647508e,0.9922
7af4d8704032,0,1741,1,False,1d5e99234c1eff03bbcfb3990e25600e,4731bee47e88b77cd5d932d2b598e05f,1050,1050,21037f5c7790,0.9948
7b20210d9120,1,1742,1,False,2e04d5fe499552e22b2b2078f1e5df73,c9a28beef8dbcf96609b13854ef0cc4f,2416,1736,abdb365cacbc,0.9793
7b211d8bd249,4,1743,1,False,19382436cdb6aa582c512e834d780580,1152ddc7f8478b20b2564ed72c816935,3388,2588,4a213b405ee4,0.9089
7b29e3783919,3,1744,1,False,73a696f8de8478c8b8784178d834793d,931e3c3e71d43a44afc5311957118b4d,2588,1958,9f37c98b8187,0.8484
7b49041cbf17,3,1745,1,False,bff2d7cce5560999c253e738d7ec9edc,8941e374b98b634d6fc05580783bb36e,2588,1958,ca30a97e9d13,0.9168
7b691d9ced34,0,1746,2,False,6207f33919babcb3e65625538a4118e1,b78db8bc9c0224f01a4c084a9bfab42b,2416,1736,d51c2153d151,1.0
7b87b0015282,0,1747,1,False,51f3101537c6e47a209b11da4aa0a78f,edf033d028a550e4442b9a72186d4968,1050,1050,cd941e5bc659,0.9937
7b8c78b41c0d,2,1748,1,False,5665309ef5b73f486845b738ce2fccde,1d5422bcd79c5ac540b84f0ed421013f,2588,1958,239f2c348ea4,0.8318
7b9d519cbd66,0,1749,1,False,ca42bef2235077e8a6736913677cac52,bb58cbd8ff1f5a362a7de88238aa8c9d,2588,1958,14c3b41d289c,0.9448
7ba6b23c4b46,0,1750,1,False,5daa6dab9a9f77470828a8f6c2269f74,ad77b8cd494a7adc04f1a18cb46180e3,819,614,6e3526053de0,0.9003
7bc00e58d419,0,1751,1,False,3c87b26c018b300eefc5bfdf49f78a3a,a12ba7f43b4b74868335552cdfc98ef4,1050,1050,e82232a3c28b,0.9932
7bc2e0fa3f72,2,1752,1,False,b4a921eaacad1842811a0567da5e839c,e10a7c8907d29419a702a728cdc2e2f6,2588,1958,d18e5b68f6d2,0.8736
7bc4dd99eee5,4,1753,1,False,fd88c9652121c32fa416248fd7f118d1,fd0873f300cab9fd43b4906179a889d1,4288,2848,3206171db5be,0.9471
7bda86d95c5b,2,1754,1,False,88715358dc08ead89e5c41bf9a2e4a3b,ced429ae4cefa238b231dec2f028bf0a,3216,2136,f025f33b2c9b,0.9817
7be1b9aa78aa,0,1755,1,False,8549f7dbef7321bb51b203243f6fdafa,435f26c353856d2bdd2b8fe5a8a0b1fe,1050,1050,69b3a00927fc,0.9919
7bf981d9c7fe,1,758,2,False,4c301ac57f6743f7dcfb3e6f0eb28282,3436f0cdc33021d46f04b5eb4b967976,2416,1736,36677b70b1ef,1.0
7c2e852171c0,0,1757,1,False,56698fbaffc64cab397922dfa9daa686,6084232dd2382d39de11216f37bf0ec3,1050,1050,7adfb8fc0621,0.9916
7c2f820a6425,2,1758,1,False,8ede29daf1e365d542912e47d37ca34a,2911dd8968b13cbb1b524145b14461c4,2416,1736,23148a40ecb0,0.9611
7c3747c0b2c3,0,1759,1,False,f1f7ee9c856c71bda24e9c91ce1721c2,3abce3e7005115255eb28cbc7c29581d,2048,1536,750e0168399d,0.9873
7c52fe73e748,2,1760,1,False,921fcd6831c1d642cbdad255ef97dcd6,208db889c3f03ad881bc17119346acc1,1504,1000,1cb814ed6332,0.9702
7c629b491d1a,4,1761,1,False,dd0d1150a2851057b6693b9f83690364,0c9c5cd55ca22d992a444b15808c08e1,3216,2136,ed88faaa325a,0.9835
7c6594b50690,0,1762,1,False,16798d0a7fc06e06f4cd2240b529f576,400261f91f91a3d0fbd307006fa1c9a6,1050,1050,942f544c4e15,0.9934
7c90ab025331,4,1763,1,False,bbaa0df770f56d25cbd9473e33184ff0,50cef4f8b1fd9ffb08bb56ff876d212d,3216,2136,5265dc9acdf8,0.9695
7cc4b7aabe04,4,1764,1,False,e6892caa64ce260769d85bb8575e5016,dc411e80d3b6eb7ebe66f135c644947a,2416,1736,d85588ff2ebd,0.9763
7ccb267fd394,1,1765,1,False,9b75a01d429308c31d4be0e0e1503f81,3606f7e8e41e0ca3806821edd5846cf2,2416,1736,89ee1fa16f90,0.9712
7ccf9d25dc48,0,1766,1,False,a5ae395c971e0a0e0cd5c99447c9a014,b7ae5a0f8ef33f06b1db11ae942e006a,1050,1050,266fbefa58fb,0.9896
7ce671f952be,0,1767,1,False,45cf3db1e5578effb8d2519cf2cfcda6,c860db7bedc3c6224b944387dc228a7a,1050,1050,0182152c50de,0.9933
7d0a871c45db,0,1768,1,False,76fbc81929e83ac8c37e790d5ba583cd,a5c00be1ef5b95e15d8a49ea22bd8124,1050,1050,e16af45285e5,0.9938
7d11dbc1e738,0,1769,1,False,1f4332101837deb69200a396a46b3f09,2ef5263a0c5b1b7304e481a5a2f36553,2048,1536,be7f791a7877,0.9773
7d1b40fdbd86,2,1770,1,False,77c204d7a135ab3114e62227430f1ec4,97fca7b65ee922805a1032aa1f2c01b5,1050,1050,9232dc06cfdc,0.9809
7d1da90d3ca9,2,1771,1,False,fba0f795387e54e58803d83168aafa66,5cacfd05e6c5b141d51c647f4c363306,2588,1958,c58971bcebb2,0.9232
7d261f986bef,2,1772,2,False,3dff539fe2c5e2dfcb8dac73b0424f16,5cb966a36e36aaf2de71285d6ed9dfc2,2144,1424,91cbe1c775ef,1.0
7d37a2939f12,2,1773,1,False,d9199e6981ec9f7cd8f708cf31009d6d,9cd4796d68fd94116ba4891a03c3f8f5,3216,2136,ed88faaa325a,0.9825
7d3835e4e63a,3,1774,1,False,1c8e22c2b948527300805ece355d35ca,2e782b9a3e48306592234a2bf9c355f3,3216,2136,cbc2e57447c2,0.9697
7d48f8cdfb69,0,1775,1,False,c3a0174f31a8b653c2ccdc73b073330c,2814e829c1e7f2f1733d57898313143d,2048,1536,3fe282197c1c,0.9185
7d626a7ffe76,4,1776,1,False,7f3986231cabdfebd2fe56bee78bbfcd,db60f8fe7b58eb7ce9fe9bb3ddae20fd,2416,1736,2994f17f58a5,0.9386
7d8f67cadc29,2,1777,1,False,2db5e68db5c084e862ab64264d77568d,4f1e334022195d18ab4b1374a858ca0c,3216,2136,7270367410a1,0.9799
7d94a000c2d0,0,1778,1,False,f23ed074985342657134e5bf76194280,12570b79a156776e91315ad92448a3f9,1050,1050,c365c598ad4e,0.9938
7da558d92100,0,1779,1,False,6ff7e5d7c92500ad8df8875f7040bb24,8083a601dac49182c3763bcaa0012498,819,614,f4874247ede6,0.9534
7ddcfcea7369,0,1780,1,False,68dd506870f04a8e2effb80338193fd6,5899bd16e6d13087c8e8e870cf243b0a,2048,1536,f57cf3b6f48e,0.9752
7dee6bf8b9c1,2,1781,1,False,63e3f81a7e80fed35e020cb406ecae39,13460972bfde53322f877b91b6ae06c3,2416,1736,30941b65348b,0.9785
7e0598cc88a0,4,1782,1,False,c03ce025c98bc746a6a590806817790d,2444ac9dcd679d6fca4f8851457b3791,2416,1736,7347f5133a6a,0.9328
7e160c8b611e,3,1783,2,False,165540476389b5d13f68c4468bcb4ed4,84077b6b01f01f6fc6470e343678fb7a,3216,2136,91b6ebaa3678,1.0
7e4019ac7f5a,4,1784,1,False,5d1a8e5a3bf4a8fa248ecd7e31a1448b,25941f7b8321418acdd6dcf8e95230c4,3216,2136,99e8bf998285,0.9727
7e5a76c4e103,0,1785,1,False,0de9b03a235e0f2e8a5c2674da45878c,1ff43cd83ffb2a8c7de446a88179fa82,2048,1536,67d8f94f04e0,0.98
7e6e90a93aa5,2,1786,1,False,c03c3a0525701ca17434615c714bc177,4ea378cab97b61f92a9a5d1ac25d4351,3216,2136,0c76fd494af6,0.9433
7e70344b0c25,0,1787,1,False,4e1e48672d926bbf06620438c4a92466,de1f63fc1e8791f5a00c140a3171c9a1,2048,1536,50915e2329a1,0.9736
7e77b61e1639,0,1788,1,False,a26e67d23627830b3c63662bf863e34f,18ff01b70a5d701fb7e31e680014f181,1050,1050,4eaf2f81819d,0.9923
7e9081e95bf6,0,1789,1,False,0c13d371fde2de389e7bf473f55b686b,09da468fe013b38d31b223bc093e0a66,1050,1050,6b3860e8f64f,0.9905
7e9458de5707,2,1790,1,False,6511da1d31ee3d1468953086f5d48001,5d51e45820977d5217283482c1409a9d,2416,1736,a8b637abd96b,0.9634
7e980424868e,0,1791,1,False,dfdf2b88ca1c1c2d0169ae5f05c8f63e,d4246eb6536e0a249e3137c7a84ccf6d,1050,1050,405085b53d7b,0.9885
7ea756985353,1,1792,1,False,afbe12764bcaa620e1a02bd9a4a7ad2a,ec5768963a5595a294cba13811ba561c,2416,1736,25e9fd872182,0.9447
7ec0e61a7e29,0,1793,1,False,30a6539c16a23c4603a6628f7f02a8ea,8f348fa6749fb2b05c64b321ad1c9947,1050,1050,529906ff9dfa,0.992
7ec1ffe8220b,2,1794,1,False,7f1aba98bc56e70476bd036bf5fea9ae,9f6c7f4ff4a82675a71fd25ea3a918c1,3216,2136,58529a8638d0,0.964
7ed4128b2a4e,0,1795,1,False,01c087edf75a4653ef72617e425e761a,ffb1a51cac5ab9e50ba98ec38265dfb5,1050,1050,05339950962e,0.9905
7ee6de71c140,0,1796,1,False,73ed713b9ab5c45f797e5109705614c6,e70a1771eebebac9d7e041f303055481,1050,1050,1f31701dd61b,0.9928
7eeb191ad06b,0,1797,1,False,a2b286a83f0b724bc17bcc4156d8acea,c9fb49706707c0f2e83bf4dba63bb75c,1050,1050,c334f8688b77,0.991
7eee3d1f1268,0,1798,1,False,3160722c9aec6d1af7e26a1da448156d,9e4cfdb092617d270afae434d4ccbbd4,2588,1958,8bdb891661a8,0.9253
7ef5ff774a48,1,1799,1,False,8f8aaf2c0f32eaa85d50b5113fe842a0,1ceafaf4211b4f2b8ad0f294e3ac2642,819,614,1f4fb37e0854,0.9323
7efc91af4ae6,4,1800,1,False,f772adc2d12bbe75a1830431f17a0290,5f58e8bceabd32d59c700c11946d2d51,474,358,785777558f05,0.9222
7f0ffeb0a333,0,1801,1,False,46f539301f64c872c25f0a4ff815e592,8c611f6b0cde7e633e12b98fb49b6b09,2588,1958,07f5d7baf907,0.9187
7f1f3269f546,0,1802,1,False,1f6290b0fb520d5ca399dc637a00b75f,5d97654acd0145ebbd42c339a619d522,1050,1050,0a902c80d5da,0.9818
7f2123bc89a3,0,1803,1,False,408b36dd237a96275fddf33fadda1446,d2e8bde4c05f99feb6df0b59f136dba8,819,614,aa8a1e814811,0.9438
7f2cce721e19,0,1804,1,False,54a76df112fb274a2f63cd6c802cc18c,7e80e406788d729fe3b25fb001ff099a,1050,1050,a1faeb4d5f10,0.9874
7f39c36469b5,0,1805,1,False,a700d14ffbb807ffd62ed773a4fee67b,a385a31de813b1fb4223ccbcc2b06bc7,1050,1050,3132556f5352,0.981
7f43becd3e83,0,1806,1,False,2efb962e94779c95a22b74640afd5ba2,a84379463d5ffd5352ae7a27ddd505ab,819,614,05195a3db5e2,0.8877
7f60f2a083d3,1,1807,1,False,4309420c88285bd80a63c2f55e891e1b,02bd1d52be442907b790a4354574bcc8,2416,1736,4aa07d720638,0.963
7f6690fa390a,0,1808,1,False,03b9ee9599f08e737bb24f3d5257b3a8,f5ac817e7ff4fe18d6a668eed2321273,2048,1536,2c8101f14723,0.9603
7f6ce40f306b,2,1809,1,False,e7440b2f698cd9e00f00ab3296a14430,53ea25bfdc921a4c5f2016862bd97e27,1504,1000,0c7e82daf5a0,0.9362
7f84284598f5,2,1810,1,False,2f51d46882167ac7e8dcb59919c108d1,ece12de2b2e40dc69758637b7db00c03,2588,1958,2dc647e00ad3,0.9045
7fc3a8bb40de,0,1811,1,False,37dad5c2dcd514564c45b201403e8aa8,40dc1c3a4faa03f0f101d0b586273857,1050,1050,cb68fce07789,0.9921
7fdb177b8f7d,0,1812,1,False,639a1ced3f01634decf5dcb87e45accc,e7aedbebf8c71a856957f807c557de59,1050,1050,83a63c4a3e4a,0.9911
7fe7309d0b4f,0,1813,1,False,d07857cd9dfd3aaecd7affa8b7309663,6df98d993083e66d456a2cdcb9cb2f51,1050,1050,53273d664cd8,0.9894
8000a6b97a84,2,1814,1,False,a1635aa1d24c6048b0e05482eaf74f7c,a7016c47fb515b05000b14a0a6337637,4288,2848,82bb8a01935f,0.9451
8010c931321f,0,1815,1,False,3a70e525395dc3c864ed0fd1d2f327a1,c81e05a6a8d9fb7b8dee18c187e50ddb,1050,1050,8f9819752ca0,0.984
803120c5d287,2,1816,1,False,f43b45fa1a1da4a02680c0a50d731e90,c0e974bd056509af706847c6bb40f875,3388,2588,e265c870f9b3,0.9254
807135cbc438,2,1817,1,False,c082fdc8f5c96c0398a03115c9210754,1d392512804699142aa646145368f680,2588,1958,052d9a3fe55a,0.8493
80964d8e0863,4,1818,2,True,374fb66d60f97af7ff2c679f81063fbb,d9b849135903566b335b6d4c0722b298,1504,1000,ab50123abadb,1.0
80a02014b418,1,1819,1,False,3ed87b009b749af59af8fff4a85b63f0,ac23bd44d68b9a39a3f64bfcc379b74a,2896,1944,eb1ad14dd281,0.8922
80b5697f2a5e,0,1820,1,False,df0e9b7066a2201016b8fe64385ebcb8,6d913d40faf317d6fad14ff8bf4017d0,1050,1050,3c9529918097,0.9929
80b5a9519aec,2,1821,1,False,9cb8d134ab3a66781434d33b373aaebf,054f68accf28f016d10159551672b822,2588,1958,b9b6ee2b9453,0.9041
80c67efc8101,0,1822,1,False,9ec4eb21df6be18854f5422954a4da96,e4a9a664a0a24210eaf7e47cb86c1616,1050,1050,21037f5c7790,0.9945
80ca40196225,3,1823,1,False,b3814384203c24392f021627ec456c61,9be894194019a2bcaafda79299185aa0,2588,1958,92d8a7c8e718,0.9276
80d24897669f,1,1824,2,False,70f1921d018abf3eb649fe94cdda57d7,2e525398715e15f24920b20895a4a327,2416,1736,fea14b3d44b0,1.0
80dbeb0fdc75,0,1825,1,False,bc88cf29ccc16d09f3b504718fb6e871,f5deeb61eb5c0c5e76126972804829d9,1050,1050,7ee6de71c140,0.9904
80e6e425f966,0,1826,1,False,6d890c5ddc57411991d90bc425188a32,71f469f5f9da440ca2772ed6a92b7fac,1050,1050,96b5474ae604,0.9657
80e7cc0a0649,3,1827,1,False,1e22812d577a545fb0f48d0bb3a284d3,da52d9e67791553f2a84c7fba455a389,2588,1958,db4ed1e07aa3,0.9168
80ed04a84a16,0,1828,1,False,7cc4992bb605ebc724eff4eb727cb059,72eacc9d5e2fb6e874e70f8c8a05d661,2048,1536,76df141d966b,0.9667
80f6b30ece8c,0,1829,1,False,8c330f96514e4f15bf8cf02374c5d5c4,a901c76dd4131390fba731c0fcf6c10a,2048,1536,9870ce41cac4,0.9443
80feb1f7ca5e,2,1830,2,False,6bce9101e760604a547a99d783f05209,5682ec281f43a8bd6c427f1bb9065043,3216,2136,878a3a097436,1.0
810d3779abd9,3,1831,1,False,a4c7b0422296040786710d4070655a2c,a01de2dd126106f0b9a29aff8b96d5e2,640,480,5f13e8a07344,0.791
810ed108f5b7,0,1832,1,False,95e9f7fc8172b3fd7aa8483b77200805,ee927e7009678a31766ba63af438c945,2048,1536,da949aa67a4f,0.9894
8114d6a160df,1,1833,1,False,147b11ce6578cc31bf5b9c41cff51e0f,49971a8c94c01a6844e592a773b9ea4e,4288,2848,8eeac97f02f0,0.961
812d5adafaf2,2,1834,1,False,6beb6078115302cf704d9aa04eb61031,85b7c370e380a4ce8d5c2ed82c0b2727,2416,1736,c1799a6f5c65,0.9645
81371b0c01ad,0,1835,1,False,16a7dd2ab603d240f3b6284cb91cfb60,7140ed4be778c094c35d65df391d0111,819,614,e4d3d437b0a8,0.9687
81704925f759,0,1836,1,False,b01aa0c58a55e9dd7d693283460927f1,c7cea441ac101de9296bbe1ee6586fa2,2048,1536,c12e9ca420a5,0.9546
8185ce1cdcef,0,1837,1,False,5b0ca21777908595e7e7ff273cf6db0e,decf66c3f4b02bd3553151162c5a9da6,1050,1050,691eeb59b4cb,0.9927
81914ceb4e74,0,1838,1,False,77f7be8dce65a6b598e89de82e74c34c,8dd2c9fd000c6b54ff3347f4bdb3a442,1050,1050,d6b109c82067,0.9928
8191ae701985,0,1839,1,False,44f96377624f2e5d9f3835e186a1089f,04e5545952f5371d1621d5c11cefb80b,2588,1958,c76664770c07,0.9085
81b0a2651c45,2,90,2,False,b18463e4dc88eebb8623b80025f4004f,71f68b3b78c65e037b79f416e9022b40,2144,1424,07419eddd6be,1.0
81bc03e2ff2b,2,1841,1,False,18d7bb5b5ea161ee69bfe21c44d7c0f8,937f749652b6f9aaa3a69e9fb9325df5,3216,2136,03ff7d159f10,0.9359
81d79d53ed7b,0,1842,1,False,c557377a4b87c3c3627889a95b22b62f,c8524418b6c21058934ff89c55b3c3c0,2588,1958,7d1da90d3ca9,0.8878
8201cab8322d,3,1843,1,False,7941d75cdeff70197923f2c1f5014ea4,a5e3e0c4bba216bef6a43b9f681e7b41,640,480,5b301a6d1ac7,0.7079
82088c6734e6,0,1844,1,False,1d7a19a22d1983567dd0229174114291,3bd9f5b16e4050087d753a9ff0a57bab,1050,1050,478fc46eaa49,0.992
821789e9053f,1,1845,1,False,a6d66d571e97d979a395c7e483eb0551,72040dd3b9434405cd9c37f7198630e5,1050,1050,2b4c7b5f1f1e,0.9938
8241e43408a8,0,1846,1,False,68e21c456e134d2e0ef6f793c061b079,8030ba5c78c67c4bfc855880b0da0a68,1050,1050,acf976efd7ce,0.9913
8273fdb4405e,1,1847,1,False,1f5367b539eb154d9113b33eb65cac5d,61bd6cbe9d9ab6f3c178790299f3d99e,2416,1736,1269ab57c2e6,0.9661
82910bba4753,2,1848,1,False,ef66d335f9eb9ae98b5fd9f615df82bf,e3620366283ede5e3f811f873ff02a53,2588,1958,0d310aba6373,0.8631
82ac8463fadd,1,1849,1,False,805803b129ab8af1b14743bab2516a06,787a68b7c60380aa1ae19629c4be0454,1050,1050,996f9bba4ef0,0.9791
82bb8a01935f,4,1850,1,False,d0ac52533e2ea5ca2055f5e474233929,7614ae51433c8c380ec83b4794d28bf1,4288,2848,0ca0aee4d57e,0.9685
82d364726a58,0,1851,1,False,a816358bca0ab3618707f9b4d18b9919,833f2edf584717094b1e622407abf248,2588,1958,44976c3b11a6,0.8992
82deb07a6618,2,1852,1,False,1d6c17badf84a0744f12733c7586035b,8a7e33259a9f32238ec27d495c52277d,3216,2136,b65ff67743b2,0.9745
82e5bc01f8a4,0,1853,1,False,eafd9829acd4d1b0341c7e9bbd059545,c779d1cedf6230dfd68bba0fe95f570f,1050,1050,9d98a0b585f2,0.9917
82f2784ead76,2,1854,1,False,afc91357d2beede1ec342f25be25326b,b901f34845bc26c54674fac6b7d5d45d,3216,2136,50a2aef380c8,0.9718
83038ca49b6d,0,1855,1,False,7ac84dc94f774c903c346ba765059065,765a65452d8ec8c2fd6bcd0e8ed2f0ad,1050,1050,6653ad026901,0.9857
830e297965a1,0,1856,1,False,2e1afaff20f10c7178a3c09d17df4e13,98fb494847eedd1751c52c399dbe06eb,2048,1536,b16dd4483ca5,0.9869
8329e80c10ac,0,1857,1,False,6bd142cc8f536efa633f4e506334a439,c63b954bdafa77674c05e9275c1f2187,1050,1050,44878f34e31f,0.9916
8344c783da65,0,1858,1,False,8465903d07c5b8d50e69572c9d6d0b17,3949d96bd4a7c8e0d54bd8c411b38181,1050,1050,d7ac4a0c9760,0.9952
83517eaeccb9,0,1859,1,False,66b019af4c30b56b83cd167bf6265e74,5bb8e4981f662e35e924f80a2b4f51be,1050,1050,93421787f520,0.9804
835b9f6e12ba,0,1860,1,False,252e4e78312c9cfe3c18145f0d5e9463,6dc9056fd2a33dd9af8a842b41d79a26,1050,1050,d1a60c3b9fe5,0.9977
837acf120946,0,1861,1,False,759102489ac1f69020930d17d2170513,0bfcc272736c9ddd348401d07f358286,819,614,4c60f6fcea75,0.891
838b3e4d0bb4,0,1862,1,False,a12d94a56c5607132bcb08d72dea5f13,a84d17d7d50dff288f66947c957bfac4,2588,1958,d3e884109b45,0.922
838c87c63422,4,1863,1,False,ac5dcf5a68f046ae0368469161fc2e6c,d244bde1b8a72def033e972125369231,2416,1736,799cb4c816ae,0.8916
83a63c4a3e4a,0,1864,1,False,1f3bd1c5e1142a39d484d9064038e89c,064151f4df2e55eea2cd4b1da851f442,1050,1050,a44345b27804,0.9925
83b61051737f,2,1865,1,False,45ce6144592380b69fab1becc8345e3f,1155acde74dfefa8bcbc74740c3df982,3216,2136,44e0d56e9d42,0.9631
83d6e40c869f,2,1866,1,False,25e2f2d9212aacf34ce72a541119235e,2e66466366c9fd037ed05c8b9f5da2a6,1844,1226,6987804eb464,0.9531
83d81ba5959c,0,1867,1,False,90bedc9fd49fb450c8a27a6d06ddcd90,6505cdba87df57bc2ef86991e3cfc16e,2048,1536,8dafa62f9322,0.9757
83df53d58f28,0,1868,1,False,902c73d72c0b437c577f75d3b7806e10,91ebcac7b2bbfaf395edbc33ef30a669,1050,1050,4cfd22ae43d4,0.9968
83e529e95b0e,1,1869,1,False,2f7970e9982036f5ea5e1a751838f079,4937769605094e41328c9a86651f7e15,2416,1736,6f923b60934b,0.967
83fda7c0500b,0,1870,1,False,e42aa6efe4eb8e3f2ae9a6465162653a,5417b178d37814345dceaddea96d957a,2588,1958,ac81fc200162,0.9239
840527bc6628,2,1871,2,False,3f22b0fbc171e5b46a06a54783e662cf,6007b3b486559c6c6630f3a979d5abc6,3216,2136,857002ed4e49,1.0
840a06a9c690,0,1872,1,False,0240cd8080117b6c067c637d35714f02,c52333d984b8083a2978a60d0971f9cd,1050,1050,3af9aaa880e9,0.9931
8421107255ae,2,1873,1,False,cee92f21d6ecfd994dad1df120461c92,cecfbcb2c7a9bffdb91a648c899e3fce,3216,2136,a0d04a19cf40,0.9896
842d697884f6,2,1874,1,False,ef3a9768072de49a6a23e0dad271eccd,147f7a0e5067fc34fc4b9c6fcf965af9,1050,1050,6b3860e8f64f,0.9919
8433a032b96c,0,1875,1,False,aafa07f365fc0eb8fec0ea6b157ad7e4,2c94b3d7c62a7f83af0ea5d53efd54b9,2048,1536,4ec7796df40e,0.9444
8446826853d0,2,1876,2,True,d5595a2c533362dcbadf66195c3bc3bb,bc42053df0be30482f8d213916ec0fe1,3216,2136,8ef2eb8c51c4,1.0
8448af27ba07,0,1877,1,False,9432874160c8c1352e20fc616183a118,25cf0f024477a0047265951aba86282f,1050,1050,da9fe02dead3,0.9884
847b04287c9c,0,1878,1,False,476e47750d85dec8c1f61dee946c9031,bb0d57098c69744208b1eec9a1230138,1050,1050,8ead8f37423c,0.9889
848e66b9e199,0,1879,1,False,66b3060874ab150154081df9f331a09c,4f6a10460c19143c35e6c5ba3f66207e,2588,1958,a11bf2edd470,0.9182
849a91e9ab28,1,1880,1,False,e2b7269f2c1b3af505b3fdb497ccea83,02d2c805a67da1d2ecd61e915f2aaad1,2416,1736,382752f6694a,0.9508
84a72e15b23c,1,1881,1,False,ea14c1f17deaa7077f8b1630be51fde3,75c9525e7846b4f8235a85de7f286291,2416,1736,87774aafe068,0.9708
84b472c49cfa,0,1882,1,False,927334aed390d3e21aef30ba06b18f31,934228a3f02734c9094805752f1a2a60,819,614,a9bc2f892cb3,0.8764
84b4da14bc23,0,1883,1,False,2d0f2cfeb1c3879d5ca22d36ab1cbf69,01751c2b96adfe7dba416734bdcab3c2,1050,1050,27933cdbe0cc,0.9943
84b79243e430,0,1884,1,False,2ed503de87e5feac0e0527fdc71a141d,95b4703a240c3f052162c400407435ef,1050,1050,73ba798fee25,0.9947
84b88e8d3bca,0,1885,1,False,7055a904a0bd8d0bb22c428aaab29442,937b192d4724f6159e85f43baba47ded,819,614,d6130f2ec903,0.9441
84c663f39632,4,1886,1,False,8772272d4661185cb6999d0df9decfb9,1d8102827c38b564f84b3fc7c5dd3fa1,3388,2588,38e111cac46f,0.9212
84e8c62165b5,2,1887,1,False,b1fa4fb83d9c105979098f1736e0cde7,31400e194f1e4f3ce58445c55a1294f1,3216,2136,b50b30aa6e6c,0.9771
851e40a21f81,0,1888,1,False,dadc1973979fcc2e29d7f392889209c7,c72f2baf1be8ea6edf88ac3c84d3920f,1050,1050,d1a60c3b9fe5,0.9943
8543a801dce0,2,1889,1,False,2c6c58a5dcc3061dab74052d4e948d11,e4f0928ef82fb2dd57ed84b6c2027dc3,3388,2588,94dcb491143f,0.9416
855f0a5442b6,2,1890,1,False,2786cbd1f21b799f4afe740e1845ad74,13949e21a77ff125b6252164d4f754f5,3388,2588,96c3e3db68bc,0.9746
8564b7aa3c1a,0,1891,1,False,11058963be83fb761d9caa8dbf6a6a7e,486516c88e842193a83aa45b003578ef,1050,1050,870fbe6eaa68,0.9945
857002ed4e49,2,1871,2,False,3f22b0fbc171e5b46a06a54783e662cf,6007b3b486559c6c6630f3a979d5abc6,3216,2136,840527bc6628,1.0
857230f64a2e,4,1893,1,False,8dfe30196af4aa1059c4a84e22aa05ca,c9484026b8187231fd8aff41a097f385,1844,1226,d1f1ea894da1,0.953
8596a24a14bd,4,1894,1,False,21df3f6681222a9170aba4eee2c90b23,af1548a88b3bb294f320fae329e5c058,2416,1736,58ccba7eec9c,0.9405
85cbb84ac8e0,4,1895,1,False,717259cc6a51660f3104c1d83300dd19,0638d9c857e1a90b8081fe25106388aa,2416,1736,ee1ec90b980f,0.9502
85cc6d636898,2,1896,1,False,fd286541126388ff33752385c4e65ef2,2a3f8cc57dab0f30a7b0164a856be272,2416,1736,23148a40ecb0,0.9772
85f99e7e4052,0,1897,1,False,f110f750542bbc3cacfe2110cbb904da,e5f269bdb9d2b36f07092c501f490df1,2588,1958,c5431b81cbc9,0.8807
85fce24084da,2,1898,1,False,4ebe5904e4adf6a8dd736aafac8397f7,99bc57f3b6448cf152477ad4690b920a,3216,2136,91e8af9ceee9,0.9856
86410aa13b3e,0,1899,1,False,c30430aadb1186b77d2bcd833ec1366f,c232364c9f1f6bee5a1c675ca10ac1bf,1050,1050,976082127e2a,0.9971
8650d32f4a9e,0,1900,1,False,1f9d7793594b8030549adfcfe71f7764,796f573a1384b2aaedba3d6eddb44a00,819,614,e7578d8dba72,0.9523
8660e1864665,0,1901,1,False,fd7e9feda04337c2615b9d729f77b720,d2353f4a263721d58e49ea19c392c067,1050,1050,668a319c2d23,0.9919
86722fcd802c,2,1902,1,False,67c1e3092f6b5f5489bcab763c7c8a23,76b832ad4d81a2493abc8989ba3235b6,2416,1736,a3ad6c2db6f1,0.9381
8676427e4625,1,1903,1,False,42e2712357b31c821138938aa220bcbf,e1ebe9716f8b38b6e703a53c2887b0c9,2588,1958,de57c9e9fa93,0.9083
8688f3d0fcaf,3,1904,3,True,49a6201602c5263c7f0191eaf8984d5e,c23e8c40014d5ebb87dcc7d7637ebddf,1050,1050,bfefa7344e7d,1.0
8693ab1fd2be,0,1905,1,False,e52f6d269f4deaaed731edc7f91bb6d2,0e8317b70ee2e8435c47a9c95962ba4c,819,614,5b804948e35f,0.9631
869bbd3170cc,2,1906,1,False,27273259f83a5edb92f4f4efcb570784,be5a90dc0561f2ebc5ebcb8da2366233,3216,2136,4294a14c656a,0.9635
86b3a7929bec,2,371,2,False,832da9ad4da3837e03629b8ab7ceffb7,a7eb57043ecfeb54cc4e0a6b88d51f05,1504,1000,1b4625877527,1.0
86baef833ae0,2,1726,2,False,8fcda303040d5beddf94056fb8c90fdb,8d8f35668945cd0f2f76dd2a378f79e7,3216,2136,7a0cff4c24b2,1.0
86d58f850a0c,0,1909,1,False,75d5bb9889f48421b5c42c6336835b22,5ccb8757e1e831c13dc153fe4f5b5987,819,614,5078caaf1f57,0.8805
86d6808f0609,3,1910,1,False,72a906aa40300b89fb15145619b0c384,5fc40f4afbdef266dff163e1eaef83d7,2416,1736,df841a0440d8,0.9089
86e7f98f73f1,2,1911,1,False,e0ee1b72ae0b532a120e5d782d360e1d,6487a655948e23c0d82c76f2afeb85f4,3216,2136,7d8f67cadc29,0.9441
86fbac86ed3e,2,1912,1,False,af8160c05e463b690480e87856d04f54,b1a587c043ff3a205fe35656998bca66,2416,1736,a386ec9aabde,0.9126
870f433e8f37,0,1913,1,False,3162ddd126718dfa0677dc1fdf9324fd,b914c9249c9c947619a979855068ccc5,1050,1050,4b237b958555,0.9924
870fbe6eaa68,0,1914,1,False,8fe51dddf4bc2a5fe68bb5b2da23a5b8,e7fa40ce3c099e94858a7032eae07a17,1050,1050,8564b7aa3c1a,0.9945
8714d17bb6da,1,1915,1,False,61cb745d0d0e94c72fc6ea8092d81467,42eb6acd88930c3e9e18b81af0a5e297,1844,1226,2131aa3a1e6f,0.9475
87295c5fa1cc,0,1916,1,False,3e64d3821a2d206afd069bdb5e701aff,aefdad6cafb96b50b1dd462675ad7e1c,1050,1050,7ccf9d25dc48,0.9833
873dcc0b468f,4,1917,1,False,2b3fc8d01784100f09cd9e905dfd4574,a5e2c800a29075c4a265c31234031596,2416,1736,64678182d8a8,0.9708
873fe0404d6e,2,1918,1,False,16d21f44a62353cb4d398d5f319368de,70d1d7537b5eda0448d8eda86097b5a5,4288,2848,c102db7634d8,0.9723
874f8c1929f6,0,1919,1,False,9ce8b6740d416f5e3e02122df3cbdb69,29f937ee2a9c50f8923ba7dfcdf64f42,1050,1050,80c67efc8101,0.9922
875a2fc5fe23,4,1920,1,False,5088e6085d96ec1b735fce0a5d5307c5,f287e11b0af6d5d110bc5298df10c66d,2896,1944,83d6e40c869f,0.9282
875d2ffcbf47,0,1921,1,False,ceb98d2dea79cbfd78b6b0f14fb345ad,52f684c826fa0c481120e93fabf0fa87,1050,1050,76516f828d88,0.9909
876deb29f000,0,1922,1,False,1c318b255de19bcb1fdd9d3830ec5436,03a101ab9bf51f60209921222e917f98,2048,1536,7d11dbc1e738,0.9582
876e1dd12d38,2,1923,1,False,9a98c9097be679e8af98f25014957cdb,c208c119e51f6578744d9af96bf54490,3216,2136,2b88cb6e31cd,0.9704
87774aafe068,4,1924,1,False,838d56e6f3568fb747e0639a513446d6,a68f6fd2d53a522767feb77e56e4f3e7,2416,1736,84a72e15b23c,0.9708
8785b71238d8,4,1925,1,False,ed98948730b7192a1a029951db7b9d97,76e517c1639f8ddc166364ad44c3f875,2588,1958,5445255635f0,0.8871
878a3a097436,2,1830,2,False,6bce9101e760604a547a99d783f05209,5682ec281f43a8bd6c427f1bb9065043,3216,2136,80feb1f7ca5e,1.0
878e356c8fc9,0,1927,1,False,57dd0f4873ab8fbd20d7f0c4df4e2a23,40b4ec4f483c7d26f49b65a02b7b8776,1050,1050,2a4520f1f9a3,0.9906
879744b9dc65,2,1928,1,False,f38bd714ec4b2a4814ca1a0245e70a80,33c4aa77404e3cd2650434a32437f3d1,3216,2136,1943983492e5,0.9786
87a9f4d20f07,0,1929,1,False,6950e4dee8335af8d2b3c251ed1bb48e,433be5d54a9309fba246eb5b64a114b0,1050,1050,ad20080452de,0.9943
87b1938994b5,2,1930,1,False,3045d2c3ae286fc6629a36ae51eca943,598d6b5df10c3c3f19e3567029bf5b2d,3216,2136,fc603cbedb41,0.9811
87b671c6d4c5,0,1931,1,False,4d97b4fa1fca8f4c80072e53dcf650d3,fdb32fc5b5e1eef542c16be197621747,1050,1050,958c1fa044ba,0.9924
87d46b1cc4e9,0,1932,1,False,35f3e5b12fd0e930909e517af90a9e05,28bd271d2554f1c845f45ca09e8bee83,2048,1536,260a455692b5,0.9638
880edb2cdb69,0,1933,1,False,ac16bf3023ff21aae72db078134762ac,689755620c9ac3c920e3076249bff6fa,1050,1050,08f8838d69bb,0.9881
881ec6186e68,0,1934,1,False,a8b8f0b13c69d8b8b287eda64663b84b,7eaa13c7eebcec043d9be7f133d63600,1050,1050,5b3d41626ec5,0.9874
882a71de424e,2,1935,1,False,5105479b25c805117348b2b4df45a714,d6f09cd9f95dba00271b371458a68b81,2416,1736,4246ed634f25,0.9664
883c6a184f16,0,1936,1,False,eb8c294af5b36ffca2c5927c4540287b,3b565e6b930c3d738180454139cca7a2,1050,1050,266fbefa58fb,0.9921
883ddb650967,0,1937,1,False,615ffc898c5ff2636d25bc57e9b3d684,2b4a305a45e3c728564a4a4e56fa8cd6,1050,1050,75369248dba0,0.9947
8846b09384a4,0,1938,1,False,31d651c3786246fec6c35a1f25d242c4,9885b0a039f722ef5116a575e6d8af78,2588,1958,3732de8b416f,0.8378
885fa5fc5da8,0,1939,1,False,3b01c8e1ce71da456079aad93e9ab13d,260c907296b79b36f22a71ccdd18180e,1050,1050,9232dc06cfdc,0.9868
8860c7b11530,2,1940,1,False,4827b1112cd6a35c00c8e2b45898ba26,0c1aae95e5b812c156821b7e25692dcd,3216,2136,bda8c973b09d,0.9831
8871e6a26596,2,1941,1,False,4989f8e7d072cae96f1bd916792a9713,2de3f721dd1cf295a574f17750406af2,3216,2136,27fca9f12b3c,0.9576
887c26fc0e1f,4,1942,1,False,e05a022f6954d50d28f915efe802caae,1e36dcb9ca03574bf13529b1cfc83e5c,3216,2136,4fef9ed8a4c5,0.9631
88e4399d207c,0,1943,1,False,2336d22b9aec45e30318e97cb1eb42b9,5b78ae7ff6ef88693b806597718e1e6b,1050,1050,15f8d769935c,0.993
88e5051f65bd,0,1944,1,False,07abde761d2229c03bf28d2482ea785a,74837c6ee5095ae7fa23142c4cda4106,2048,1536,6b664ed2a938,0.9617
8906c9ed54a2,0,1945,1,False,3233bb41a8a8f876cfbb566f3a777077,3d10444e420d12716b2b2eb204807035,2048,1536,da949aa67a4f,0.9829
891329021e12,0,1946,1,False,8b32199f45f38f49f64cbc8ecf511ef7,345ed73f0264a7aa4d1f3168a324b531,1050,1050,c1819db0aece,0.9925
891392c9683c,2,1947,1,False,61c233362022fd5ed45e8119efdf262b,fe08f749f1445c80ef3c54a5b552abbe,2588,1958,7a12f49e29df,0.9152
894a37fc3738,0,1948,1,False,fc1240c1929cb9bc8c9db319e8ed2b5a,c975989d6ca0a2747251ac8559220899,2048,1536,2b5bb6d33959,0.938
8958a4d17b7e,3,1949,1,False,44663c4f5b883474a43b0f7cbb6135e1,8b8dcb4dd13bb607fb6f8e8daf34a93d,2416,1736,85cc6d636898,0.9622
895fe2bfc5b6,0,1950,1,False,301b87acf2c4c6d6dae7fb96681a9c44,0759ee9cd1597638d936aab4aba59eda,2048,1536,c013e869acce,0.9708
896ad584a841,0,1951,1,False,8b75d87d6562a6d7649ded21fab4bbd1,792c2c16e20645bd76451da41d676644,1050,1050,186c1835eec5,0.9826
898f0bc8acfa,0,1952,1,False,2863ac1d0dbd27525c93475ad3e8686a,72a71ffbc1b133220cd786fa7f50ebcb,2048,1536,263d8851e33b,0.9771
89b044cbaf85,2,1953,1,False,5583cc1bb918aea89a5278913d87c82e,2d305f090ee2db74b7ee45184df253c8,2416,1736,17eff993386f,0.9585
89b725411cee,2,1954,1,False,afc777260c77a4e315d9e67d6d7bd4d3,3244b36b60f9f407cd0044dacba680a2,2416,1736,c40976189f22,0.9537
89d2a7403a06,2,1955,1,False,9e175f7ae5079eb748fa1d9ac60f4497,c2db82109f3cbafc4566726f68646fbe,2588,1958,dc6fa1b38b83,0.8776
89d9c071a56f,1,1956,1,False,f3a1cde062c927a0e121ce1ed77e6f1f,7b076e75d3043b0dab2a9fb8a54601ea,2416,1736,59e5212f7139,0.9489
89ed6a0dd53f,1,1957,1,False,26266bd47876fdb7ecd8a1b806b34eca,7cd97adb726af7d85fd1edfc9d988517,2416,1736,0babc12807b2,0.9812
89ee1fa16f90,2,1958,1,False,3f1812d1140beda28b4e5918c897722f,3c82d7f7219b510b33ec88414dde0163,2416,1736,4478b870e549,0.9834
89fc080f7e83,2,1959,1,False,8bd50da12df98ce164986ca95175afc8,834caf66cc765268ac2ea6b14d33010a,3216,2136,4a3da369b227,0.9621
8a01daa423f7,1,1960,1,False,d3371106dfcf1049f212f871a22a7847,6f07d0a9ea763fdfd58d02b593eb2531,2416,1736,2b074afdf626,0.9394
8a234d68b27e,3,1961,1,False,8307142ea13e9a2940531fd2557bc4d8,e4b93dde27e6562c46d762e118725956,2588,1958,46c1548d730e,0.8879
8a25a080f28f,1,1962,1,False,f52cdc9fdde9571b31b49d62e6f37bea,72850e4677921c0f5656f8c2c4b937c5,1844,1226,1efa5d443707,0.9676
8a3eb86ae4bd,0,1963,1,False,ea3f37b7d6e3de2663e7930a301920aa,49d30a667a1676c88f06624b7bb706c4,2048,1536,be6cbf6e5b10,0.978
8a482c024fc2,0,1964,1,False,6a6348a818b02edaeba1e7786fcd8641,08a1f3c1d3dffdedac241d7f6965840c,1050,1050,0ae2dd2e09ea,0.992
8a67f1efa315,2,1965,1,False,e1dfe8ddf7c3b276bda340327a826f99,f4d059b275b6e1aec0d690828da8475c,2416,1736,ae8472f8d310,0.9217
8a759f94613a,2,634,2,False,9de693d1d4aa57e91748bc3aaf0a77d6,cc089333049ea3356dff9645bfc3ee9f,1504,1000,2cceb07ff706,1.0
8a7765e785fb,0,1967,1,False,96b0e3d515bee416561e42cbb50c2e6a,98f4200dac5c28f4470b5d852fb30e27,2048,1536,4c389d033cb0,0.9787
8a81f62320d6,0,1968,1,False,c26b5fdd4f61e81a91e377bfd948be30,bc2ebc8cac873d99afe59f8cff1b8146,1050,1050,8aa3c4681542,0.992
8a87dd2a784e,0,1969,1,False,b567bf9fb95c2fb6d3702e5b1309dd55,b4e80b4fe082d71a42f82b74ba4ace38,819,614,e1c02f6c3362,0.9563
8a8a251770cd,0,1970,1,False,6651894dd3a5f19fe2bfde8161532202,57b15a92dd08c9f6cbe711396afeea05,1050,1050,e246cd89e1cc,0.9925
8a9bef2fbd4e,3,1971,1,False,3001277e3fbc0eb5671f40b4631f4252,934e6d56a0950a0e5c440ea63337953f,2416,1736,44ecf3f4efa5,0.9352
8aa3c4681542,0,1972,1,False,d4e1dc4834ced3019ce6bcf7f99a5f7e,850bcfdb41488b8646a8d191688829f6,1050,1050,b460ca9fa26f,0.9934
8aab201c0691,2,1973,1,False,ebe0fb0cda26c829816443f7087a55c9,326a749cb396cf6dacbf699c1314a63b,1844,1226,8a25a080f28f,0.967
8ab3faa3701f,0,1974,1,False,efc2d14fa34934dc1548fd670e9ed175,a5e832db3d0a0ea4e400e647c872fc23,2048,1536,c9c563864ab1,0.9535
8ab8d9b3ce3f,2,1975,1,False,5f913539ce053fa2fa0cdfc946167763,1fa9d369e3aec5abf66d387386626d90,3216,2136,e6a58edc5b42,0.9701
8ac0c44bbf24,4,1976,1,False,598bbd1f97e471820b8fd49cc57b6b5f,afe6c9eed2df06a441bab6370b3ee939,2416,1736,75a4343b12f9,0.9526
8acdf12f412a,0,1977,1,False,4d6164376359b03f46a5f8204d942937,9ff3707d4967db2646fb178076bf855f,1050,1050,999ad827ed35,0.9907
8acffaf1f4b9,2,264,2,False,70137cf193f130d2cae49768c75fc565,63671451c3c62286c057fedfbd888f79,1504,1000,1411c8ab7161,1.0
8ae049175db6,4,1979,1,False,21d8f02f54aceff663bdc512acd81faf,ed8040b91008d068a8f805a98620b305,2588,1958,3c1efa38d0da,0.9321
8af50c9d0a86,0,1980,1,False,da6f0ce388bdc11fbce307d846d6d90b,4cf7e65a0077dc71611b24c3865f8583,1476,1117,cec299c2a2d5,0.8521
8af6a4e5396f,4,1981,1,False,20c2984cdf8dc8776a186177481e5395,2820ea628916638e50c36ea42842c694,2416,1736,932181b93b2f,0.9346
8b079e79035f,0,1982,1,False,42a97b476b570b82bb731be832229e2a,69d2dd5cde3c6da575e6217885eddb6a,1050,1050,5f51192841f7,0.995
8b26d3cd61e8,2,1983,1,False,1cfbf8b5587db193f79a92ef0b3d0d59,ed7fa1883e4fb8651f137ed26cf751b9,2144,1424,c8a3eb9a5b52,0.9209
8b568d47a1fd,0,1984,1,False,ce7dca812d1037317f598e4bc4d5bcba,183c4fb1d7564d40e404610a2701e9ec,1050,1050,98441214557f,0.9948
8b58f9a338e8,0,1985,1,False,2155f8ce93d0dac6adeec735a239909c,7351e1f291404216e92a27355713e12f,819,614,28f73575e1f2,0.931
8b76c3c5cb3e,3,1986,1,False,aae0ea1502bcb70f774507f19382a9dc,3f5c99e72ad0bae221f16f814ee8e1fa,2588,1958,b11dcdcbc8c8,0.8597
8b8fe3fc8950,0,1987,1,False,94a31da419bfe284946802449911a16a,e8b3a9f4a8d38a215a2b07ac1f6afab1,819,614,97fdee242fea,0.9128
8bad12d70368,4,1988,1,False,f7a7aae4ca087a4dbe6c572257f0f6f7,d2f7657a8bf6d22a938d969792a60fa4,2588,1958,f72adcac5638,0.8964
8bbd7835e9aa,1,1989,1,False,c029606e5689caea904dea31db9aaf39,2d57cada75c7acb71db4997b52c1606c,2416,1736,75a4343b12f9,0.9493
8bc6716c2238,1,1990,1,False,5c0826721fffb80abe92f6cd1117d123,39886642afb76624d04c46cc2d55fceb,2588,1958,10a5026eb8e6,0.8584
8bdb891661a8,2,1991,1,False,c2d69ae5a1954fdf4acff9192d7625cb,c9942a525ea6c4b0cd0c756a39c1aa9d,2588,1958,1608c82a263f,0.943
8be6629a6039,0,1992,1,False,e6cb409642516ef378e087b97a34a6e5,15a529eed283f26778d81a55d9b34df3,2588,1958,18ce0cdc473d,0.9184
8bed09514c3b,4,1993,1,False,c33804fc444c08672093e58f1f9d61c2,1deb284c07f3cc992cfe32d152c2ea5c,2416,1736,fecf4c5ae84b,0.9713
8bf05909e1e1,0,1994,1,False,6668fc375f552bb1906e168286f7756d,06886ed533d6a9cf6cff5309eef88c84,1050,1050,870f433e8f37,0.9856
8bf2d925dc0c,0,1995,1,False,9fe7afa9859f7fdcc024c3731b702ea3,1c05b4cae355bd68737b8555ae9b0f8c,1050,1050,a1822dd8d05d,0.9958
8c0d05233238,3,1996,1,False,94daab06bb6ae628db05a50461e85389,92e8ec972c80402bee0a1a60cd6306ea,2588,1958,e81f4a2fbbdc,0.9099
8c29a76fa08c,0,1997,1,False,bea6244c2b4bdc19115af179a1714957,ab0bb6758eaea5fac870ad9360cb4696,1050,1050,d838d5b9f571,0.9894
8c2f0f04e1ed,1,1998,1,False,6a9b0ea4929ea13780a6c82bebb815b4,5814a51056ab3ac99b7d17aae46416bf,2416,1736,c1799a6f5c65,0.9589
8c4ceddeb1c6,0,1999,1,False,3c8b1e7328bc2971d7b828d3dfc0424d,161b9a0f524883d398df7043814c2852,2048,1536,0924cec998fa,0.9452
8c7c26c52a6c,4,2000,1,False,bd2636023e6ab247c48ec1c9fee7e452,8dc39ec64e6d7dcc0d9ebe86473fbff7,2416,1736,60e269e3e188,0.9363
8c84e96d9b01,0,2001,1,False,a20b036a825f24e666982369d64e6a2b,4ea7cbe0195ef394e36d1a19a1c85393,819,614,4dd7b322f342,0.8742
8c87bd748996,2,2002,1,False,287aedd0a6a1252f7c51b4c81649dc06,f88f3215b48cd78971d4746f0d1f6b04,3216,2136,f2094a20b275,0.9597
8cb6b0efaaac,2,920,3,True,ece61abc754cc776d087ab5ba13e3837,a8e916ff720eff3e11ac1bc327d35b05,2416,1736,42a850acd2ac,1.0
8cb6b5b2f19c,2,2004,1,False,2694319c811276b8bfe76ca9bb0d19c1,be2e67998e513e0084aa48a1c5fd1965,3216,2136,49419f8d5cb4,0.9735
8ceff4c4c860,0,2005,1,False,526550338ffec09e9a302cd88f7338b1,ea719a1f11562c7c59f5132d5051b256,1050,1050,2fdfb80ea53c,0.9922
8d13c46e7d75,0,2006,1,False,7f4408707e0e8baa7fd0e78324d5ceb4,d47daf8efe5616d7c648888fba76200a,1050,1050,6bb30ec3231a,0.9929
8d3d67661620,2,2007,1,False,28acc171dd4e590fbcb2454a6c1caf8e,1d17a46f71f12b62959b4eed18b73048,2416,1736,760b6f4c6d82,0.9653
8d4d14a4ab07,0,2008,1,False,ca4de6277bf12fe6754490fbe86e87bd,5f358c1652f7c871613f47713954ce72,1050,1050,ce8d2efd9d4f,0.9932
8d4ff745a409,0,2009,1,False,9021a668283cbabdf9dda5dd4467507e,00908bfbc3a09baa756cefccbdb81dd7,1050,1050,529906ff9dfa,0.9907
8d62ba9cb22a,2,2010,1,False,4ae257b08736e22ff7dfaf3a47a7bc9a,6199a47b734d77aad390ffaa652a2174,2588,1958,08c17a2d95b7,0.9381
8d7bb0649a02,2,1656,2,False,73341fb3fe7160f070afff19b20332ed,40ff4339654cdef396a70cfab767de2c,2144,1424,7550966ef777,1.0
8d8aca52c07b,4,2012,1,False,dff111ecf1d7d99e310ac4b831bea15e,e8875be9460a88a13329c48ffc438764,2588,1958,c31651ea04c6,0.9095
8d9516ea3587,0,2013,1,False,10a025e8f10fce9cd01e024770d7871d,c9a46f301c7c6e220cb586dfe30af0c5,1050,1050,98e44127872f,0.9916
8dafa62f9322,0,2014,1,False,c3e513d0497536fd069ddfa92187353b,1c8323ece20a0f0f35cb93b6611487f6,1050,1050,d0b132d2c7ec,0.989
8db2ce991101,4,2015,1,False,8c6746d28d28d494aaf92ba5f57d6fb1,f02071e09db22646bf4dad88daaca0d1,2588,1958,6e092b306fe1,0.9261
8dba09a4e5ed,2,2016,1,False,53a714f6458b21e6e365e1066a1cdb0b,b48bef8643a99e304f1975ee99311ed0,3388,2588,96c3e3db68bc,0.9759
8dc22e65c06f,1,2017,1,False,52ce79ea21506b54110112ec2fc95c2f,6f1c95dce4208ae2b033e197d925bd54,2588,1958,e65f94ad9be3,0.9108
8dfa629ca74e,2,2018,1,False,01e9c0f8833e086198824046d86f92a2,e524c8de2579e8e2e5c9078bae635506,1050,1050,1f31701dd61b,0.9815
8dfff47b06b7,2,2019,1,False,8bba0cfafd99ad2f653f62f0aa760a91,86e0880f1ffabb1b75ba7318f10122a4,3216,2136,eba3acc42197,0.9795
8e20b8fac7c3,2,2020,1,False,a39173688427ef8ffee206c61d2694f8,494fbdac703070da0fdd13d8b7974be9,3216,2136,441117562359,0.9769
8e2a3978c244,0,2021,1,False,75d5ab99fe06d913c8bcdbea3f92aa52,95e288df5463aabd38677c9871f611a6,1050,1050,a654b25124c3,0.9884
8e3b79e1f1f7,2,2022,1,False,4ef3d0b6142e4343a20dc64f82075db9,8639b026de54e45c3ff9c6f5f02463e3,2588,1958,239f2c348ea4,0.8904
8e4a354e3da2,0,2023,1,False,36633163bef0dca42d72292dfaebc54d,5e04854338d4dfc3736963f6e17adb31,2048,1536,0b8bdec9d869,0.9747
8e63fc4ab532,2,2024,1,False,31092184aceefebe3a4c38b5c4ed9c99,eb1f1e08076ea6129451a0a7b61e337b,3216,2136,6810410187a0,0.9826
8e67f2d7e0ee,0,2025,1,False,c1d4213a8afaf284597862c529eb5c49,1c4dd7a4b393048f0940795e3be2aa8d,1050,1050,ec6f1797a25a,0.9876
8e6df9eedcd8,0,2026,1,False,3e32a81b3f4558085a773269011be7f5,13a264a1752447591db05720d45c3b76,2588,1958,c597ef460944,0.9343
8e76054f0831,0,2027,1,False,0d2501e8774021cb724e128ced3abd4b,0d649f5ed29a12ddc82e9ab9ad678b06,1050,1050,b8dab47a260e,0.9917
8e7981855125,0,2028,1,False,8b715e0045e013a0c3e39a2ce37221c6,77f99c98e3e759848b891ae133f6734a,2588,1958,d3e884109b45,0.9195
8ead17dfb6a6,0,2029,1,False,96418e90df21653d6190dc84527fa58d,2bb469cb12d600ba83c6d0de2f4bb654,2048,1536,64ac539f58cb,0.929
8ead8f37423c,0,2030,1,False,4c6fd9f0713ecfb97d6e27f6af923aa8,af86679b92480d5cf079ae0c267983ba,1050,1050,12058bbb8299,0.9947
8eb3337a54e9,2,2031,1,False,45415fa572fc6a153eb83a96cc2889e7,d4df49edd1e5f072b46ad70512eaccaa,3216,2136,6a244e855d0e,0.978
8ed586c43023,0,2032,1,False,66325e1cb0ff68d3afa1eea0569cf315,8bdc742d3b07b7ff86069043f6199117,1050,1050,6a905a7202d2,0.9871
8ee50c26fc13,0,2033,1,False,171b63cd5bd30431bc18fb5f1528c2f3,1aae3f10d6775768bd924c264dfaa2c6,819,614,c26f98f58350,0.9743
8eeac97f02f0,4,2034,1,False,c812a3e7cf1be8e13e37858a3b5a6a7a,f1e748148b895aab38be518abea5b58e,4288,2848,8114d6a160df,0.961
8ef2eb8c51c4,1,1876,2,True,d5595a2c533362dcbadf66195c3bc3bb,bc42053df0be30482f8d213916ec0fe1,3216,2136,8446826853d0,1.0
8f06ca4642bd,0,2036,1,False,0bde166b5d8c7431e0f3524869011e35,5371108e599c00f6a0a1531eb2acd029,819,614,1cb6961d141c,0.9819
8f10e41a2f02,0,2037,1,False,27711e353abeb7bf7f20b00408e549a3,5c128dd1afc6ec0c93bcc362f38b5be8,1050,1050,baaca2f7e1f0,0.9936
8f14bca04b47,0,2038,1,False,bf08c64554b98a4baeafc3c29ed42b70,f18d8fef57217f408bab5b39104ef9c1,2048,1536,c013e869acce,0.951
8f1e7433a95d,2,2039,1,False,bc331b082f3d242e12d1886f866c4004,c2b12dfa0da526ec4886c6368df9ae79,3388,2588,1a90fad9ffa2,0.9737
8f2996b8d855,1,2040,1,False,2b76c4907253149e13df26cf6d182cc1,70f15ae4b211d78339cbdbe8c762a976,2416,1736,ed2c06fcc573,0.9735
8f318a978844,4,2041,1,False,1dcf97ac261f8659e36e90d4d363d848,fedd6ed1e40d03f35583252704cf1869,1844,1226,d1f1ea894da1,0.9173
8f9819752ca0,0,2042,1,False,53213d7b147cec80824e226fccbd96ae,5b8fb417b5ef9cd82d3de4d0360a7f83,1050,1050,ae49cc60f251,0.9904
8fbb2ca39911,0,2043,1,False,7b79fb06fb0b423c9537a7590dfc624d,a879c940c34033fc13224719b47bff5f,1050,1050,7526c59c36d3,0.9734
8fc09fecd22f,1,2044,2,False,9a0aac8db3b1c536864cc6bafd8905a6,7ada8feb3c9fbbf28ddc7da11131abfb,2416,1736,d1cad012a254,1.0
8fd7ad26e691,4,2045,1,False,f8ff5469a7d1eaab9b965fc2564eca5f,a853afdbee872a356295861bbd7ff503,3216,2136,a8c54e2a4b79,0.9674
8ff2733f6aef,2,2046,1,False,06ebf493de8827ac7b79665723c6a263,435d1e1a36a96714dc8b1efd0d952ad7,3388,2588,8f1e7433a95d,0.9732
8ff863f8874f,1,2047,1,False,910d75a782e6e50c446db7d28d8cdb4a,4bc5e097accc5017f0a939edb704c716,2588,1958,b07bc463b718,0.9346
8ffa608170d3,0,2048,1,False,2784559b83a0f6e5309079cf35a15854,8e776713800c243743e28e4b4960e74e,819,614,5e97cb2b0888,0.9166
901a3552fe26,0,2049,1,False,bcb1c23b1b0adc6affc7eb1671808b51,b2cfe52527deee6ef9445731e95f9ead,1050,1050,42b9c1977681,0.992
902dc5a91a3f,0,2050,1,False,7a0967286247763e50f013dd663bccd3,b2306065052b389e107816b353c8a1c3,1050,1050,0423237770a7,0.9924
9033f1493da1,2,2051,1,False,e65442581155a0e669b1805135bbf734,fb92008fcca263f5d1aec41787713050,3216,2136,5188a8afa879,0.9838
9039cbfcbb2f,0,2052,1,False,bc4b21e0615aae57f6d7f18781024ac7,79974d065e8d854e0fc669ef211a663b,819,614,5b804948e35f,0.8974
9041eb43456e,2,2053,1,False,989da820a250b2ce669d12fec7d2845f,856a971580e09f3bfb2bdde61760dba4,3216,2136,9033f1493da1,0.9788
904b03ad5594,0,2054,1,False,cff0ec635e3b45af01c007e59821bec7,384220181613e9426c6a4f186ab8191d,2588,1958,08b6e3240858,0.9082
905cc86bf100,4,2055,1,False,ee66220f17f4ca6f8ade1466b8b85618,d48fe601c7e1124c5e57de89c6f39972,3216,2136,df84e7113003,0.982
906d02fb822d,0,2056,2,False,46c634487f3586097900e0fbb564a63c,1392a379b75098476b36581d72c7f6e5,2416,1736,a4012932e18d,1.0
907aaff827e5,2,2057,1,False,bfc4842422cf04c8f9513a3176b29047,7e45d026b7ea8e71c1e3343027f40893,3216,2136,82deb07a6618,0.9434
9095d43fb132,0,2058,1,False,73f21c49d2521f07ca28e65bcad82204,8886e06efda76ed5d615eaf611e6d95c,2588,1958,0d310aba6373,0.8849
90960ddf4d14,0,2059,1,False,8b160d62bcb3e140d56bed02b761be40,3f4485243475140ba68ed2ad8944d058,2048,1536,be6cbf6e5b10,0.9694
90a786abe58e,0,2060,1,False,9c01e1212014dff229069baba3b9b553,550fcc543567020a590141f4f4f7185b,1050,1050,b8297a2291f5,0.991
90a9a41eec6d,0,2061,1,False,5468968f2855d1c2025c1ae537b4b9cb,24d05f2b2d598d474b78e37b9e2f8b89,819,614,dea7538bb91a,0.9577
90b8bf342032,3,2062,1,False,b56818b19a9842e14cbe94f2a0acb644,38c8f12f484206c330d1801f82c2ea91,2416,1736,89ee1fa16f90,0.9225
90bde2ff8953,0,2063,1,False,0768a7890bc6e73caffb37ac926782a2,9459a6f12b8071db2f2b539c3636e4a6,1050,1050,a34fc5376669,0.9915
90c982cc2d96,1,2064,1,False,32fc65076a8479eab3893c5eaaa9db5e,417c842901f89e14640553bbca5a9399,2416,1736,530d78467615,0.9444
910bfd38e2f5,3,2065,1,False,0444d6020c5d2be6d615b5624eafe207,f011f4db1e1e89a846bb9eecd17b8909,3216,2136,3ffa14d60b24,0.9607
9122b31414d3,0,2066,1,False,90de6a7c9764ae14bec45383c8f06caa,551880d0506347aad808919faf29ac55,1050,1050,f00ce9b9d6f4,0.9949
912fbe06407e,0,2067,1,False,55241e6bec00abdea0a9912e0613dc05,a1f38165e39e5af35c3a9837f3d7e3bc,1050,1050,0d744aed4d64,0.9938
913490237ad4,3,2068,1,False,1fa2aca6b9eaf8292862b6bf8c419932,d6e7ef3afa13447a9ac8cd64dce33b87,2588,1958,bc23f74e14dd,0.8951
913b1890ed1e,2,2069,1,False,15f1f69deca4a11ca1c070d2a107160a,15a70d026386b667d9b927f3e8087ff1,3216,2136,d9ba044671e1,0.9588
916915f01e17,0,2070,1,False,83824865db8dede333450ca1a0484684,090d88942a79403fd2073f1235e5ca13,1050,1050,77acc2cafee1,0.9923
916ec976ff30,3,2071,1,False,1c4365a126dfb58e408aa2ddb3263f73,f2df979ec50161ffae493219b13344e5,2416,1736,65e120143825,0.9504
917f76f360b6,2,2072,1,False,089eea854155d3e8bd26fd58372b1e73,f5a7b7a2dfbb219d885416502e64e51b,2588,1958,511fd66b2df8,0.9394
91a88d3b0358,2,2073,1,False,064ad7cdc1fff681d163edcdcbecce89,9efc9f526036520c68da3bc5a299a773,2416,1736,a664d2055886,0.9568
91b6ebaa3678,3,1783,2,False,165540476389b5d13f68c4468bcb4ed4,84077b6b01f01f6fc6470e343678fb7a,3216,2136,7e160c8b611e,1.0
91b7a4179ecf,0,2075,1,False,12a3e67f6881d467ff09a32cd9df978a,4e8ff24093274dfb7b942ab2784d5b5e,819,614,2a7373eeb352,0.9349
91cbe1c775ef,2,1772,2,False,3dff539fe2c5e2dfcb8dac73b0424f16,5cb966a36e36aaf2de71285d6ed9dfc2,2144,1424,7d261f986bef,1.0
91cf56d3d1af,3,2077,1,False,52bdeb7adcd72842bb6e96021a8190ae,162b885bc6c120b997112cc1da7b472c,2416,1736,a21b37719f9b,0.9661
91e2c2890c9f,2,2078,1,False,bad6eb4c141a441b30f1b55dce9f43e9,f69bb91d78b91f10f975c85692ec69be,2588,1958,c1437a7a52c9,0.9237
91e82fe4e434,0,2079,1,False,8dad29a39c1ca3ccf2d3443bf6f2bb62,16da4a654789dd0a1d7c9032b55bd95b,1050,1050,da9262d9f5d9,0.9832
91e8af9ceee9,2,2080,1,False,8906489f715593c43c14d944264f6f31,936c0d212cb94197efea3d2fe5981dba,3216,2136,85fce24084da,0.9856
91f3c4c1e72b,0,2081,1,False,917626d09da717d37c44a9ef462e696f,7cf0b934720a5dc35522efd381dfaee4,2588,1958,a47878630dc2,0.923
921433215353,2,2082,1,False,a6930e49754b6c089a1bf27749448d46,bf531d3d66dfddbde2ae19c323c5ae25,3216,2136,cd29c88c9e36,0.9881
922586d86cd8,0,2083,1,False,12abbc3b9440206fa743b914950608aa,1205b2a7c514252e4631751c51f91234,1050,1050,5eb8fb1aad41,0.9905
9232dc06cfdc,0,2084,1,False,9be9ba2ce042c350c513193137b4865e,09449a91b654e15775c1bf61b829b2eb,1050,1050,885fa5fc5da8,0.9868
92587e494d51,0,2085,1,False,dce18b78726d50269ed7acb879289f6d,b57c4c42d9449681413f6fcf3923dbd9,2048,1536,bab776139279,0.9599
9274e75dc4d5,0,2086,1,False,e74320a7f710a8c42255ea75aa8c3aa9,8e4631fd3e8f94a75e3d7bd6ef456a46,1050,1050,6b3860e8f64f,0.9928
9287e57326d0,0,2087,1,False,6ed7ee210905a65daa6d257e04b5fefe,9ffafef82a12ec20553cc3cdb3388f3f,2048,1536,30db694bee42,0.9839
92889b863ae6,0,2088,1,False,e3dbb47588750f1a2a027ca99122bcc4,c45f36a5e724fb698276e01d363db1c6,2588,1958,0d0a21fd354f,0.9144
929cd3867815,2,2089,1,False,a9a87f597eb98229e90c123c4ae2f1ee,60f0eb599081b4cacbea09b6dbdb66f6,2588,1958,2e79041ef722,0.9045
92b0d27fc0ec,2,357,2,False,b0096445fdcb0bfe78b842bd1b013c1d,6869ea03c45ff8a32193bd4b66b88d4b,3216,2136,1a1b4b2450ca,1.0
92d8a7c8e718,2,2091,1,False,ac843e48e8d510314284e3ee610592e0,bcd15c5913c3db78f1a6f246022bb331,2588,1958,4da2961e62fe,0.9367
92d9e9f08709,1,2092,1,False,102892594c7b73a41b39222f813a9fee,2c8de86badc74d8ac4b57d54213f2aba,2896,1944,5efa24b03d5e,0.9631
92e3d608fd3c,0,2093,1,False,4c512b4122a31b694c80d2e7380c9ab9,6426a3e498cbb7a850ab5ffce42a8207,1050,1050,39fd8ef3a45c,0.9905
92f313287a29,2,2094,1,False,97defab956e3d71543498fac55ff449f,5b4d3c0c4330507bcf2f4ca856d05981,2416,1736,4c3c1ed09771,0.9542
92fcf50b3562,0,2095,1,False,941edc23f2cd168a7ea4003315783203,d423e5fa7e33d49c9761c15035dbdd5d,2048,1536,94145d1f42cf,0.9744
930fee99213a,0,2096,1,False,735d6cead8b7449899f91123b16b8e06,1450af9785879faa6782ae47b9ad5ef7,1050,1050,691eeb59b4cb,0.9917
932181b93b2f,2,2097,1,False,250eb1aceb5e99c92294cf14d1d282ef,bccc2a9b00e805244392cc0f1696787c,2416,1736,bba38f2294a3,0.9397
934104859e68,0,2098,1,False,d54625f8d093b5a6320f1ab5fd9cb112,d517374c530a9d95968339e24151aa94,1050,1050,93802d1e3c41,0.986
93421787f520,0,2099,1,False,96e0bb6973f71aaa5bd6d7e21700182a,8627b50e02e2141d7f936de97b942f68,1050,1050,cae33655ca00,0.9903
936299166bea,0,2100,1,False,3b10a0dbd58d746ca6a12d0e4b5aff61,21566ab223ffa55ce575fe45d09fe7a5,819,614,b553e7909535,0.9758
937bc1b924b1,0,2101,1,False,6ba68f012d94d2aa0effc327252cc7ad,cb99f424f25f4b08f9b630bb8867bdf9,1050,1050,83df53d58f28,0.9939
93802d1e3c41,0,2102,1,False,eeec5f5d3d8d34ffba4c33bda32ea043,53735481c18e42102bb26abf4d9bfe65,1050,1050,e50b0174690d,0.9921
93a1b984de84,0,2103,1,False,5154752b637bb63d244a4b40874e1a0f,52ce126f28416f9c2223384b63baae25,1050,1050,f5c953bee7cd,0.993
93be637084a2,1,2104,1,False,b54618ebe582e8fc2942ac3c253de1f8,391453d6ec21773d1f2b4d4623e0ba32,2416,1736,33e8e26a75d4,0.9614
93d6d20a5ee3,0,2105,1,False,958b83b1efa72051a4c0b667881525ca,d65842ea3e9276c1840db7316a701f5f,1050,1050,15e24b73d4a7,0.9895
94076a9fb9b5,0,2106,1,False,eb973aeeca094d640a5a592887253330,32b96be60584c18a0eaf1fce2d9bc35b,1050,1050,0423237770a7,0.9923
94111ed3d276,1,2107,1,False,4d1f8c5b0ff8054a82e82066cc347b20,e0543ebf027c226b8efab01a22d131b7,1844,1226,8a25a080f28f,0.9673
94145d1f42cf,0,2108,1,False,f24cd7ba02d21587cda932d0ca58e0b3,9d55f2bdcd952666d63a678ea46242de,2048,1536,1ee355480567,0.9746
941d874c8afb,0,2109,1,False,265480ea0db150eb26491341e150b2dd,ac9a878e74b842c3335ef87325431339,1050,1050,2a4520f1f9a3,0.9914
942f544c4e15,0,2110,1,False,88806958bd3eb9a6d87ba0ed2612f8be,d9a694bc5a538eae3d37fe93a03144ef,1050,1050,7c6594b50690,0.9934
94372043d55b,1,190,2,False,1a78b60bc76f0b2ddf72f50a62086ac8,81b79bb9f97ddf4994cde5a5c5399e65,2416,1736,0dce95217626,1.0
944a233fbf8e,1,2112,1,False,dc6395ebcc9f103720bfe481a16a515b,6389fb23f476a5b0276eabb8a1002ca3,2416,1736,abdb365cacbc,0.972
946545473380,0,2113,1,False,47250811139cc5ceb34af48c2dd03561,e99d705dd733d5a5acf18f710b41c74e,1050,1050,12ef75375322,0.9901
949710bead24,0,2114,1,False,9e98a18edeb80ad4727f5e51d0adaec5,e3496cc552467eddb5e4800a849888f3,1050,1050,5d6239c0fd39,0.9918
94a67ec0714f,2,2115,1,False,1900ff775b4929d525a29d944f5be8bc,fa5eee8b3ceba48c469739738a350f19,2416,1736,f55e1d2a19e4,0.9543
94b1d8ad35ec,1,1092,2,False,cb7523a83e7304c837e86cd5afdef5ab,554d794b30c62de5b8005a1f08cea6a2,1504,1000,4d7d6928534a,1.0
94b9ccc73bb9,0,2117,1,False,35de25b38ed579db540793d119f8a6f3,847492282ffbd44d6191aa70e1a917ac,819,614,b21abe5d9722,0.9706
94dcb491143f,2,2118,1,False,15cfb1cf6a926aa0d51d3cca53babfbb,fec8ac1aef3873ecbc97bbcd3a42d86b,3388,2588,358d2224de73,0.9725
94ef1d14597f,4,2119,1,False,0299c2088a357f0057bd6423523c1831,4fc238ee0b79ddaccf2c240593507f71,3388,2588,a88f68b0b114,0.9699
94f9ecf4b8d2,0,2120,1,False,89d6f688ccd03d47d922b60f5284a226,c787e62872be8747dada99d5fa19d864,819,614,97fdee242fea,0.9011
9519a590985d,0,2121,1,False,cb7d543830135fd6cc1fb2187bb1f4ab,02fe53a812d092325a4c25e2540a5a91,1050,1050,f00ce9b9d6f4,0.992
956765d5f46d,0,2122,1,False,3bbb263c926e326f3a8d719453621924,f84744aabba35dc2dfbc5a1f6b9c2f06,819,614,8b8fe3fc8950,0.8985
9568eb7e9c08,2,2123,1,False,0fa71d95dda098a01a7ede223457bf34,a8d3643621f6e2ea0cd7514de6ba88fb,2588,1958,2d07162a13b1,0.9609
958c1fa044ba,0,2124,1,False,e718f3103f19f70e4be9a93fce428e4e,27fc24005a81547359a5ef8f84ffccda,1050,1050,87b671c6d4c5,0.9924
959bb2d01091,0,2125,1,False,c34f74cc43eeb1ef7bd54f883fbec80d,7c5544211e7767e9cb36181414409e26,819,614,7ee6de71c140,0.9658
959dc602febc,2,2126,1,False,e3f9fea7e96e77727380a47769f30e6e,f62afc78155419b07aa1f8b76f559ee6,3216,2136,fc603cbedb41,0.9743
95a4cc805c7b,1,2127,1,False,88b923d024898842d91c5c4b91a78c3a,b0d83c6120a173c5e04e5b09853c5940,2588,1958,18af532e7e1e,0.8944
95e732e043a1,4,2128,1,False,60b5506f2fdfae4dbe0cc4a49c7c1152,a55419b6f965240542d7a2d2aa8cdc4e,1504,1000,9e3510963315,0.9508
962c0fc85e13,0,2129,1,False,e68be2de9effcadfa8a12460d72affab,20204ce5e2e6404e780ce77dd0ffc3e1,2048,1536,5f51192841f7,0.9776
962cf85e4f6d,2,2130,1,False,f9fced8174fdc2280f84e813a662d741,3c84334cb3f2c14859c9da62fa713070,2416,1736,30941b65348b,0.9573
966c07831334,0,2131,1,False,b801cce57669255154ad26289b8aeabb,824049244698daa0eb107163ce5ee360,1050,1050,07596907347b,0.9904
96793edb1003,0,2132,1,False,98cab1fbaff51c2b2678dc941c53c237,f995326118149bf41af64acf37df01fc,819,614,5fcff7280019,0.9132
9688c6ef5dc5,0,2133,1,False,98fd6bfac2f68cacf56aacd6f38b597d,696b39e0690042fea2c0e4d1199f3bc5,1050,1050,00cc2b75cddd,0.9927
969f92a390db,0,2134,1,False,78e66300f3f9b4e0ccefb5bf94d4026f,92a348f093e64052dbdf0366de112210,1050,1050,ff1e940105f9,0.9899
96a9706b8534,1,2135,1,False,892097e2f68d1a7ec57b1f257869004f,209386aca979e5aa1d81dc8bdc2c3aee,3388,2588,211518c46162,0.9694
96b5474ae604,0,2136,1,False,1ad1ccc540235b9fef05b70f09ead434,b6ef8f0867a9924402c07da2e9142833,1050,1050,e4b0df29b96f,0.9935
96c3e3db68bc,2,2137,1,False,5ee79ad13460db46a834e57db00ef8ec,3bc87bbd8184f7a817c5b875abfbce3e,3388,2588,8dba09a4e5ed,0.9759
96c699221180,0,2138,1,False,7579906b859bf65c9429583c622341ad,5460c35f66b26aba9e0e359c3673aed0,1050,1050,c6f5b5b5be41,0.9848
96ce10a1dbd7,0,2139,1,False,ede4060cb73cf3a69ac0e8909eb66e4a,1f5bcdfd8f4b2b3d4de24fe77c66638c,1050,1050,d1b279cc02ae,0.991
96d48b073f18,2,2140,1,False,f25b8dd160c0ccda44c48ad01f741c6d,b6083a9decbabaacb67fb2c64d17085c,1844,1226,10ecc5292ab1,0.9399
96ea316ed0ab,0,2141,1,False,e5f32fbe67e904197b882b1d6654cfbb,b6c93a18d6c85de5d60154baa6aab202,819,614,5b47043942f4,0.9472
971bb98ab935,0,2142,1,False,15980700d19e8ec45b3a20f551abfb11,69c98d20064341a2f6ad21502720cf3f,819,614,b70e7c26f51e,0.9714
973b0facfa9b,0,2143,1,False,1f79bc9625f878ec08a58ab60a5baa34,5b872c5360fd04a57e1ef351f5536ca3,1050,1050,a53d6d2472a6,0.9908
974c7d7b9c64,0,2144,1,False,f1e872dbeb8f6f7a8a6a4b9b94b2d32d,0b0fb4af48e9352bac8a7bf387f8aaad,1050,1050,cfed7c1172ec,0.9955
975252e325e3,2,2145,1,False,2e703ac2821ca079ebbba93191002718,42efce8f9d9e07fc8f4dc97edd35db88,3388,2588,a15590a7d774,0.9747
976082127e2a,0,2146,1,False,a1ee22a8f7152a4217b25379f29db779,d82258b3c3bd6718ab1453960b85792d,1050,1050,86410aa13b3e,0.9971
977e1ca77653,1,2147,1,False,72861c3d8c7d3fda5324b0b20cfebe32,04bd77ec680782d8cf5035b9d9852458,2416,1736,80d24897669f,0.9674
9782c0489eca,1,2148,1,False,5dfa5cda0583ba3678bc735db5fcc415,172879b5fe60c999fefa7f25169f6d05,2416,1736,6028a575dc27,0.9735
9785805af1b8,2,2149,1,False,1b23ddf398acb2770946b78921ec1729,e1cc237d2481d924d6384f2cda8c4f0b,640,480,d41b33fcb94f,0.756
97a235367f9d,0,2150,1,False,9acdb0456cda8fce776aa5c048d8425b,3d4b12ef7835228912c3fa36516643ac,819,614,5e97cb2b0888,0.9407
97a5ad7548b7,2,2151,1,False,d5cfd865302a2835880e27ae9e9d1368,f233347c487ae118a8b9e6abfe8f4b0d,3388,2588,bda7ff3b1562,0.956
97bf61736b86,2,2152,1,False,aa64ce71bf11df5765353d2321da32d6,1aecbf87360969585c2b72c173fa4796,3216,2136,bfe467b7e997,0.9819
97c6cb55866d,0,2153,1,False,1544c99ff9d17275da19b81be803589e,1dafe79c76e9216d764f2207e3c2abb8,2588,1958,66366a90d1ef,0.9308
97d02a9b94f7,0,2154,1,False,c62fca5ac2e12ea48b4917637ec6b3cc,92eb0b3ebde5bb061ea06783431aa840,1050,1050,369229040a34,0.9951
97da093947e8,4,2155,1,False,999d8f969910e98a7879193f8d6175d0,3bc5b1eb42bbdfb7008410cbb92d14eb,3216,2136,82deb07a6618,0.9721
97f290d31813,0,2156,1,False,755b2b12a0b0fe57a5eb034ea6ff5af0,138556b3b2da0245d0c06ca1d69a4921,2588,1958,4d1e7def7624,0.9087
97fdee242fea,0,2157,1,False,0c2bf319d478d4d06aafe3be00f04121,672fc503a3c5440884ed87ac15dfea00,819,614,8b8fe3fc8950,0.9128
98104c8c67eb,2,1663,2,False,7dec9b9409bbe91d196a4923135b4c4e,768a952b4ee8589ad93184741ce18edb,2416,1736,75a7bc945b7d,1.0
98277aeb96a7,0,2159,1,False,01fb86c04bb338153e176b75ec8a0dd2,1661ed8e79f1c007624ed745112b1fb8,2048,1536,a9b3177f01c0,0.9513
9837048b85dc,2,2160,1,False,1856eda9eabd7be77ddc236c7c59b10c,80bf834ac36ae704dd4e1145a765a404,1504,1000,9c5dd3612f0c,0.9556
983c98354e9c,0,2161,1,False,d31f71056cde3482b14cacbf45745a03,c37f3be9bb15327127cb2b3e39677c2a,1050,1050,8a8a251770cd,0.9892
98441214557f,0,2162,1,False,65bbc63d01393790b66b7583d9072ae8,560cc3aad6706dc08cd23a9bc93a627b,1050,1050,8b568d47a1fd,0.9948
9858cc2ae073,0,2163,1,False,8e52a79677b67bdcdf6aec6b51082ccd,5746e11cd475dfa136cf4314c5acf7db,2048,1536,289a47dcbb82,0.9868
9859e2a6cc24,4,2164,1,False,f9fe222d22810c5b1514be3f1d738c2a,10d47dff8bcaa9abacb72611ec6b5c87,1050,1050,357f02a779d7,0.9903
9870ce41cac4,0,2165,1,False,4f34fc4d758a208eac2be121be0a9e18,2d46ce50b00823e5e33d4cc1b0420441,2048,1536,cd314653a4d8,0.9467
9878db94d9f3,3,2166,1,False,6371fb35e3933e15f8cf9d335e33ece4,ae59292d74563396fe5668dda973cad0,2896,1944,5efa24b03d5e,0.9513
98d41bce73a8,0,2167,1,False,677f5b41f68789b70e95cd6825f3decc,c871b4effcfea7b43be61e2b3278f638,2048,1536,ad944bd56bb6,0.9835
98e44127872f,0,2168,1,False,60052e6d530cd97c6f022eb8040e01e7,a48f3ee45b77a6efac243075d8f9648b,1050,1050,18b99159a14f,0.9943
98e8adcf085c,2,35,2,False,98676a1c7620db82004eb9490750b657,513d0459f1b8a0e0b3b4f8784a3e4ae9,3216,2136,026dcd9af143,1.0
98f48850ebce,2,2170,1,False,e1cb1150c031d56eb790fc3ade41d87a,0c9cc7f63c3edfa1f51cbf78ffbff4c1,3388,2588,0083ee8054ee,0.9642
98f7136d2e7a,2,2171,2,True,f52144fec260494290f0ba7b23653c02,84b071d94e6a45359755d215ff915198,1504,1000,e740af6ac6ea,1.0
98fbe56dcc2c,1,2172,1,False,03c2dce77121deb70be472d0fc0dc65c,0b4aeda3251d213956d31a7f8120ddc2,2416,1736,a2ddabee14e9,0.9499
9904939ab83d,2,2173,1,False,bf17837f3989646bf8e6cdf4a707894c,0e80a6cff3b02f7c9913fa317d6b0146,3388,2588,d2c6b99ef62c,0.9467
9910c827e2fe,0,2174,1,False,a9cd9bef5f401ac64f0c8bf381b58558,1dab6443b2a99e034ff3b316dfdc8f3e,1050,1050,cbe633765ea7,0.9915
99132193eaa0,1,2175,1,False,5beb5aa8d81072862516fe6c3cf44f3f,f8f47413dc12e58b8f3e6d7e1f960642,2416,1736,c739ff9580d3,0.9702
991a0b7a8c87,0,2176,1,False,07fb8026e44b9898d7bf054e687308aa,1bbb84dfb2ed3d315f49f827f92dbceb,819,614,5b3d41626ec5,0.9777
99240ee00485,0,2177,1,False,78bed8caf22a331141fe02e02160c354,40e7a2e37d7e55ccfe858d30c124acbf,1050,1050,eb050765b323,0.9895
992599744a23,0,2178,1,False,dd87acade766cf7425d41671aa712dda,5ad86ad57995631bc18cd58c6eb31c5c,2588,1958,f4de9620e3f2,0.9101
992b9a07b25f,0,2179,1,False,45fb5f7c78f0d323f57e6ed655a3321a,e71613496ec3632725efcf294fa610c4,2588,1958,fd48cf452e9d,0.9204
996f57c86ba5,3,2180,1,False,a5860fb93abb41508aa95dc5fe0fbb54,8cf97a8155fca05968a2470b8c758518,2144,1424,0fcfc6301f3d,0.9508
996f9bba4ef0,0,2181,1,False,75a2ae37bce274708088b259884b9c9d,2e6cf23b003078ffe4cb7ef421fdd359,1050,1050,bebfbd907cac,0.991
9985375d709f,0,2182,1,False,abcdff253c3aec51acecc2b97c3af121,10da3eb4e3d511cb7fb5f93e9a91a112,1050,1050,a53d6d2472a6,0.9924
999115d9386b,2,2183,1,False,b2465a5bf01c45bc723921130231d390,01470707de7e710e1321b18a72a60d82,3216,2136,cb75210abebe,0.9466
999ad827ed35,0,2184,1,False,3b72e93f639878a352c015b643ef53be,e316a5f779584dbeae37324fac7a777b,1050,1050,f9aa35187bf3,0.9944
99c626e58464,0,2185,1,False,fbcc013c99febabd5f3ac59acb9aa8fa,a427baf5164bf5037a48d9c4d1b5bc2e,2048,1536,65a7fe9482fe,0.9755
99c6a123ed6a,0,2186,1,False,6e3a38d995c78dd058e33672126f4802,1e75292db0b03db52563d427e5ab1988,1050,1050,d9ad2a0ec026,0.9959
99e8bf998285,2,2187,1,False,4cc3257bc5076439151066e6fdd2c120,a0a8c7312ede909948c98f92b560d982,3216,2136,af828dab3ffc,0.9782
99ecdb41d5e7,1,2188,1,False,2eb6e0fbcb308f51e65abc303c767af5,d972c3d9f0f1174c1154243f5466de0c,3388,2588,e1e490773462,0.9697
9a1029536d78,0,2189,1,False,b9f44de517c565b93ca689743f07756d,2a92bab81943c9d32beda7e4af817de6,1050,1050,9be71d6d7e59,0.9915
9a159d4674cd,0,2190,1,False,d02812830afb9b2095dbf5dd338e24fa,87d91fc28d9837e961f4a727ab7d7913,819,614,06be1092a062,0.9728
9a28d4e8aef0,2,2191,1,False,dbc1e11e578bcbe6870a5ef4388d2e16,b2ba47ff495028a2e8f635061b7b0425,3216,2136,abf0f56c6f12,0.9695
9a3109657ac1,1,2192,1,False,3b1ced873d9ca5f98ca123050bb1630c,6686add78a6e439bb36ca9573b5134c9,2416,1736,4246ed634f25,0.9731
9a326446c431,0,2193,1,False,c4a3bcceaf7fde7813e7188f79e2026c,8c5e7902737bbf91b83426b2a9640b61,2588,1958,f71333204618,0.9049
9a3c03a5ad0f,2,2194,2,True,3be1e5644df038399c1d31319e733af1,7c5dd8d3b844839f6f3d7763635c00bb,3216,2136,f03d3c4ce7fb,1.0
9a496b1e20f9,4,2195,1,False,4fb7a2ea0667654e276d10288e8e2757,2333d0547c465aba168b3264f0fb326d,2588,1958,7a6e384a0846,0.8767
9a4f370d341b,2,2196,1,False,adf132b0caff25c70eb7870062e55f02,552918dfe516cd9c227491a8385627b2,2416,1736,58184d6fd087,0.9778
9a56cfb980ec,0,2197,1,False,6aca0f9bec00fe6b7d7fe67c1a7162fa,26fce566e69e774cbd9c10031a9e7d0b,2048,1536,4704dbb59536,0.9706
9a78c6a7b1c2,2,2198,1,False,9a6ca7fdc8c3aafe03cb6c5db8a9d6e2,93a6cb551bd6ce7a45f89fd7d3be4ad0,2416,1736,85cc6d636898,0.9641
9a7bd084395e,2,2199,1,False,89116f071b0559bc9854d7f7510056b1,c6544af1538b4c4074477e4b5f96af8c,2588,1958,6b7cf869622a,0.9368
9a94e0316ee3,3,616,2,False,b9495ba1c5cb8c2db3bab1ce0c63ae3a,bb8894c5c8b72ca026f55907a4fd66d6,2416,1736,2b48daf24be0,1.0
9a9b21215c55,2,2201,1,False,4bc5a5bb1d38c8823f8a7f0e7a2abbe7,5b24ddcc237ab6669ccbfa9e77703f66,2588,1958,f85fd4fac887,0.9009
9ab18a4a957f,0,2202,1,False,32fb98c3df223e01d3550a37df20785d,3c41fd5f9b7929e2f654fa1e13f99eb4,2048,1536,9e99ae6ee7af,0.9442
9ac2e3e9fca5,0,2203,1,False,bbc28e5334dee0a7bf0f78f0208251ba,46594ea14cae835fe928930239c0c5ba,1050,1050,73ba798fee25,0.9919
9ac41b9a809e,0,2204,1,False,f3dbb8023616c2c406ae850096fca03a,78dd4d6af725fd06df64ec64a7b48017,1050,1050,974c7d7b9c64,0.9943
9ad92f1c1542,2,2205,1,False,8142020470e9b4d4e6fdb82bcba5d389,249addb45477fa271658a2b44453fe04,2416,1736,55092c0071eb,0.9027
9ae54843c69a,0,2206,1,False,57bb980ac85186d0581ab197ac4d30d4,5a3f2ecabb3a1aa07785355faa13acfe,2588,1958,4dd9d29eae5d,0.8382
9b093fe95d6b,3,2207,1,False,9d031feff0f0abfb1f0909629c78af7d,99055455ac3da1ee755dd2dcda6e0865,2896,1944,bf8092e4001d,0.9372
9b0eb9f41da4,2,2208,1,False,19647430fe4dab22ace791f4285bc4ce,fe46affae1c356c9f1951bb0772c9266,2588,1958,8ae049175db6,0.7534
9b32e8ef0ca0,2,2209,2,False,711902fa983501707939c072ff430530,9600cc54d2d6e1645743f007b84728c7,2416,1736,a15652b22ab8,1.0
9b418ce42c13,2,2210,2,False,502eeb59021479778423eb06ff749d11,e0b6f3b75a376651f3fddf4f8609d4b5,1504,1000,be161517d3ac,1.0
9b4fc15df3c8,0,2211,1,False,f0f9dca8c609cd17f24cecc953203398,d1670eeebb2ffe7a813cff1207b4a11d,819,614,cfb17a7cc8d4,0.9602
9b57e43b44e7,0,2212,1,False,f1f46d3d9fa25fedf8958afa9ec00404,91b377d5ae8c9e3accc18cff35518eca,2588,1958,0318598cfd16,0.9498
9b70f84400af,0,2213,1,False,97616a5524a428dca186faf27a605e10,9bccbdf0d64ff47b8555ebaaf49d5961,819,614,90a9a41eec6d,0.9235
9b7b6e4db1d5,2,2214,2,False,bff7a72c5c20fb6d8e505a59e13eb440,9fb3830ff653846f0a156daeb5aac828,1504,1000,9f4132bd6ed6,1.0
9b95d6203406,2,2215,1,False,3df5ac3f67c64dc995e6e30a97ea6ccc,f1e21fa76c2b02e4c7024fb2dee8b366,640,480,f18abfa690ab,0.8482
9ba469af2980,0,2216,1,False,c683735ad66dbd1162f3eba50b117535,6042632c6c214a1a0e84feea09574fba,2588,1958,cd01672507c9,0.9144
9bafbbd152d2,3,2217,1,False,75ec6200edee9bb5737c03424c76a189,552b5e599a8586f7606f8214a20877c4,2588,1958,0519b934f6b1,0.9196
9bbb6c455913,0,2218,1,False,8673c22b6b818beb3b60411a919c16cb,548e0126d87a037ca13e74b7b47c4ec0,1050,1050,80dbeb0fdc75,0.99
9bd008aab548,0,2219,1,False,bae9e5b01fd1541e89435709ee06ef50,eac3f3f0f801c379c41f3b3ec48f1966,1050,1050,f361060eda3e,0.9944
9be0683649ff,0,2220,1,False,dcfe27e65f17ddfcdf6cdb270d1adba4,3c66d4cb72c13431c0be156c6e96d2e2,2048,1536,3d2ecffe0386,0.9636
9be71d6d7e59,0,2221,1,False,08b8a86b8d255079088eaf595421ac27,6e94f73407d2396dde8a000f7976f95b,1050,1050,9a1029536d78,0.9915
9bf060db8376,3,1135,3,True,76773eca8d3a286e9baf4c146745d912,7472923de57ad878ce4c28e87279a77f,2416,1736,4fecf87184e6,1.0
9c088d2d1559,2,2223,1,False,5489480112528ac1962f57392d7772c3,e168c2cc3bffb919f110c93ac889e86c,2588,1958,d3de0d313d61,0.8662
9c14ce27cbfc,0,2224,1,False,ebe0ced8474e947ea2682aff8f9eca39,515434adfdc6847736668ad0754d031d,2048,1536,5d9c841eb245,0.9645
9c514d2d5b3f,0,2225,1,False,573ce99a6990309da1bfa1ec8c16f4dd,37655f380c44a89483026972bebed885,1050,1050,639915f58a2f,0.9924
9c52b87d01f1,3,1580,2,False,f9f3914e7ff337cb501cbbbe3ff0a1bb,6360f47988cf34de823227aa6dbb604f,2144,1424,6e92b1c5ac8e,1.0
9c5dd3612f0c,2,2227,2,False,5e85c7ff25e879de224c15aacb11d553,041cdb183d84f7a3a0988489aed37f95,1504,1000,c9f0dc2c8b43,1.0
9c6512166557,0,2228,1,False,d4eff290dbe65a1e4cb397739f759cf3,1da0042f482ff546db4fe73f986ec011,819,614,7526c59c36d3,0.9754
9c72ed6befa0,4,2229,1,False,b3ee961ce59288093a77e051f90f5299,0d92f36d7565413aedab4c807cf298f9,2588,1958,41960d5f58c2,0.9162
9c893e16c055,0,2230,1,False,3b093cedc1a21cda229826485119f5f6,3345f346d77e631e4b0d6c593216bdff,1050,1050,9122b31414d3,0.9926
9cc6b1f9bcbd,4,2231,1,False,57394db5e56b62a29a95b79e00e84de9,9131061667915b9f91ea4d46c130fc4a,2588,1958,4d17559ac1e2,0.9171
9ce46d400cd6,0,2232,1,False,843cc85d9fb0cd9e52b86bdbf0ead8c6,3e496f73c74c54731e1de5d81be23e5a,1050,1050,4e54ccfd49b2,0.9923
9cedf5c7016b,2,2233,1,False,ce684980e6e8c15baca29d26c957aeae,93e4a7aecc1c899bb03088795eab16c4,2588,1958,ca30a97e9d13,0.8711
9cf7c1349673,0,2234,1,False,68fba5fb2a056b6c1e939e7664fedab3,bbcddac35cf1152a2118a1090f96bbf6,1050,1050,f1d719c97838,0.9792
9d1feed37610,0,2235,1,False,bb3195f0cee8a91a97fdfc36835de7c2,068b4221f209eef0e57403a8e48726f3,1050,1050,c64c0966b4cf,0.9922
9d62478042b6,0,2236,1,False,4087f6b929aacaff675288cb2e0cf0f6,5f53b6783ba92d2de2d2582c7355f431,2588,1958,a11bf2edd470,0.9238
9d74428188bb,2,2237,1,False,613f0488a541d5a37e6e7aee2b20cf73,194d113d3b88bf832ebfde5c90fe9d22,3388,2588,fa748b57262b,0.9761
9d75de31f1b8,0,2238,1,False,4c2caaea8c1ea9a77584eaea3ff7f2b9,0e8894f17406ff6bab2ecbfd5665deff,1050,1050,50916d67bb51,0.9926
9d98a0b585f2,2,2239,1,False,86c5f5d71d68cdf4fb9ac1742f938e7e,5df2433303d2ae09f54076a95276dcf8,1050,1050,82e5bc01f8a4,0.9917
9d9bfefa809c,2,2240,1,False,82dcd530494e8d2b32831377adcbab19,dff94c6e23d99634e137bfa12443a351,3216,2136,fc4c2d35c6f8,0.9693
9da74370835a,2,2241,1,False,9cef4d6a7213032513f7038d5001fae9,ee0434e0fad5e00db476e9def281517d,2416,1736,2b074afdf626,0.9678
9dab2e6ba44b,2,2242,1,False,d387d6826940390da52a8cd6686bb92e,d5bb9bc41501d000bc64f53e0b01103c,2588,1958,e47770a2e5d1,0.8803
9de9421f17e3,0,2243,1,False,df575b1b7cbb44a12abd4c8f5b0cd629,8aeaaa6b0c482be09ef565cd1eccfceb,1050,1050,9910c827e2fe,0.9911
9df31421cdd2,2,2244,1,False,e1596c7a7cfec59d6bf89da5339a531a,8508829b25b88b1e9bb2e585c2280372,2588,1958,78a577c3e0bf,0.8921
9e2058917304,0,2245,1,False,292dcab4fe504810069063b0d54cdef7,ff9d9875266795add15ab612268ab6be,1050,1050,763ad1236efe,0.9942
9e2a8135f471,0,2246,1,False,8378773a0a81aa84b9d144e1bd7e05f0,ad5aca5938b19416c90cc3a8dda24eb6,1050,1050,e246cd89e1cc,0.9881
9e2ba2b979f1,0,2247,1,False,8aa0a8cb4eeab932879150c7e1daa840,aacc8e9b710e8d6d4002e6d80cfe992c,2048,1536,188219f2d9c6,0.9585
9e3510963315,4,2248,2,True,2a613e17fe7eebeca8a21ac5f46e8ec2,cbeafbfa5a6b5fd73042107dcbdcdc8f,1504,1000,b187b3c93afb,1.0
9e5737f771c3,0,2249,1,False,b4d89e5d8e52bf91ef62bdea72686834,95a5172339242bed14ed871dbe2d97dc,2048,1536,ae61e19fb766,0.968
9e5ec293267c,2,2250,1,False,1e1c17288139edcc127642e8580130c6,83f3039355086127a28bfe19e28ee1cd,3388,2588,99ecdb41d5e7,0.9654
9e7a63b2fc6a,0,2251,1,False,45b4d2734ebe4d7bd64c13ff853c4eb7,0397dea968da1df2e1ef69329f78396b,2588,1958,308f7fce6f0d,0.9377
9e99ae6ee7af,0,2252,1,False,7ceacbb80ce6317aee905349a518712f,95e0eff0261330b1e7645e1cf4a80700,2048,1536,e97ecf4355cb,0.9849
9eaac43744f5,2,2253,1,False,213e10c5e662dac1b605a02fe3e7045f,6963e373335c5b8032e5fab19d290f15,3216,2136,3ac3fbfca7d4,0.9803
9eaf735cf01f,1,2254,1,False,22a1e3ccd0503f406ac51dcc76676d98,f25931ef09196d3b9c7340b2076e72a8,2416,1736,e07045d7c5f7,0.9746
9ed666e982cd,1,2255,1,False,4fa990df0cef4480cb0a14e095aa9b06,4be1842f304ee2831322e6265c19c746,2416,1736,eeb231c3ef1f,0.9664
9ed6c2b25767,0,2256,1,False,41a4dcf8ca82b947143b1a5feb0d6684,1be764a9de8a1d4c1bc69ee1b31ddcfc,819,614,e25ccfe38e44,0.877
9f1b14dfa14c,0,2257,1,False,5425df8125957cc50e0dea983524e455,0baabe703321123ccc8365329c504dd7,819,614,ab3c505b624f,0.9753
9f1efb799b7b,2,2258,2,False,985d2ef214d747b029d0390eacbb90cd,6cd326ad104f5c41ba6dc97d17f4bbd5,1504,1000,cd4e7f9fa1a9,1.0
9f285b3e57ed,0,2259,1,False,9ab255271d94b32222a14c483fabedd9,7430298da1b4aa2cb4b053b572a341d8,1050,1050,529906ff9dfa,0.9895
9f37c98b8187,3,2260,1,False,8ba5246afd01f4b531b5375a9be27f6d,0c0c5c2ee0dcb10137dcd12697d64731,2588,1958,8ae049175db6,0.8935
9f4132bd6ed6,2,2214,2,False,bff7a72c5c20fb6d8e505a59e13eb440,9fb3830ff653846f0a156daeb5aac828,1504,1000,9b7b6e4db1d5,1.0
9f436886e056,2,2262,1,False,f4e368013366d0c496d95a78706654a1,1ef4b04ba7ae3622f5d3070bda20fade,1050,1050,0182152c50de,0.9772
9f5a8665cf2e,2,2263,1,False,5b5f107d4b0e031bbfb30bfa0b42753c,f16a5fe4d741ee37e1bec8e02edfe878,2416,1736,d1fb4efb117c,0.9254
9f8112c710be,0,2264,1,False,18c5ad62989b6aed64ac33dba6f2dfec,fb64c71db0243c5efa526139a46752a4,1050,1050,4528fbbd43a3,0.9784
9f935fb38440,0,2265,1,False,62d91ea96c351d4fd81f1cc17e81f708,eb1bc9254ab79673587a478d8f34b131,819,614,48a45619d1a3,0.9851
9fa02dfb5553,0,2266,1,False,edf69310ba8b9745e279266bc53665df,0c757562f7aa189c2b5b33ea71c20513,1050,1050,cb68fce07789,0.9924
9faad91b6578,2,2267,1,False,76529980200e2a9a3d3bad932c849be4,d6a7105e938f9f0cdf4c12b494dfb0b8,2416,1736,63d217b059b6,0.9267
9fab29e69a6b,4,2268,1,False,75731f5e9ab01ba3686b113a34539623,f87f4597167248b5692b943d7ccce9e2,1844,1226,6666c4f18396,0.875
9fefe2b44795,3,2269,1,False,02178257a91e4c2404e4edeb11bf9331,9b290ecd6a4743b23fa3a144baa74498,3388,2588,1d55e689cf84,0.9547
a00b4cb250a7,1,2270,1,False,4d0809695852a3d21fe555e897e533b4,011c975a13e7cdb2403f4ad5c51d6009,2416,1736,3f47f83217b5,0.9699
a01024054596,1,2271,1,False,201898c3217efe2e9aac470ecf36b950,f34409729c56f8e002574afa4a721d50,2416,1736,13ab8db8c700,0.9329
a015ce4f51ad,2,2272,1,False,faf5c854dfc033970c9797975e417369,fde88b816485f20e8fff9b1ddaab7802,3216,2136,ca9c912ebad7,0.9799
a01c590c444f,2,2273,1,False,88491d64590e5e987d95d72748044750,78231c3cda580e0468a5ea1d75109182,2416,1736,2628305cbb29,0.9733
a0267206d51e,2,2274,1,False,ab04cc8949c82709ac6eb6d3e19cfc0c,87ae9d1609e9988dc7df9fdc1900a3f7,2416,1736,70ed3ec68b94,0.9677
a02dfd67a925,0,2275,1,False,5edeba32014074be217679da738ab4d1,181dbb921863c0fbb36237779418411c,819,614,b963a11638f2,0.9348
a0445785e2f7,0,2276,1,False,30d148a65ed3445afd9ff575a7097998,51f1a968ae992cfc323d17a95ab21080,2048,1536,4c389d033cb0,0.982
a04fb36db784,2,2277,1,False,24695be3548ee74e615e0190061b0f56,83efcf6bb845c2f4709ea49834e6140c,2416,1736,7cc4b7aabe04,0.9535
a06a63d866b2,0,2278,1,False,6868e2aaff4ca4a8b7639e8acacdcf96,97230dcabe114bb494a65c738e213612,1050,1050,62b826899151,0.9931
a06b353e7bed,0,2279,1,False,a0bdb084561846eb3deaa35763065ae1,d114bff784c84a570dd693dbfbad8d6d,2048,1536,60edda7b4871,0.9709
a06e41bd2634,2,2280,1,False,5f7249c0887085107548a0a9ff748081,112915433c9591ae2bd90a214450615c,2416,1736,9a94e0316ee3,0.9757
a06e5ac695ce,0,2281,1,False,01a972cdc6e80eecbf28c428c3815172,01eb6a0d3f3f7345aea64fc517a02691,2048,1536,260a455692b5,0.9698
a07d571bf7ba,0,2282,1,False,78cac87d65a7dd2b396e09cc86294e3c,7fb9b648d04800a47cacbfb5b24e4afb,819,614,4c6c5a1bf5ab,0.8786
a07d9a5045cb,0,2283,1,False,acb90f25b3479a4ac1994e9cf67b5015,d296eab18424be9b01bca684c139a69b,1050,1050,174db0854291,0.9926
a07efb1ecfc0,0,2284,1,False,9042c8ae41d9c672f0ce65f869236bb7,7d4c3aa4b0689d1dcaf379c82a05d0f9,2048,1536,f2f569a64949,0.9731
a08a0133754a,0,2285,1,False,3e3b307173b6490ea3ba60ef75f6a382,1b345f53df723da30ba9a3fca2f51c78,1050,1050,f633c474e8b8,0.9884
a0a0cd8af5a6,2,2286,1,False,e587ef3074166db62214949b4a017832,7bf1ce68f7cee907d13e47baab929bc2,1844,1226,4dc2211a1c31,0.9203
a0adbe677508,0,2287,1,False,c4a3643e0cb45cd2dc91f62e6fb33cd0,36765e86e36d5f043acb0f6dacf9a41e,1050,1050,2a4520f1f9a3,0.9904
a0b7ad98df57,0,2288,1,False,1ebdb4258557ff7fe09b7def71c94b12,8fe567562151de014f4c027a2b783924,1050,1050,f994a3b07935,0.9912
a0cd7bffdaa0,4,2289,1,False,5346925ccbff2807398a5fc719e1a922,a1ddc7f7747d46820174fde29d3858a3,1050,1050,7be1b9aa78aa,0.9752
a0d04a19cf40,2,2290,1,False,769d3d954a8ddc595647434512991b3f,6f1fd6d0a23eca0074a4c940a8638a12,3216,2136,8421107255ae,0.9896
a0e635689259,0,2291,1,False,5eaabda746ae4eb9de2ea312612e4d77,a4f12bd418778a6733b968947a267a8b,819,614,568455854a11,0.9885
a0fd94e2ad76,0,2292,1,False,9a85613b9dc3b4e33d30d7d06e3785d7,b061296ae1ac020c3656354efd2cd99c,1050,1050,c81c6911f5e0,0.9793
a11bf2edd470,4,2293,1,False,7aa3856c38c62d71b2e5c1d3bbeea8b7,37a1adb2ffb4f59cf030e744a8585e9d,2588,1958,d9d2631f043c,0.9294
a11c62cb3f86,0,2294,1,False,085efa05dabae788da27030ccf7dc71b,a5ec23435983fb5f88bf24e030c29037,2588,1958,aa841de1ee82,0.857
a125377fb985,2,2295,1,False,5c5b7132824bff7accd7aa548b4c0d86,f717ccc31dee4f0264798cfa3c872f60,3216,2136,7743f4e04a6d,0.9735
a12ca80bb8c7,0,2296,1,False,194e1e2fac8d04620634854014524648,37ff7b3f35f52d868a0bce8365e6e51a,2048,1536,cd314653a4d8,0.9769
a14bbd9a583e,3,2297,1,False,fa765a92e0d763a9e47af1635cd82f19,d99b59eb9b7388d5ffee4fed0b487868,2416,1736,63d217b059b6,0.9331
a14fcf84bfe1,3,2298,1,False,e446c936b8d45684386db7267361d6cd,e7e8b2b8f92424ee4846e89ccf1002df,3216,2136,19113e5f45ec,0.9731
a150ff5dfe07,2,2299,1,False,3a5a591a331271e706d3af3beff49ed0,9229462e2a48c3e947929b214cad846f,3388,2588,94dcb491143f,0.9158
a15470303941,2,2300,1,False,599b66a5a5623a8e49a1db76071ef32a,8418f2ffe3878d1ba8b75d89cf84d643,2416,1736,83e529e95b0e,0.957
a15590a7d774,2,2301,1,False,951755f3a609c0d6ea606075e54dda1f,ccaf447cd063cc754fb99a5382b596ff,3388,2588,f549294e12e1,0.9777
a15652b22ab8,2,2209,2,False,711902fa983501707939c072ff430530,9600cc54d2d6e1645743f007b84728c7,2416,1736,9b32e8ef0ca0,1.0
a1822dd8d05d,0,2303,1,False,aa4a948d04f06888cc66bd2f95105a14,d07dd7a8e81630f85af9c4eb828dd39b,1050,1050,8bf2d925dc0c,0.9958
a182b5b191de,4,2304,1,False,b5e8b730b5e66262e1258f8ef603f9a9,66c2368bdee7edf7430d1b4a52034566,3216,2136,7d8f67cadc29,0.9753
a1872f9c0cba,0,2305,1,False,32b7144bc665656addd9a62c16c26a9e,4d8f0f4017262d8a6c9de43836b88678,2048,1536,2d3f4094c08a,0.981
a188c60b93fb,0,2306,1,False,5614c374e164160d1efb54fcb3a8717d,b7a1876a92eb46f25ba728d5a7861032,2588,1958,9d62478042b6,0.914
a19507501b40,2,807,2,False,acc1c260da1ea686568a6f2917921775,d1a566f30e13cc2f3c389e2ee0ab9966,3216,2136,3a1d3ce00f0c,1.0
a19ecd0a706e,1,2308,1,False,be6bf228f9816722893e4b684d867fd4,774b790b01f8886a816983d4c6270161,2416,1736,47d1603a555b,0.9858
a1b12fdce6c3,2,1358,2,True,b61e2db328e9cca61c40bebdcb147586,cd857b2034246f4c099c7b15d207b7b4,3216,2136,5e7db41b3bee,1.0
a1b28bcbce00,0,2310,1,False,399b2a5c1ba7e58e2be7aad806f3530e,5222a39f7694175994022c075fd459aa,819,614,e30a890600e1,0.8896
a1e236fbc863,0,2311,1,False,4c9da6759f00a903a01d51c290f35281,87281b1b7279ea64ac6196bf0cee5890,819,614,e5de79795c1d,0.934
a1eb88562239,0,2312,1,False,201f388a2f0a0ab8ea6c0989421a5fe3,9f94351cfedf18f1b7015ec9df1bc08e,1050,1050,44a86263117b,0.9939
a1edf0e66592,0,2313,1,False,51815a73bd66e56333a5b2b1ec61737a,b133077c492a54c57b542b2d0caad8d5,1050,1050,ff631653374e,0.992
a1faeb4d5f10,0,2314,1,False,220a96bee052ca132e04d895f03e0458,b4154a5b1cf6af57dc2598007d7ee6f7,1050,1050,7f2cce721e19,0.9874
a2163f0c2af5,0,2315,1,False,71c7f99c3ce44c4d937c0ad14df357ef,a2d7ceb1b62971b129f6dbbace0891e9,1050,1050,d9ad2a0ec026,0.9959
a21b37719f9b,2,2316,1,False,66ec51adea38aafc0e065760a4a949d6,ca2deb1af885f534a751921b0a8ceb9f,2416,1736,6810410187a0,0.9722
a247961a5cd9,0,2317,1,False,513304a907b97fc50a277e691d2a6a5a,7a023aefbddcad924f8cfdf6f2965eef,1050,1050,415f2d2bd2a1,0.9916
a2696f444ecb,1,2318,1,False,08cd8e11be79ff0d9f8702be21513b99,876d91b7e5282c42d69c0ba440218da7,2416,1736,e1ab92228e60,0.9574
a26f50218b84,0,2319,1,False,d2a20fadec91d38314697f2c58be08ee,222de91864a2679408938d33a16fc58c,819,614,ea6a53e54d0f,0.8802
a2811f512c1c,0,2320,1,False,891a0f9b38b08ab3cad807d0fd62f7d2,0a236249894c070c28dcb0f88d6363c7,1050,1050,3254e48c8aa0,0.9927
a28bfb772f50,1,2321,1,False,26b56003d90fb12eaa9bafd16671b5bf,d5f26d612be811168a314b912a27838e,1844,1226,8ff2733f6aef,0.9643
a2ad3da4c7d6,2,2322,1,False,a2ff5271b5c752cc222f731a10c8040c,1039a296b58a632b41467a2d1a74be9b,2416,1736,d1a24527a15d,0.9734
a2b97d98f130,0,2323,1,False,18ec3a3467c9f848e5ee3693dea4effc,c6b07851c1724f628dab8d4d963d9539,2588,1958,3694e8c8e09a,0.9511
a2b995b81692,0,2324,1,False,38522a8b6091c0b6758d4d50ef61d3da,a930f04f2d0c12ca2989f658f552edd1,1050,1050,a646c084928c,0.9951
a2d349f567a6,2,2325,1,False,ebdf35491fc2601c95e68b91b1408d11,76519176bd9c251035110aeb78977511,1050,1050,3af9aaa880e9,0.9933
a2ddabee14e9,4,2326,1,False,a38d6dcd47e3b374ed9491a962f1e961,76778cdd935ca8051e470e9cde751783,2416,1736,232549883508,0.9665
a2dff8dbc9f8,0,2327,1,False,97cab2f0eb64a15b78f576079e75ed2a,3b987ed3122c33900455a5e24cd6ddea,2048,1536,5d4e5fd34d91,0.9608
a30a143a53a3,0,2328,1,False,d828dd39bb0738d4085b5c08cc6c3422,494d34eee45b088537ff204da90f1c2d,1050,1050,e893e86dde94,0.9884
a3132c8828e4,0,2329,1,False,13db7fe3616c2fd67e32681cab003f24,3222348fcbd49ba70b6544aa6cccd3b2,2048,1536,dd90c321d7bc,0.9717
a32886cb31ab,1,2330,1,False,13f4661fe2fe62e472761286b5643a94,5536406df435b572dad1b1eafb7b6102,2416,1736,4478b870e549,0.9644
a32b5ce3d48a,4,2331,1,False,6d5ebdf8dbce738c38fa8c5d6498e685,ba79af2a29086137e2eed54df8fc6ac3,2416,1736,aa0afc41ed19,0.9653
a3475dc3ac80,2,2332,1,False,529dd5cfc9af1ee0c708cc142c5dcdfc,61dc20ae10ab343f9198201c271e94fc,2416,1736,a8eb35b3bcd2,0.9548
a34fc5376669,0,2333,1,False,eddcb5976547928713ca0e7d4761d699,53e95de39b9d281d601d91def8f15529,1050,1050,5f51192841f7,0.9946
a3706ce27869,2,2334,1,False,5e90fe53ba4eeaa9bdbe1783d4200256,4c978a1dcf3aee61be441d589042b732,1050,1050,02cd34a85b24,0.982
a3802934bad7,2,2335,1,False,aca34e1110d46e0fb9009999d0c7ccbb,5d3eae2a1628a9728c3e4a2ea17ada05,640,480,453a1e2754b2,0.8335
a384e688e228,0,2336,1,False,c29b84dc13182b351e10c04adc5727e4,286b03c9a58711d3667b406f918da963,1050,1050,639915f58a2f,0.9869
a386ec9aabde,2,2337,1,False,235e4aa59907338464ee4d64142c8129,82a1d50f52328b0760201cb3211fe0c5,2416,1736,efff2f1a35f5,0.9611
a3957df90a78,2,2338,1,False,4ca7af5276bb1017f3ddfa72d24d46f0,a15d7dcdf2dd6f026195bec447116e37,3216,2136,3748349334f6,0.9806
a3ad6c2db6f1,1,2339,1,False,7481cbfdec8506b4e095430a006f7609,03b6a0f24e1b397b8089220c8f27eef4,2416,1736,fe674c2f73f5,0.9771
a3b2e93d058b,2,884,2,False,41c7dd89e5657c1808c2aa87ee3310cd,3b8c68a948af1468471731c952274399,2144,1424,3fd7df6099e3,1.0
a3bd2e034614,0,2341,1,False,19bc526acca4b7cb5f929abe84c22887,3bc7817ff698e1f11db6712ae406c6a1,2588,1958,d3e884109b45,0.9281
a3d2a0c4cd17,1,2342,1,False,f8bec8cd970d0d62b66ac9a1c3fa0899,9dbd982fccf0476be7c7dcfbbf6b6033,2416,1736,101b9ebfc720,0.9313
a3fcf42ff56d,4,2343,1,False,24ec307e7d055b2c24559a681b48bb46,af2dcf93a82a0ebb9602b087945b5525,3388,2588,4e82c3c8d31f,0.9629
a4012932e18d,0,2056,2,False,46c634487f3586097900e0fbb564a63c,1392a379b75098476b36581d72c7f6e5,2416,1736,906d02fb822d,1.0
a419fcb2dfb5,0,2345,1,False,9ed6f1f102e0b6e641aeb372b9118ded,c01b144ebc6b6835b48abc2d6001d90a,819,614,0f6e645466a2,0.9579
a4359815f152,2,2346,1,False,2478829b2e72f64ab36498b91eb7569a,5bfcb1ea88ec88cc617fddf726e3ad6b,2588,1958,61c2fbd16e38,0.9297
a44345b27804,0,2347,1,False,919882f5d9410d4b415c5ef5b1d387b7,571e246b0f119b80376ad17a70255542,1050,1050,83a63c4a3e4a,0.9925
a443c4fd489c,1,2348,1,False,3ee8d21ecc60ff8564fbaaef88cc16c1,ebbeb1cb59414ec3e31317fe131737c9,1050,1050,dec5595e6154,0.9928
a45c30da0c72,0,2349,1,False,3821fe0804eb44020fb0d5d60ded607e,b74f0e220e6a31b64cd69c90ad91cb84,819,614,ae20112e7a1e,0.9576
a45d77edf8d9,2,2350,1,False,4690eebc00ca6c6f33bbe7e98fbe9afc,fc9ccada3169ee9112f00a71552934ab,3388,2588,2f4e81787d9b,0.9592
a47432cd41e7,1,431,3,False,fcfda099faac74a2ee724032d1566d7f,765631695bc91d2bc86712a3a65a6ace,2416,1736,1e8a1fdee5b9,1.0
a476fd984005,2,2352,1,False,df8f0a3720d51467856cbb0956b0e0fc,5c71c7f24a0c83c547e34131a8b97ca6,3388,2588,6a91eb157f47,0.9596
a47878630dc2,2,2353,1,False,ede2b63bc44579c79a7153f40595db1f,180e96506fec94b15f9c6b47c63c7872,2588,1958,5090917a2676,0.9432
a484bdf85b4c,0,2354,1,False,6f947536f5ea6b7f462a507b2113b91c,3a062775e33efe0c216ac145fa6f7c18,1050,1050,3cab32dd6ef9,0.9942
a49b0b4484ea,2,2355,1,False,ba41b05357dcb4be5717ac2bc9c0504a,ad078968099ef8dd5f10f27aad57848f,2588,1958,a6356a3c5d11,0.8914
a4b8de38eac1,3,2356,1,False,b10eef4c4b20476040f7abffe779a87e,ee617804f23c84b53a61508d2d03e647,2896,1944,29b52f64d2db,0.9468
a4d41c495666,2,2357,1,False,c9c34568fac2f4aea05774b7f1b27956,a74603c4fcdb54b50ce1b23990c07573,2588,1958,5327f88a1919,0.9177
a4d4b69f7404,3,2358,1,False,ee425c6e007519d2364f651654aae301,878bff9659e8a1a86771636ba978114a,2416,1736,a0267206d51e,0.9149
a4ee03ecff60,0,2359,1,False,e9b8976c14907fe3b0f07d2052c7e7ef,c8ae461dd724f091cba43329b5ba5328,1050,1050,cbe633765ea7,0.9938
a505981d1cab,2,2360,2,False,2a1eb3b532c97ebd35b34812ed2bbffc,33ad30c09e04a32ed04b6a3b7a0cbd93,2144,1424,d994203deb64,1.0
a528be013a04,0,2361,1,False,4c695cffa82de4c1d4be77a77e5e7264,19bec453651892c56a21153843b23add,1050,1050,a7b03e58a6e1,0.9791
a53d6d2472a6,0,2362,1,False,da4134e952253726d2a923468b6e7f34,3203ab734d2a5f38ff7df34131f8a0d9,1050,1050,9985375d709f,0.9924
a56230242a95,2,389,2,False,20ace75a463236852918e4455195a6e0,2514381db0563a0a3aae0ac8866e0d05,1504,1000,1c6d119c3d70,1.0
a56729de89e9,2,2364,1,False,cf4cb4d44863ae308d4c74b079b13c0a,4922c463df91342e934356d7973d8f0f,1050,1050,28503940d10b,0.9869
a5a2a7003d60,1,2365,1,False,1b9fe8efacffb1bb96efe17f9ea42f99,18c88f0b9a6c428ccfa8382fe639f032,2416,1736,32a3eb37ff40,0.9655
a5bb85afc6e8,0,2366,1,False,c26e5de1f66596117bd93f59e26d6fd7,5f5468f260d0318f55041e4d742bc846,1050,1050,f02babb3a023,0.9923
a5c9a8c726b2,4,2367,1,False,67e96a74984cf42db96ac6a476415162,64265451160667998bfa96455ea36cd5,1050,1050,9985375d709f,0.9837
a61723fc38c2,0,2368,1,False,5aae3bd77a050b2ddbb9a21aeafb8e68,98aab90cd60b0ec3c940575441ceec5a,1050,1050,b8dab47a260e,0.9921
a627eb8c08c5,0,2369,1,False,45bbdc6b98010112f187e4e241776323,c141831756dc4702407f63dab4970fe2,819,614,49eb73968c44,0.9782
a62e995f167c,0,2370,1,False,2923d6814fc02664b5efd98ac7b2452e,60fcacd8ab0c7fe39c917c1431f2b642,2048,1536,3fe282197c1c,0.9703
a62ea0043aa7,2,2371,1,False,8d813e43dc9ce4a30aadebbada737551,c6ae59465b7e82e81bc3bd6faf238586,2416,1736,a3ad6c2db6f1,0.9663
a6356a3c5d11,0,2372,1,False,072cff548ada4a558b6bdd1d6155de04,af90293fe2d8c2e44ead48b15895e0b0,2588,1958,63e041a757eb,0.8962
a64273801bde,2,2373,1,False,00e973bf2afe952a2d281edba2411b71,2a50fc832556b4cdd21de6c60fd0d2cd,2588,1958,248139c423c4,0.915
a646c084928c,0,2374,1,False,31965ba0980d07727a0ad74c6c4ce625,337e3cfcbb76459266ad60763b7f3451,1050,1050,a2b995b81692,0.9951
a654b25124c3,0,2375,1,False,d044e54e66bb21c7ed392f6f6434dfad,0a9cd4102a8b71215eb506e01c3a3cf8,1050,1050,00f6c1be5a33,0.9911
a664d2055886,2,2376,1,False,b380a009ac4396711e5de7d180422849,ec69348a82416041d611ef86ca6be14b,2416,1736,314862758acf,0.9575
a66c3165876f,2,2377,1,False,d8a98689b508ba7f548ea487c5779302,87cf4b5ce037c12fdcb73114de37a831,2416,1736,33e8e26a75d4,0.9571
a673193cd5a9,0,2378,1,False,dcdf286761041c5402e057d101b5997a,08428b8b669f5cd42f40f356a637ceb6,1050,1050,32d7d360d891,0.9818
a6731dd737af,0,2379,1,False,ccf7243dacd74d625a515f96d47f3adb,cc688d4b64313070d85179f05d14e818,1050,1050,8fbb2ca39911,0.9728
a688f20f8895,2,2380,1,False,9862d53cdeeae8b60cb114811b648ed9,8a4814c23f1c832b87c4e13ff47e18cf,3216,2136,e93394175a19,0.9797
a6b6d27c1b32,0,2381,1,False,76514040dcbbe9afa2e2d1f5ce7610c9,fe574194c8ab53d02ca563febf15a36d,2048,1536,2b5bb6d33959,0.983
a6c9e96a10d7,2,2382,1,False,c0c7f13fef9a0c2fba9f0672922331b2,610145c09aff8598a78a999cbad490b3,640,480,77543f66a84a,0.7937
a6d45de20e4d,4,2383,1,False,8bbc3adf64e8b09e573a8ad562b3c5f8,3d1f6e25a71d32d6c54d8172948dd086,3216,2136,4ed31cc07366,0.9466
a70d0f12a641,0,2384,1,False,c6574b4d8c744491fb8e7aec3d98baca,37541d66f23ca1ee8e0b4e87d68309ea,1050,1050,45369821d6a3,0.9922
a721efb1e049,2,2385,1,False,cf3c1c6ed1ff997f80d10c0c7ac92c37,e57f55930753324163e49698af37600e,3216,2136,041f09eec1e8,0.9766
a73c3d516c59,0,2386,1,False,b9d7a26a4693f638551dafc227ecf018,deea2a8b32a297c6c5db5c3ac1be5363,819,614,5056fa7d505f,0.8597
a73d012c4c38,0,2387,1,False,8656c5d6dd775a6aa3e1060c318652af,bca57fb50563b5cbaad9418e364ff0e2,1050,1050,81914ceb4e74,0.9879
a75bab2463d4,1,297,2,True,6b82af09990c57a676fc03856e4b3400,8ac2e81d3f89de566b20c404fc4acf20,2416,1736,1632c4311fc9,1.0
a76132e79688,0,2389,1,False,ab7148223018f2285297fe42e9648e24,eb25f5a141744558ddbd83d4b447b18e,1050,1050,cadde4030858,0.9906
a763661f98a5,3,2390,1,False,71c3e0e7dbb471d5707d223a06bea15e,ba6521da6057f940f344dc69a0e69f39,3216,2136,e23add229074,0.9645
a7673ac44509,0,2391,1,False,7f61b9db04b8317acd076b4001580911,ab6c5de8a20402f7cf9249ffe22db902,2588,1958,55f7f018c61c,0.86
a76b69e443ce,4,2392,1,False,84966f9b4cc97c4c26d8aa970356fe0d,e5089ca16924bf4c52468893cec342d0,2588,1958,a49b0b4484ea,0.8895
a77dbec966d4,1,2393,1,False,fd8b3a945eae1631c05f0a112d0960c4,71791ab104662aed0783dfff54014329,2588,1958,4fef9ed8a4c5,0.9106
a77eb914b383,0,2394,1,False,30a2c9878fcfaf0cf95fb18ecfce3957,d1214857e51ad4fd930d57bcbae8b762,819,614,6b07971c3bf6,0.8384
a790a3b36390,2,2395,1,False,956dc1e9d7f15ada09fbbe8e580488e2,dd8bfee63eef87553cedd8e0d00195c3,2416,1736,6d292ca4c9ad,0.9562
a7b03e58a6e1,0,2396,1,False,16f4b97a76e32802a5ff2eff7ea22654,33658e8c22d65c04dc45f0a91da3f374,1050,1050,7bc00e58d419,0.9915
a7b0d0c51731,2,398,2,False,700273276919a1b23331825d9b4e6108,9cf03ed4ee62385615946e9aac23dc89,1504,1000,1cb814ed6332,1.0
a7b7dc8788b9,2,2398,1,False,f2af48dca8f5541564089bac16c5b984,cb9b3ee01d38a1b389aea40dba18b22e,3216,2136,a8c54e2a4b79,0.9804
a7c10ca6c117,0,2399,1,False,a7053e09ee2ea68f9b96d4d9d9912ebc,eed3dd05cff35d2d59b27cc997a38762,1050,1050,04efb1a284cc,0.9825
a7ec056502e7,1,2400,1,False,a525167e627330319c85bee52988ce31,ec9877d0f21aebd86ac764532d54e153,4288,2848,e9ff9352ccb3,0.9449
a804cef3e51f,2,2401,1,False,ed87d208fb86e6fb54d7ea3b9ccee057,d0a5b6c98083a27e0af5e8855421719d,3216,2136,247ac63e5510,0.9806
a80dab8eddf4,3,2402,1,False,645acb0155de1527d196598949e436d3,91f2b402f49643c1d94b31e86552b3f8,2416,1736,f7fec8935126,0.9443
a81b06f50612,4,2403,1,False,85639d52a566bb5a1a068caa25a1d728,74926be22f94c60296a6f710416fc54b,4288,2848,06b71823f9cd,0.9215
a821b6ecef33,0,2404,1,False,f120e7d45439708391735fe088ed0f60,d1243e8db3e08c04bdb1dd74a292f36f,819,614,04579e31e4be,0.9708
a8263d248523,0,2405,1,False,d07513b85f8765649aa40e592a4615f7,dfccbf07d9955ecf9c10f40a970cbfeb,2588,1958,351e842842a2,0.9501
a82a12ad3fb1,0,2406,1,False,ab88c8260eb730efc17b2f319e8eee05,d79056fd277ee149452d5a2e9f323811,819,614,4cddfc22b0ad,0.8848
a8582e346df0,1,1730,4,False,7466afedd7c8d829f842228478bc65ee,59aab23abbf869f5753b7964b7f0dae0,2416,1736,7a3ea1779b13,1.0
a85cda5f725d,0,2408,1,False,d22fa74c0d9d146bf1542bc02f558b1b,9eee0e86243c0c9dadf41e9dcc1823c1,1050,1050,4cfd22ae43d4,0.9955
a86128b601a7,0,2409,1,False,0fbf22a955219c57a5a9f6ba961a08d3,7360ceb93ec2d4eb58d0dd6c0b24c418,1050,1050,62b4be2799ca,0.9921
a8652b2de23f,2,2410,1,False,d3cab8fe54bfac6fa1a7e1b88a35c83e,e69086626e404d1ecfea8a12cc3f83cf,2416,1736,a86c6283fd78,0.9242
a86c6283fd78,2,2411,1,False,0f708fb4550d8909c28c6e38897c9dff,5df148e70ca692722f2ad0108ac376de,2416,1736,f7fec8935126,0.9428
a879c3569552,2,2412,1,False,4453d8fea8986e2092ac0165809bf1e9,0809dd5c2beba5f90c8b03ce4b7ca00f,3216,2136,f47a2a4a0411,0.9586
a87f53bc984a,2,2413,1,False,e54ccae625dc7eb98dc1587b06ccc7c9,a379565e27f606c54fb98d9f3124105b,3216,2136,b468ebf5cb11,0.9812
a88365134c3c,0,2414,1,False,90bd96de1a7fb8200f6a380f5a9a1eb1,c868f021f9d5e7a96f339ac3f1cedd96,1050,1050,c18a006f7f1d,0.9886
a8854768549f,0,2415,1,False,fd61c343a550e10e92172d4221cd3fa9,8656a28283e01eccbb3f3568b937cd37,2048,1536,b72f59b85f7c,0.9875
a88f68b0b114,2,2416,1,False,a80b7d8de06e9d1f3567549f817d8f0d,eb63e06c65e6db1494b49e4726fe2748,3388,2588,f549294e12e1,0.9831
a8a6588c8eb7,0,2417,1,False,d386ad11ba2889254358d11c45fdb1d8,30595b375d9040764175139091867b28,2048,1536,9e99ae6ee7af,0.9434
a8aed92940fb,0,2418,1,False,5dd968252c260c7822d6a387d564c64f,6ef90e53a41048a18cc29675cb2f2b2d,819,614,e1c02f6c3362,0.9777
a8b3c0961d42,0,2419,1,False,ce82f4aeaf10487bf37dee6ae470feaf,61fcd00fc12a9f9fbcdb1cad6685c22c,819,614,ac0a48ccbf70,0.9449
a8b637abd96b,0,2420,2,False,6c6d0a03f7ddbc2958802f8de44d34c2,f2b18d88d47e46712544bc7c31814da8,2416,1736,e2c3b037413b,1.0
a8c54e2a4b79,1,2421,1,False,170cfbfcd857032e43a4c0d5e1efb21d,46fadf7935a94521ed93dbc17eb7b576,3216,2136,a7b7dc8788b9,0.9804
a8c950a99107,1,2422,1,False,b8f083c9c9454094a7870211bfb6fae0,4015eb39cdb42663605f0a4ba3ecf4fe,2416,1736,587146a55885,0.9297
a8c9fcdbc0be,0,2423,1,False,b8d38a7634f0a3a48b7bcde9cdf2c16f,0a43a1426082b45603babf4632996251,2588,1958,ad570b850a4f,0.9289
a8dea22ef903,0,2424,1,False,fbe9804eef55ac57c00b851ea38dbc5a,bcc33a01826e0dea491c29c970535083,1050,1050,04efb1a284cc,0.9884
a8e08e7fe016,2,2425,1,False,4b8d39c5bdab7f3e9a1a51d91e714a18,c67c1db7900f78ec898aa63e23b98b7a,2416,1736,a790a3b36390,0.9175
a8e88d4891c4,3,665,2,True,b7efca477da20c2db8ffd7a9a2867f2f,d17848d6c6d9fe6c7b3888f678d51b43,1504,1000,2f7789c1e046,1.0
a8eb35b3bcd2,2,2427,1,False,10eb063d684e8743fee1b5b978b4c2f5,8ee7e2c2a4ff606ce2272d078f144597,2416,1736,49c5e7f6b8d2,0.9801
a93f1ea3ff4a,2,2428,1,False,ce3a5ae7cf46125dc97a4857ae588e1a,10386b608d4ba96c92ce924befeceada,3216,2136,9033f1493da1,0.9828
a94da3d3b5c0,0,2429,1,False,326e366c4c22e4ad4314a6aad541e648,a44ce55a0125eb38f53e2df0f87bf53e,2048,1536,f0267c42907c,0.9801
a95858e052d6,1,2430,1,False,d5bb5401fd6df35d4ea9c4e35dc7e00f,f5e857a246e5b67b85f969c341d848f2,3216,2136,4ce74e5eb51d,0.9865
a95d9d61ddd4,0,2431,1,False,399a4e1c4aeed55208dad2f8ba4d20f4,767aa47aeddf9fd322012d88536b40d0,1050,1050,0ae2dd2e09ea,0.974
a963ac561580,0,2432,1,False,e846a5123a0a6c3de8cbab1c760462ff,6d1e65b95e3fcc3787ac97266317fa0c,1050,1050,bb2f89488ecd,0.9779
a96ff96bbae5,0,2433,1,False,a5e9ad191a2a1dfb3e5c8f842b2d31a2,e4b98362861312d2c5c4446f47fbb0b3,1050,1050,8ead8f37423c,0.994
a987aa7aac37,0,2434,1,False,dc62d64c2ae0daaa9b7007847496f72f,9f483dab57dfaea0784a12d53ac595af,1050,1050,4409965eb2a4,0.9934
a9a28c37c8c4,2,2435,1,False,8d74f63dedd51a0e6a64080ad8e1d38a,b80f99684cf535dad21d4b781ae4056d,3216,2136,f460608cf4cc,0.9708
a9a3225cf4b5,0,2436,1,False,ddfba25e3ed557a32f3ff1d7e76370d9,024cc4fab8f739382b76d54200d2dd60,1050,1050,57a710de68a4,0.9876
a9b3177f01c0,0,2437,1,False,f5b76fb5ae3dd9060b2fdc75c257a102,82366f0c84e8e5e198b985bc5643594a,819,614,8f06ca4642bd,0.9664
a9bc2f892cb3,0,2438,1,False,dae2e8f6a205ddfb67195c00b21617e2,6af44f5bf82700022d19f9aba8945cb6,819,614,84b472c49cfa,0.8764
a9c7b83caf81,2,2439,1,False,c3792078ff77096f22e70ce9e7771746,b6ec89941b61868e239f318459b50b93,2588,1958,1ec95179cdfe,0.8498
a9d0c900b6a9,2,2440,1,False,ed86d0040ce56488b157705895c173ac,d8f79cec1dda8e649585db12af257a13,2588,1958,bcb0498ed2c1,0.886
a9dc80cba9a4,0,2441,1,False,462449908b5ce523695ef9152be76f98,29e6f1fbbe294c014e8fd464f4e2d193,2588,1958,41960d5f58c2,0.9023
a9e3d186cd1b,0,2442,1,False,99fb0e38e485a76b81d80c955e3f7fce,2e896984d8932e92914629e8f1c7443c,819,614,e2265c383348,0.9814
a9e984b57556,3,1362,2,True,d4fde9f76b4e7cc88059684cf9dc0ed2,dbb69ea1874d3d4447c97a1f789cc9c8,1504,1000,5eb311bcb5f9,1.0
aa0afc41ed19,2,2444,1,False,c8ee56249cf2960513b13dc5cfad878d,30b08ea3e04a4c6bc7855298daf9a127,2416,1736,a32b5ce3d48a,0.9653
aa10a4b2e709,0,2445,1,False,5a6d2ef288ceca6932b3ff1b329008c5,4ab1dc82f36fe8f623fa284b6ce7bdbb,1050,1050,a88365134c3c,0.9865
aa31bc6b8f4d,2,2446,1,False,3cc5d4b2019da888cf2c4871ed8886ed,9e465d5fcad9aa975556b3ccbed256ea,3216,2136,1ade1e949383,0.9714
aa4407aab872,0,2447,1,False,ad0508f78907e33d7ede9b017f71dbb6,d34516743c3589d0a0cfd050290accd1,1050,1050,f5c953bee7cd,0.9894
aa5ce75edcf5,2,2448,1,False,3ff0b7f0b6bd1e68bb194e58170ab513,117909c875b94c2ecd618fb229b21681,2416,1736,8d3d67661620,0.9527
aa60813e1a8d,0,2449,1,False,6347765381af5666030b6e881328a14e,ffd33c54999b88cde29f9a89d74a5bff,2588,1958,0e82bcacc475,0.9387
aa6242f9e08c,0,2450,1,False,8477ba5d1a01706dc1d04f8227b273b5,fe98229e335ef0f92018e63ca81648e7,2048,1536,3c326543fff6,0.9713
aa6673241154,4,2451,1,False,077432c187d0c5987567204dab14f4f8,84f6e0f28553cbf0ad12e72b6f70dce0,2416,1736,d9ba044671e1,0.9692
aa841de1ee82,2,2452,1,False,a0d9e3d16997e091991ee8e5d58655eb,b6a01ea54eb73de51a896f15c86a0846,2588,1958,a188c60b93fb,0.8922
aa8a1e814811,0,2453,1,False,36a39962f6f54d38a6f1f217d2510c73,0e9eee09c7bfe645e5302a18ecc9e008,1050,1050,462937ece243,0.9842
aa94cc4bfd84,0,2454,1,False,43ea326d1158df7f7dfafe277aa968a8,5f304a22886e2c8ab0c877d35385164d,1050,1050,6e44f6d04fc9,0.9914
aa9b8f05f4bf,2,2455,1,False,e8019ffc3523bff07cb3b8a3b5d4c37d,8e56a58ffa53ba3254d5b036548b5129,2416,1736,4ecd1fdd1435,0.9701
aa9cfe639ef1,2,2456,1,False,05eb15784d0fa219fc78474302873dd0,ecf9ed36c89d0c37bf80658c86e9f825,3388,2588,99ecdb41d5e7,0.9533
aaaadb174012,0,2457,1,False,5b0796e2b0432b65e9c12b1c9cd591dc,00203cbb1217f2ab210470f1267cc10a,1050,1050,4205e9deb058,0.9947
aabd867043cf,0,2458,1,False,379759495eccdf87b7dffd431bdb04f8,0c0cdb994ea3c4da6c5eae983a731ff0,1050,1050,6d4f6c9a8406,0.9925
aad0c0ee9268,2,2459,1,False,9132ed2e577b2a6d8c4fef78b84689cb,408929356d20f102b0a34b76ae39f303,1050,1050,0423237770a7,0.9883
aae8f9f3ef8c,3,2460,1,False,103204ee1aa38d1ead4c4fd3780c74e8,78406165b2e9b75b3b53864f00bbe7f8,3216,2136,664b1f9a2087,0.9649
aafb0c944f14,0,2461,1,False,28a838dc5a05d45e82b9a2f10d7c882c,fbff5c00f3d709f1a4caf0f48f6247ce,1050,1050,3cab32dd6ef9,0.9941
aafe980edd0c,0,2462,1,False,3a71c9c016a1d9f44918a7c33ed0197d,4379471107c7773556be341f1044e6fa,1050,1050,3cab32dd6ef9,0.9946
ab03d50bba2f,0,2463,1,False,1c20165f8bd94661fce6266003dd50e0,2f5c57442531ad895b9fa09fbd32d207,2048,1536,0a74c92e287c,0.977
ab1c20a94f3f,4,2464,1,False,708c323e81cb6abc201e1249ab4c36ff,8cbbd3e5a2ec2e790b3824aad4cb1ce1,1050,1050,9bbb6c455913,0.9475
ab32db41c409,0,2465,1,False,136128fc43c031cf6e1b989af0d9a049,b7303befbdea78a90c82f55e8c0a4eb6,2588,1958,dc6fa1b38b83,0.9143
ab3c505b624f,0,2466,1,False,997ac61b1111222f6bb5911bbf8134db,37deb0876b713b982f3c41f4a57dd50a,819,614,f0e1201b5c1f,0.984
ab50123abadb,2,1818,2,True,374fb66d60f97af7ff2c679f81063fbb,d9b849135903566b335b6d4c0722b298,1504,1000,80964d8e0863,1.0
ab653b8554c0,0,2468,1,False,82f56a1d71132b2e578440fb83c57234,7cd9264fb7de6b82fd1af960b03671e5,1050,1050,4e54ccfd49b2,0.9954
ab686895533e,0,2469,1,False,a97d0bcfe7e0f1c4b09e7d21ecb2f214,a05a9e16bdc4324c7c08a5cfe7018483,1050,1050,ca2b54b95ade,0.9889
ab724603ee93,0,2470,1,False,15b46b54d94e6521c0dc3eb952bd444c,683fee1c497b4ccbaa2180394791b9c0,2048,1536,898f0bc8acfa,0.9491
ab78a66dee6a,0,2471,1,False,358ee8dbb27c8f9407f8fe92b2dc5b71,84feaa2809eac96ffcb5b0263e8aea1e,1050,1050,a1eb88562239,0.9927
ab7991df166b,0,2472,1,False,110f96d0ef924adb57a27236b38170ce,a890c168b224d034169aeea9c745485e,819,614,215d2b7c3fde,0.9503
ab88081e5654,0,2473,1,False,ccd9c011f4a04a4a1beb008a87896403,b75cfe438289aa09079e4c4137ef9df4,2048,1536,9c6512166557,0.9678
aba3063c5413,3,2474,1,False,1fcc40936f6a1220f03281af434502db,cc45b3932d2bca2c7bb1f3126c3239c1,2416,1736,42b08dca9b2f,0.9688
ababe19ed448,1,2475,1,False,740b4b709c71e37ab547921c308b6407,5b0518aa212342fc6439d75e7e947542,2588,1958,0fb560f9adb2,0.9201
abbb8791785e,0,2476,1,False,84c48077faba369dbc11c740fd4e33b6,670d652704437c34bdf4bd720632a063,1050,1050,65f69234c8a7,0.9925
abdb365cacbc,1,2477,1,False,61d4261984ef9ef07647ef4b35bba61b,65029b82d5ae755ad575e1b722dfc36d,2416,1736,7b20210d9120,0.9793
abe940882578,0,2478,1,False,2f99f90525401b90841e0e189c3ad5a6,a7b5079d2ed423f808adbd445fd45c3f,1050,1050,357f02a779d7,0.9877
abf09c44d5f4,2,2479,1,False,ecfdb68ebc72697f618b3fe0c463940b,ae48b06c3d07df23deacc25dc8daf85d,3216,2136,6cbc3dad809c,0.9734
abf0f56c6f12,2,2480,1,False,7cd8b87e27097d46a8a5cdcb73834006,f99c439e3ba7dbf9978b4f909d3823de,3216,2136,5a5d3798c357,0.9847
ac0a48ccbf70,0,2481,1,False,2f0e9e7d490359152b65aa0dd0d784bd,0591ffeaaacc291d487590c0f22d9042,819,614,a8b3c0961d42,0.9449
ac1667fac512,0,2482,1,False,75724b6d2aa67b6fe9a1678c996afb69,2b13cfe2ccdcd03f421cad92bfd8e1aa,1050,1050,79cbae28d8b2,0.9929
ac17cc18a994,0,2483,1,False,29bd0ee28dc87f49aa4ec8f81f342be2,339d52b5810f82b04fedefa1d2bab100,1050,1050,d1a60c3b9fe5,0.9945
ac2c814949f9,2,2484,1,False,a43170958dd1847682aea0859e0cd3e2,eee3d2e59d51c85bf897988260b35f20,3216,2136,8eb3337a54e9,0.9669
ac5b5dddf91b,2,2485,1,False,7e56375c84abf00da097b0707d17f638,4868557ff659c6dae0b328d437aabefd,2416,1736,d10ef306996b,0.8803
ac720570dd0f,2,2486,1,False,3f73944a150d9209fddbae3ad7c47e8f,6a3868dbd8b1d53f9c30b92ef49926e5,2588,1958,fc4d69128e7c,0.8965
ac81fc200162,0,2487,1,False,a59354a2b59f4a0c3208d101d857f77c,1c969bc56065aa17c39042b54089cb9e,2588,1958,5090917a2676,0.9601
aca88f566228,2,2488,2,False,3b0291e1bd8aee40226b1808c916eb8a,862855e6645454637749dc8affb29b67,3216,2136,c05b7b4c22fe,1.0
acc9f29538c4,2,2489,1,False,50e3984d6a5342deae627833d5cf18a8,4a3f31810a33de6dd09f0e5222f9ce79,3216,2136,331b87d1b9d1,0.9698
ace2281f00c4,0,2490,1,False,780e775a4f6c48a09cb672c7f2bc74e7,bcbfedf02cf95151c8ec190cdd7003b4,2048,1536,ee77763a6afb,0.9817
ace287a5c991,0,2491,1,False,beac5bee39285d12a6a69c3f192b04a1,41853c35b8f67b076aeaa85a8aba6bd6,819,614,9ed6c2b25767,0.8645
acf976efd7ce,0,2492,1,False,60819d27f69c29c06494e375bfb8a932,b875eec7b4e4526406ce2308019aedb4,1050,1050,8241e43408a8,0.9913
ad029ba7fa8b,0,2493,1,False,126d23a5137e8f9d363309e1260b252d,9f1b98f3309d9ff0870f521b6a5d018c,819,614,b21abe5d9722,0.9765
ad12cde115ab,0,2494,1,False,41805c7c51a54e19f022a04ebdd54d7f,6c81f814c9b760c0614dee380ff6d0b6,2048,1536,f42b693a9414,0.9578
ad1aa75d5630,0,2495,1,False,0735b7859f70404d21e3f4f21ad38d0d,79a24520f7cd341713ec40c8c8a44860,2048,1536,c013e869acce,0.9843
ad1f7445b1a8,1,2496,1,False,7f82c37bab4fa22328629427bd4917d9,099341e33fb5aeaeda0cc89d0a557ff4,2416,1736,efff2f1a35f5,0.9799
ad20080452de,0,2497,1,False,5eb354c799cc2fcee852ee72a76e2d7d,c4523f16636de20a0ef0eae63c3826b7,1050,1050,691eeb59b4cb,0.9943
ad2f0b9d059c,3,2498,1,False,b02fdefda9d59112df112070e2f87f14,2f8b809fcde864f2c21be92cbe297674,640,480,1dbdc32c17db,0.735
ad312ca98202,0,2499,1,False,45295dd099fd3852720c4423590a5629,64930c908c752635bfc1b57d3619b07e,1050,1050,ebf4b22240f4,0.9916
ad3fc5076852,1,2500,1,False,ed940a183a253ed93949ed5c7c7715dc,5d164799132741db5b5265e38ce9a703,2416,1736,30941b65348b,0.9618
ad570b850a4f,2,2501,1,False,9448ebc1735efa5d8f653594840eaa55,afd1e05aa139aba1c3ac9c61c463a372,2588,1958,a8c9fcdbc0be,0.9289
ad6b07d5c338,0,2502,1,False,f5d6ade4838e58f3f6553123f597b8ab,9256fe0d2513a093bc5a929e1641dab3,2048,1536,48a45619d1a3,0.9814
ad93d88c87ea,0,2503,1,False,98d651c84d2e70743744d32be9a63c11,64019d164025fa5571028c74ac146244,1050,1050,96b5474ae604,0.9919
ad944bd56bb6,0,2504,1,False,84f1d84c55c8977e61d8e06ab0331f70,af4314c2fa13e5f32f531f2fc10c0292,2048,1536,98d41bce73a8,0.9835
adb56cecafaf,3,2505,1,False,6e12e80152650ad7500a1ce5c0c45489,ce9eb750a38d7c03ea6f8f735032cd50,2416,1736,527bea76116c,0.9301
add1d681d712,2,2506,1,False,ae50810079abe56a6b3b03bbd0ba2b2b,cf07ed543a8e5a5a542f3a249c27705c,640,480,441affbe99aa,0.7841
addf66a50f42,0,2507,1,False,48818cca260aea8228bc95567b3241c2,7903f2d48551c67614d7a9058ba7913d,1050,1050,55968f0e63c4,0.9935
ae1344610ebe,2,2508,1,False,513ee4f5f0e9f5f8b21614a13dc706ce,205d92859e4688d32d8bf428a5f44f56,1844,1226,1efa5d443707,0.9692
ae20112e7a1e,0,2509,1,False,a83ce852fef919a2102c0e064935b0bb,266d908093a29f0e2c2e2d022bf4d06b,819,614,a45c30da0c72,0.9576
ae2c3f6312ef,0,2510,1,False,96d36ce0e18ef6465e233dedaf761a17,fc6661ca6effe09f6fcc0757a25f2321,1050,1050,50916d67bb51,0.9912
ae2e888905ba,0,2511,1,False,12d0b1f3d4f8f2f1f4e6b656896559e9,42f81a9eb28f1a438bbb170012ca492f,2048,1536,d26bb2ed6e71,0.9594
ae49cc60f251,0,2512,1,False,fd6cbc15319acc384706aa176c4056e8,9e86d656779e0ef2efc0a44a68c1590d,1050,1050,5728b8aa98ef,0.9923
ae57c8630249,0,2513,1,False,23a7756778506e2a92a2946cf12774c0,149ab9a8ef356c6ebaa9f453fcd5ad75,1050,1050,bacfa2b8e706,0.9881
ae58ccb5905e,0,2514,1,False,eed9a353dc9fc8bcfdc91fcd9f60a7a1,dcd8720d18960ba240a6e54ebf02887b,1050,1050,53273d664cd8,0.9906
ae5d31979f19,0,2515,1,False,8c73e9306f8c2ee23a204a9fafdbf3e3,f92e9facddb21dd0604cbc61bfa2c0b5,2416,1736,1c0cf251b426,0.968
ae61e19fb766,0,2516,1,False,ec6bbc44e873fc34df6a600a09ee4289,9653063952d86c655eac9dc6d8642bef,2048,1536,9e5737f771c3,0.968
ae8424cdb029,2,2517,1,False,731920d7fbce980d03ac62a1db04aabb,879e6b7a7c6f1ebea0f2a431c87ad200,2588,1958,44976c3b11a6,0.9409
ae8472f8d310,1,2518,1,False,257504c6360ff5fa80b499e4b8a55a57,3e4d8ce929a9465ffd755a07de5cc046,2416,1736,f7fec8935126,0.949
ae94ce412de9,0,2519,1,False,27a09272e6885c2ea067f4dee21eb4ea,408fa296f4cf72eec8812f3d13e67eb0,2588,1958,c1437a7a52c9,0.9412
ae975c43bd8b,0,2520,1,False,b8630e809e9c7953232e2c51605ee9a7,099e031c89a0f0bc03adc87da7374127,1050,1050,c56293f53191,0.9928
aea59ebec445,3,2521,1,False,bf4c35896ef4cbf266336408b2cf6a2e,89a5319fa3c3d51befde62df69dda8f8,3216,2136,d2ffe9287dc7,0.9348
aeab0a63bcaf,0,2522,1,False,e52cda10dcf832ac1e1eae9b7cb0a31c,85c6ed2fa2e0c9b616b5ed48311fee8f,2048,1536,f2f569a64949,0.9878
aeb6f4fd2eed,0,2523,1,False,f3167d937c3838675e920920bd951461,0797ae49ae30584f8a4cf577e8f3d506,2048,1536,4a4cb731f91a,0.977
aebe87a423c8,0,2524,1,False,877f11638f7ff4d7e3d85f566deba3e0,cec9d4c8cafc8b1578b479b17b54efc7,819,614,a9e3d186cd1b,0.9789
aec51513cf45,0,2525,1,False,c9b534546018e68425e0a87946d4ad02,9f2c8a2c2beab5b425f65c74d5f07757,819,614,65cf00be6fb4,0.9712
aeccef0bdc26,0,2526,1,False,d306cefc2948eb65ad5c622e73a531d2,2e389b003d00c049374eba8f3c94aa0b,1050,1050,875d2ffcbf47,0.9908
aed4e743c230,2,2527,1,False,68df4eb00ab505ff9da755c54b1b5a4d,134046bc759b2a5196ba3f39d28ec5ea,2416,1736,f69835dc7c50,0.9581
aeed1f251ceb,4,2528,2,False,b22bb5d93f07a39b8479ca6e3ad8ae5c,b16a081f5e19602eda4d398df6e9be81,3216,2136,c0e509786f7f,1.0
aef9016557ca,2,2529,1,False,667091b3b904537864b9526eb65f1dd3,e078725171208198f67b8de4d379a871,640,480,188a9323be03,0.7582
af133a85ea0c,1,2530,1,False,14be75457092f0c340ed3f21e9ea14ca,adaf8eea1e0444606d4b17d994331bdf,2416,1736,e55188915f9d,0.9351
af345c68e836,0,2531,1,False,88c60fd123caeabc8756a689e67b429d,c8b46679acda3307fb3b49ddb6d0f635,1050,1050,28503940d10b,0.9908
af3b0115aad1,3,2532,1,False,0b5ee166e09f04c319883c6309ffa888,1a7604552e2cb46134cebadac4bef61e,2416,1736,1c4f3aa4df06,0.9478
af5a0bc4e1fa,0,2533,1,False,926855d1a5496fc4672cc0da847ff3d1,925c563187d25c08f3396faed39e704d,819,614,0fbbd665431f,0.8867
af6166d57f13,0,2534,1,False,5aa2d6e02d9a79ee67057d3839f109d9,35ca627f57140bb71ad436a393f8d43f,2048,1536,5b2648ad455e,0.977
af6a1508cd95,0,2535,1,False,821b49790f287e8c315db051039ba9b9,3aaacc8cdf1383361e0105e1edc12a28,2588,1958,788ddb0b70b7,0.9419
af7a36454670,0,2536,1,False,6ad4afeef0c29cd26787d50abae4567e,befb6993abe1d6cc527b73a36df7a5f1,1050,1050,d9ad2a0ec026,0.9961
af828dab3ffc,2,2537,1,False,699eb5645d30c3772b16906377be3bc1,6816abf43cfce939da67fcb70256a880,3216,2136,0da09e3ce8f1,0.9818
af831c158744,2,2538,1,False,ca1bc47aed48b5a301513fc4b79f723f,af58bae8a5b4f836178610765141864f,3216,2136,a87f53bc984a,0.9645
af87d48ffe01,0,2539,1,False,43aca4698f191be7f6b9a09df0f2759b,8d4274d3504b8087110954dfa67499db,2048,1536,7c3747c0b2c3,0.987
af8aa32beee4,2,2540,1,False,1379b7b6d7ce89d01f21216d9cb96bfb,63cc395362f83a00c1ee39c331677256,2416,1736,89ee1fa16f90,0.9599
afc345cc9145,0,2541,1,False,232b4628b88c86a4184ceef018dfdbba,6d117934bedaca69c24b895c629cebc1,2588,1958,b3819a805dca,0.8671
afc744fad65e,0,2542,1,False,3307c3c88dfd4a85350bbb8dc036742a,a103b5b2e44e0a154611fbc71cc4129a,1050,1050,35cd9832fc0a,0.992
b019a49787c1,3,2543,2,False,04601b7be1e047810153a436dec370b4,bbe6f9a9bf095b496167547fb59ccceb,2896,1944,e1fb532f55df,1.0
b033ab4fb723,2,2544,1,False,b51944129e1af813c8eb257510f2a060,b73dc6c36e2304966d12f483cd0a5f30,1844,1226,bf1b7e21e774,0.9571
b05922e7abd3,0,2545,1,False,6c5daac78a9a7673d2328115e736d26e,a29084dca25bd7d4f374a00b922bec08,1050,1050,a1822dd8d05d,0.993
b0619ca93a5f,0,2546,1,False,7014d9d152a914df70e34b4cf1604155,e3ddba8960a9e083642095b3af8b50c0,1050,1050,799214e8b07c,0.9922
b06dabab4f09,2,2547,2,False,4a705364c825e1b27d8a1c1a167a64ce,76ea22f0d48f5c65c30b9f3f32b517cd,1504,1000,d144144a2f3f,1.0
b07bc463b718,1,2548,1,False,898e7556ebb552e91c0d06f4c69fbb68,1ec2d334d3e5256e0e520ef798fd42d7,2588,1958,8ff863f8874f,0.9346
b085caa513a8,0,2549,1,False,ccaf4f2b46926d612cf8615ffa51310d,72aa42dc281edfcc506f1c3a96692f24,819,614,dea7538bb91a,0.9348
b086c7cd3868,0,2550,1,False,78fcf2bf85950f3a1440e769922b0f6e,af01eca3b604897b24d9cd1ef6a263cc,1050,1050,42b9c1977681,0.9936
b09101adb478,0,2551,1,False,532d0825b0be0bfa211cc53a2590f88b,e052935cc328663b1ea59ba55ad2303a,1050,1050,274f4de2a59d,0.986
b0acd3593310,0,2552,1,False,d87e8fb09aa98708897a0f3b68d8f25d,a0265bff58cb5dfcfe0498864c27e7bf,2588,1958,276b14f72328,0.9446
b0b3b16fc305,0,2553,1,False,96883f9c80592db13562fae25ec64837,a86af6defe6fc52f41fa3c36bf5a0558,1050,1050,ffd97f8cd5aa,0.9895
b0c9a492e068,0,2554,1,False,8228e4aefa7e214cd257b4592fbecc49,0f8bfe6699bf09b9ab0c0d53e3f7b045,2588,1958,2d552318eb07,0.9026
b0cc9f8d06e4,2,2555,1,False,c1590ea3c3df572614be8b407ae96364,9babe8ea683e80a2b11249018a940487,3388,2588,e7defafeb957,0.9595
b0d35981708b,2,2556,1,False,341485a55958bfc2e6717c91ddc03649,8030f4c624ea6ec390117c3d645102c1,3216,2136,52886bed8a07,0.9799
b0d6417bad3e,2,2557,1,False,543ce567ae5f333ca45ed1b0dc2792b9,42ce935bb763a908c09fd1e17ba4cf82,2416,1736,e540d2e35d15,0.9719
b0eeae01b8ab,2,2558,1,False,436c16d7086b8deafc2c4239f1bb0385,75bb8b723cb4a2fddc4eaac64d3267d7,640,480,453a1e2754b2,0.8925
b0f0fa677d5f,0,2559,1,False,56914304426a7c660fd97dc95d4a8fa9,f84ef8bdb1e80d49b811c21e3b402381,1050,1050,3af9aaa880e9,0.9909
b0f8613305a3,0,2560,1,False,2e0bd2dba1bc448596b77772911b3a99,b88d02326add126320836f123547893e,2416,1736,da1fb35f5df9,0.9622
b10fca20c885,0,2561,1,False,da0a9d394d649173521efecbae55022c,13a10988a3c3adb6fc077990df75ed32,1050,1050,28dc010a0780,0.9896
b1197f2cc9b3,1,2562,1,False,4a2d79dbcff7c652a9e0a7e2b710148f,73871d96e950bf823309c55339f6578b,2416,1736,a8b637abd96b,0.9731
b11dcdcbc8c8,0,2563,1,False,605a7208a85b7f9ba6141560a9ca266c,ae7cd91ff72e8504657bb3e02c92eb5a,2588,1958,1e4b3b823b95,0.8817
b13d72ceea26,2,2564,2,False,2a8b966c339427f048e994ba0e0e4e6b,5cee25a43977ddbf4b5e43aa1b1ab47a,1504,1000,da0a1043abf7,1.0
b16dd4483ca5,0,2565,1,False,85ff8dce05d13c0b7d97a0b50f1a6070,ce33c777ed402097f167ecf208fbf44e,2048,1536,830e297965a1,0.9869
b17f0b81dab3,1,2566,1,False,0e23361bf23ab85233097cbd33a6f66b,6fae97d32bdbc9b321c651969dd3690e,2416,1736,9eaf735cf01f,0.974
b187b3c93afb,2,2248,2,True,2a613e17fe7eebeca8a21ac5f46e8ec2,cbeafbfa5a6b5fd73042107dcbdcdc8f,1504,1000,9e3510963315,1.0
b191ba0a2b12,3,2568,1,False,13da0ba4fe5ec94893450fe08110dc62,235e65a5737368afd4879cfa6ed4046e,2588,1958,4dd5d5ccddcf,0.8833
b1b3e7d0a5f3,4,2569,1,False,bf53e1b74c9878e832b4b083195c67b7,0105a2bab00dbec261f7263262034e94,2416,1736,bebb3f167654,0.9218
b1c6f0997e27,0,2570,1,False,1b2c6c88a2890f08b1508bd07c357b67,803d48cc41f57294febb2f1908db0c87,1050,1050,4409965eb2a4,0.9943
b1f4122fd36a,2,2571,1,False,2ab6ef83f263aedcb37b181e92e53edb,2e55af4fc41b110ccc341c9d2c417f0c,2416,1736,a8eb35b3bcd2,0.9683
b200c23b299b,0,2572,1,False,87cc9f5d70cd0db0c83ad6c126aa4a8c,e32c80a015437f581b28bc06e4d42ee7,1050,1050,9d1feed37610,0.9894
b21abe5d9722,0,2573,1,False,e35e0d12849183deb0607936be011bb5,6ad2962f4d0a1948bbac9695f698a03f,819,614,6180920bc224,0.979
b22354b5f94b,1,2574,1,False,73847600cf478501b700931510084e4e,84a47aad1078aa8588b84122c99ff018,2416,1736,382752f6694a,0.9388
b22cc1bf0b8a,0,2575,1,False,42f40a9a58b52caf5456f7b694c15e91,8e50d1477ba1df46ef4ad05d85f32fa5,1050,1050,45693d027798,0.9886
b2748ac28fc1,2,2576,1,False,8b15ca45e4e475bb67cf36c12fc5af27,23bda94c0d19663d25ead53a2494348d,4288,2848,10f36b0239fb,0.9641
b294927b14b0,0,2577,1,False,6613fccecee0824896695764b3e3cdec,cab47980648f34e65f62b66df220e20f,1050,1050,9122b31414d3,0.9923
b2aaa81cc8f0,2,2578,1,False,4183a68caec2537b50da356d5f107b8b,0bf807abaf7a1a65fa57a3121a8e0ce4,1504,1000,ce887b196c23,0.9076
b2b79b37d314,0,2579,1,False,e91a5c3252de408a35910d83be7a7eea,307df371acd7727a8b4968a8c3bd30fa,1050,1050,3c28fd846b43,0.9938
b2b7ccd34cbd,0,2580,1,False,0556b0df6e4510ca7339648709634836,ce9dcbac3e1ce8ebe83417eae510421c,1050,1050,b92eacd1392a,0.995
b2ffa3e18559,3,2581,1,False,6e931bdc3107da994083f857ddc9c302,20c46036d8a3f4ea26a9adab4de60be3,2416,1736,cbf0394039f8,0.9287
b310bd564329,3,2582,1,False,b83b889f57c0a308b4dedf67445e807e,e916b256d035f6c50c27f7240176123e,2416,1736,f55e1d2a19e4,0.9712
b351ae99413a,0,2583,1,False,6b5d2c14ccdb986588e9069473e53edf,ab9e5fd34036190edde19fb469bcd648,1050,1050,64b9206afb3f,0.9882
b35cad8fe2d7,0,2584,1,False,45483435fce216d20a72f01cac7931f5,577b21348c3ab16f59784e864f9b940e,2588,1958,c7c3d363bc86,0.9108
b376def52ccc,2,785,2,False,4a1e67e016810e9c9ba08c9ae8be1b98,96f045782f1817ae7409c158af236129,1504,1000,38487e1a5b1f,1.0
b37aae3c8fe1,4,2586,1,False,bf88aee98ecff8e2f87bd29d873c18dd,7301ff36cb7b92f609e8ee751f4af253,2416,1736,6d0c0531083f,0.9461
b3819a805dca,4,2587,1,False,b9cd00fcb08398c67c5efdba4781afa9,e3e9056ee33bf80853c617fee4754dd3,2588,1958,21d18b022429,0.9042
b3a994760537,0,2588,1,False,30c639bf048a1674d23b08f4b12e2e03,40147aecf8cd8450102316cc00541287,1050,1050,1d37f1c8b6d8,0.9888
b3c0c3330278,2,2589,1,False,5d35b3debd8d17fd0b795df3627803e9,e8b87acd1b812e58f264c08e54535b38,3216,2136,b1197f2cc9b3,0.9601
b3d12069e1c5,2,2590,1,False,94c46c719603b4f67fd275d6cef228fd,580079b3ab5afd7878534a19b01ffecd,2588,1958,c58971bcebb2,0.9423
b3d135bd3bb5,3,2591,1,False,d71feb73c824c725f1e15e7467234f18,3ccd0a71f1a0e14b0c6aff29181888bc,2416,1736,7b20210d9120,0.9199
b3f31c371e59,0,2592,1,False,885c1cd309438b7b95875fb400b50db0,e51867f4a484866fb7ccf75a358e1dfe,1050,1050,691eeb59b4cb,0.9912
b402b18d99a5,2,2593,1,False,5874e463b2a042bca65e3b0b5ecc65f2,1c38728c7b9334de08c227769ca47e7e,2416,1736,58184d6fd087,0.9759
b402daa0864c,2,2594,1,False,4673fa20e24c013bba4635c817b9f24d,1cd54675f97e810f36906cbdc24554a1,3216,2136,fc603cbedb41,0.9526
b43440c6ebe4,0,2595,1,False,61223769877b09e5a01e347748ae9dba,63689dcfc8c79d3bb2670d12406f7ec8,2588,1958,3435fd8675a2,0.8173
b460ca9fa26f,0,2596,1,False,0758e75b13eef4d510373c1a154de473,54446de3730eb8640d2b5b9148be9d65,1050,1050,f00ce9b9d6f4,0.9961
b468ebf5cb11,2,2597,1,False,fba2f497209a49e713f79f17f4d330b6,1a660744b4b3105a071c684d0e797d9e,3216,2136,a87f53bc984a,0.9812
b46b09a45f39,0,2598,1,False,78244612bf14b162d386d61bec0a5b55,a8f187f2f5fa1b6bdd1e1c2cce870500,1050,1050,310c27067ac0,0.9857
b498b84d383f,2,2599,1,False,d69f74cef2cf3084a68a2bee53d9e2c4,bd37cd88ee7d6b8dde0805eb60e56d82,3388,2588,2d870833c0c9,0.9334
b49b2fac2514,4,2600,1,False,2a60be575c321b826149a4fedeb12961,9dac243fdf02acc886beb3106bb67ee5,3388,2588,a15590a7d774,0.9643
b4b04d81acbb,0,2601,1,False,8a6da415b04974d00fd2dcf4ec216819,1f206950912cf27074ffd31f1eda8645,1050,1050,42b9c1977681,0.9896
b4e15102cd7a,0,2602,1,False,c08c0d06d291379868a962dc0ee8ff05,b13b91946ce70e10e80a094983e09452,2588,1958,9568eb7e9c08,0.9294
b4f41b5bf0ef,1,2603,1,False,52cdc4bca101237436819dcb489ad883,e3a5380d71ae7995edb3480fa0d76fa2,2416,1736,92f313287a29,0.9388
b50b30aa6e6c,1,2604,1,False,b54a661170868a2a55c567cef21890fe,c2e03190934b5f94954be28187cb8e90,3216,2136,6fe67482bfae,0.9881
b5204c0decc7,0,2605,1,False,6b9d89098f4e47c1812fc22229913305,5221186de114c7780edaa605fcde47ac,1050,1050,ea7e21bab610,0.991
b532dedd928c,0,2606,1,False,58e97ff56cc3f4f50b947cf6f9a11c13,21a1244d0ce540137b871977baf1b7c2,2048,1536,54b322c66d01,0.9754
b549af91bd30,0,2607,1,False,6ac8c1997700dfdb0dc275db41749180,6f188837a989309346a0292ed036580f,1050,1050,9de9421f17e3,0.9867
b553e7909535,0,2608,1,False,94d22d1d5a9fa9c47fdedaf1df844178,592ffe15a006e9a43b39fb9c7456cb5b,1050,1050,c4aef0d88d1b,0.9818
b55d2ddb3e75,4,2609,1,False,9028bac426ab30f0ae14bacfa1f58c4c,6d693e9321e9b8400a2895d9ef06ac03,3216,2136,bfe467b7e997,0.9732
b56340f472d2,1,2610,1,False,085ba3e5ae80647a22422f83b9faf8be,65c94b9e3752e5f94bed0cfb22ef8c59,2416,1736,cb02bb47fdc5,0.9394
b574d229ec4c,2,2611,1,False,84bc08974e78ef478691318247e53e44,32e7efcb0c0378238159bddd733f4da5,3216,2136,e93394175a19,0.9818
b576c5269ad1,1,2612,1,False,aa6b1c883760169608082b35fc0e480d,2ccd7e0a0ecb00c33abfe783285d4447,2416,1736,4ecd1fdd1435,0.9586
b5834ee64541,3,2613,1,False,15567733fe2737b12d86ded6aeb1b93f,5d4508de7def14614635c2b9802586e7,2416,1736,fe674c2f73f5,0.9697
b598bc9753c2,0,2614,1,False,0922e0968704e01a6e76a3833786f032,3305ef732d16d153d0e1242aefcda591,1050,1050,73ba798fee25,0.9927
b5a3ca5c0a80,0,2615,1,False,bdf8c9854a56b9437f8e1c33cf95408d,6e3af5e2a8142b8593559772d9f5f09c,1050,1050,e933923aab15,0.9927
b5b913358b32,0,2616,1,False,8ada3b70f180ebbb351a48820be4457c,f7f164ab04cfda9989c33795b33f0a05,1050,1050,6324d77cf926,0.9937
b5bf7b84fc66,0,2617,1,False,6ad743b386f5cf5ba5cb8ec8696aa484,36c93c091222dcb53ea98310f4ed5486,1050,1050,aaaadb174012,0.9943
b5c80d0ed0ff,2,2618,1,False,9b755b320c0f4f164c70c6687c041b00,fdfa08579123980ca9794980ee44ce5c,1050,1050,a2163f0c2af5,0.9799
b5e6ae31493c,0,2619,1,False,66c508cf969a575c805566ddfec2f0dd,d95bfe7f3c4a7edaa067cdaa41db9843,1050,1050,86410aa13b3e,0.9932
b60dbf9f0744,2,2620,1,False,7abf6ecea6b6c81420d6c122cfff7c0b,21a9d80c1043a4cd173eac022a0c8606,2416,1736,00e4ddff966a,0.9337
b6304c545f95,2,2621,1,False,5fd36435f7b3decd490a514e78ea3b9a,1189ff3c7924d45478925b6ee0c63f23,2588,1958,0f364b7d4384,0.914
b640e3bdff75,1,2622,1,False,64af0669eaab9fc4043756aedd15786f,441d55981aa00047065d50a4a7b36d6b,2416,1736,8fc09fecd22f,0.9571
b64e1eef3d63,0,2623,1,False,da24ab3a198390946adeadf6806cb599,339434fc27e285b62cc048f2dd1fc61d,2048,1536,2cf18033da31,0.9759
b65ff67743b2,2,2624,1,False,4d094e91d90156aacfd005443ff02559,61cbf062df18817783c23791b4935b35,3216,2136,82deb07a6618,0.9745
b665041e1633,2,2625,1,False,68c7a3d37aaf795c8bcb37ce70310b83,fec9b15a1d5f8c984f1bad19211ae839,2588,1958,e4210e7fe587,0.8859
b66f23ffa730,0,2626,1,False,f5582c64f5dfd64fa2f4d5a8a2e47bbd,85bd9f4072103b1b5ab282640ec427f6,1050,1050,1da4a17c18c9,0.9901
b67ae80f7eba,0,2627,1,False,aa1a70515e1eed694f9497ce51adb197,7b40965160afa1c631b2c9b3bc41c73c,819,614,5fcff7280019,0.8952
b69c224edd6e,0,2628,1,False,956ad2c8f3f50901418e637790214b6c,d6e4dcc503344d8eaddf4c28c3366d45,2588,1958,6ccfdb031184,0.9164
b6a0e348a01e,1,2629,1,False,632c849cdba62614cd350f6f72a51ba8,78368625ac737c6921a1785248aaf9ac,2588,1958,46c1548d730e,0.9364
b6bf847fbcb2,0,2630,1,False,c6ec634bb1030a3310cefd3bebbc7418,094044d109bf0d28428c59fdb9b5a2f0,1050,1050,a1822dd8d05d,0.9931
b6bfe9db60e5,3,2631,1,False,f0fb22165fd043456e0c991730adbcfc,f478ebbbaf0312aadfb81f70a00324f9,2416,1736,36a1e3c780a0,0.9469
b6d9974443ce,0,2632,1,False,21e3a225666886c98e270fb1e16393e2,443050bd380104ec0069ff0a5507df12,2048,1536,876deb29f000,0.9519
b6fd109b1bc9,0,2633,1,False,f508d78017230474f3b769e1f25ca1ef,953d171092a9bb317e161b8580c7523b,2588,1958,d18aea8238a0,0.8704
b70cb31b9abb,4,2634,1,False,10028a69d19b1995deff96a44d04edde,dc71b14d0375ef2e0ae66767a0429038,3216,2136,aa31bc6b8f4d,0.9554
b70e7c26f51e,0,2635,1,False,4f5b4e1984d390da7e01aa1399e496c9,5372defd767cbee016a8a3a17ba714e9,1050,1050,7bc00e58d419,0.9889
b71428739d4e,1,2636,1,False,7402aaae7df8b987b2b27a87bb14fca0,e904e213b611d651916094193cfa07b5,1050,1050,d7ac4a0c9760,0.994
b7278b4f2448,1,2637,1,False,5bbdbcdfb784ae46fbade440efb1159f,6c7827b8cca40b42c5d83bade8ed1d3e,4288,2848,c102db7634d8,0.9467
b72a86d61959,0,2638,1,False,498e24471fd34386b534c762b695af02,3a22f07fdd2ec76ef80920e19aeaff07,1050,1050,ebf4b22240f4,0.9895
b72f59b85f7c,0,2639,1,False,b08aec2ea0874875b37ad6e6c019a606,561a31a48f51de989e754872cc9993ab,2048,1536,a8854768549f,0.9875
b73d0bcd3d33,0,2640,1,False,7e81ea8bd8cbc8bf0b725cc2f36e3c66,cfd261026d37b9cf917dfde9e0b67a77,819,614,08f8838d69bb,0.9484
b746a6681ba9,2,2641,1,False,8deae1816c155db949e37d36afe1c5e1,75f2d894e8b59fcaadd4357ea7cdc799,3216,2136,df8365d6ac33,0.9546
b74de20d73de,0,2642,1,False,1d46059febc45d6e22b87086d1406d62,2a3e78c2abca5379073a99f87b2da9e2,2048,1536,4a4cb731f91a,0.9902
b759cbef90c5,0,2643,1,False,598527acddba069eb42742f815dc8cb4,4c007ab7fc7a441f71c32f3fcdfbf414,1050,1050,1faf8664816c,0.9954
b762c29cf2f3,2,2644,1,False,94e3f510f1c1af55fbd8af9fb437d629,4697a3a1acb1d2d90e70e3c01698683b,2416,1736,582f739b8f62,0.9611
b77b88926843,0,2645,1,False,d9deb230594d5a9a17a889df4dc88991,fffd266df5dc880741ed29cd49e8ec4c,1050,1050,f7735b6d47f7,0.9896
b77b8a1f09f1,4,2646,1,False,bfb1c5105586fa60245bb33805c145c4,46d69a36e313bc093d5cf10084ab1577,2416,1736,4246ed634f25,0.9685
b7983cb3f270,0,2647,1,False,f023926a66e05a64cde7898c3b43903c,165cb9991e30d56ec3a16f78ba6dbb73,1050,1050,b71428739d4e,0.9929
b7a1bb106051,0,2648,1,False,26e671bc7458ecbf5e57294319f19a91,1f0bb00ebb7ae540bb0015942aae7648,1050,1050,07751b94a88a,0.9921
b7aca95b97b9,0,2649,1,False,1161409731fa844943146413d717f44a,e0455bea99b114191a03aa0d7ec3fd4f,819,614,5d3c8c1f57da,0.9449
b7bd4a6627b6,0,2650,1,False,acbf7f2e5bf745a82608532e85342c0e,61f471a8b89e897650668bfd40cebfee,1050,1050,5293576816aa,0.9903
b7ce561a7328,0,2651,1,False,4a3dd59e061dd928187772250f7d5739,717ea2d0e5d9a4805db68dd869bf7d70,1050,1050,e1dc02a3dc2a,0.9907
b7e0f95353f2,3,2652,1,False,d8a825503375a78cb01cda75aba639ac,25817a5a3c7696a37773934fd1c4622f,3216,2136,99e8bf998285,0.9688
b7f0bc7d399e,0,2653,1,False,86ebefa15882719b8b918c63052a2743,52b914abddc4aa147ae26012807c575c,2588,1958,1a369baf9ee6,0.9404
b8297a2291f5,0,2654,1,False,4d6d1162d6b66787e4708fb53f19b89f,1dbd960ed0ab684863ccf956a9314b1a,1050,1050,87a9f4d20f07,0.9926
b82d5f1f1145,2,2655,1,False,1fa77108a8de34425c3aeb395fa305ec,269103e9324f9e04258bc5aecd3c749b,1844,1226,9a3c03a5ad0f,0.9364
b82dfa63a75f,0,2656,1,False,66c3bef86f0742d159c05d186cd7f978,4ab147db75844950278c39f05af29cc3,2048,1536,50915e2329a1,0.9707
b835b6e31a59,0,2657,1,False,29663cf2b03cc4283f993ea6aa6d3ad4,31742dbd6f9af4e58f21d7b0d5996ac1,1050,1050,5d6239c0fd39,0.9937
b83a6eca125f,2,2658,1,False,199016d90d51f6780910654d56373d92,3ad3f5564669668200a713ccd449834f,3216,2136,0afdfe5f422c,0.9621
b842b43cb7fb,0,2659,1,False,18158c919a472e9dce8e053d6063d11f,47f3e5aff17d4f29028327e235260a55,2048,1536,c639d837f5e4,0.9754
b86fb2d5be1a,0,2660,1,False,20a3c146d6e8c684e875090df1457cf2,f2d7a1c9abe871551889bf2c54cf7e11,2588,1958,3599029efeb3,0.9237
b87f9c59748b,4,2661,1,False,a317368225df7b4efda0c28ea50d63e6,c541cfc54f728c2e6ea278fe4d0218b3,2588,1958,9eaf735cf01f,0.9042
b89938407ee6,2,2662,1,False,7c14685609c87d0f6563f16ee72c31d5,974f695b89ba8760336c0c154fcf1cf7,2588,1958,25002fe43f92,0.9462
b8ac328009e0,2,2663,2,False,6de1e04f816fb915da5832eba82b0a1a,3f10a4a47905b6c112c57cfb59a17437,1504,1000,ff0740cb484a,1.0
b8dab47a260e,0,2664,1,False,5f17f3e32eaab5e3dcea4593ce68783e,0ab6a05d5a6b29f8cda4f05ec864fd54,1050,1050,165c548185f8,0.993
b8e20c076b03,0,2665,1,False,6444ba6f1e6f626c024a6625a989869d,32ab8481545c4943beeb38618fe224a1,2588,1958,2209daf71aab,0.9333
b8e9a8f4617d,0,2666,1,False,6459834515d1b4a2073ba2d6a145b819,22b874860ad88b7ffe3c4e0bd91069b2,1050,1050,5ac7a414560e,0.9915
b8ebedd382de,1,431,3,False,fcfda099faac74a2ee724032d1566d7f,765631695bc91d2bc86712a3a65a6ace,2416,1736,1e8a1fdee5b9,1.0
b8f1b30877db,2,2668,1,False,8e87c9e17febf31bf4a9a4fddc388f80,c759d24e80641a631d7c15ce5622dc2f,2416,1736,27bab1432f61,0.9525
b8fb9f55cd6d,2,2669,1,False,53a727f3b935db533049f50207fdc0be,ec2bc11ae27e1c605e8505e681de47bc,3216,2136,9033f1493da1,0.9753
b90bc89ce8d8,4,2670,1,False,57765b4f727ef32b300c2847677b577b,734a50cbe64435f3696ce7e8ef91ce24,3388,2588,8ff2733f6aef,0.9497
b9127e38d9b9,2,2671,2,True,7dfc81788fb0ba952897c36bb59dc431,f72eaad95b4fa205c9e719c37f75e6a6,1504,1000,e39b627cf648,1.0
b91ef82e723a,2,651,2,True,9cec7a539307e196cfb77da86c8d6af5,c599462927768f87b709af607a65196c,3216,2136,2df07eb5779f,1.0
b927a9238434,2,2673,1,False,f0beea9c985d60bf3565b612ce069793,192c425699451ae31e752fb1ae8797c9,3216,2136,ed88faaa325a,0.985
b92eacd1392a,0,2674,1,False,c2033f9570ae96376bd589050fb0d9c1,0ac5f17db8ac7af2b9069e23f04d9c60,1050,1050,b2b7ccd34cbd,0.995
b94c58d063bf,1,2675,1,False,ab8ab0d771fb64a807d83c39f97acbd1,35be5daddfd5dfb10ec2ebea08f1dfa3,2588,1958,4dd9d29eae5d,0.9235
b9519abce0c1,0,2676,1,False,372d55fb253350fd4461656f4fb2af5e,e07856a853be8d968ed016ab73b5742b,819,614,573ea80a53be,0.9383
b95d4dd8e5e2,2,2677,1,False,1bcf64314348f0c91e88f0f0b6ee7763,5385832092410f9d20dfeb2c41dc5145,3216,2136,e52ed5c29c5e,0.9646
b960142a8de7,3,2678,1,False,dffa10e87626226b85dddb79f802b8d4,0c39b57b64bc38ce88e6e2b8edf73a03,2896,1944,9b093fe95d6b,0.9153
b963a11638f2,0,2679,1,False,1834995cead9264c58afe4d925fb6bce,27cdd036c62a0859b44f23746e21604d,819,614,a02dfd67a925,0.9348
b96b518596b3,4,2680,1,False,654553bcb8923c5f67364150a88cfb68,a92972dd1bc37bd2c0034ae885833c50,4288,2848,c102db7634d8,0.9605
b98f77098b9d,2,2681,1,False,6e00deb581028b683788e7a0a9263722,7e27086a108d52bb81cca9d65b2ec8f9,2588,1958,33778d136069,0.909
b99794a0beed,2,2682,1,False,32cf28a6eeb8df7ba767947eb523eb77,24d25820c59a8ed519ed5dbbd03d8100,3216,2136,4d21ce39c905,0.9765
b99afe7137fb,4,2683,1,False,525dc2244cf803104f1b475590cef34b,5b4ffd8d085c36194bcdd249c9b044bb,2588,1958,54bbe3da103e,0.8754
b99c825b93c5,2,2684,1,False,7204e87cf5c777e29fda5b86c436f58b,708ce82a5833565da1d4bb65916e7bcd,3216,2136,4b5ffea77373,0.951
b9b6ee2b9453,2,2685,1,False,8c375cccd72af752fa2458233a809ca5,6c98e24292f290191738df5591661297,1467,1110,72595230840c,0.9113
b9b99dad668d,1,2686,1,False,eec6d5e45d17159b6c17f381ffaff4c6,185a0ed2b46b283c464aa2791dac371c,2416,1736,58184d6fd087,0.976
b9bc81fcb075,0,2687,1,False,72f7e71cf84bb09d9e81ef1e21703b00,d6c68efc61a2ab38addd3795193c1632,1050,1050,3f98be586fe3,0.9923
b9c7c5182075,0,2688,1,False,51561a4e371ca8b422dc101aa05e1566,1b9f2d7c8085357c51ae6c77e85eeafd,1050,1050,f3a88d3026dc,0.9692
b9d0b83d70c3,0,2689,1,False,bd551430ea0d5ac7f4fd8218b9762245,5100c3cbe89a155df5a1e168d90dfd07,819,614,5288f7441f64,0.9733
b9fe7da14a32,0,2690,1,False,54626091ea23d2dcfc969a46cc9e5ffa,98ea12fd6e88ebe3d0c99edafb545f38,819,614,ed2ef440d22c,0.8993
ba0107fb1bfd,0,2691,1,False,8437c9026701b0d925b6fde98d0658f3,72032eef79f91100e1828cdfbe6eb7bc,1050,1050,9d1feed37610,0.9857
ba08cee68c71,4,2692,1,False,6c6f58a2f95afd571b14817727278f3b,c6f4d0eb326e6ba2dea105cacb035fc6,2416,1736,15f440753916,0.9377
ba25f947f4ec,2,2693,1,False,704a36fce0f034d087b3678215c218d8,fd0da227969b2b2b6f42e9c8c42eba91,3216,2136,5188a8afa879,0.9772
ba2624883599,2,271,2,False,972c611311946673ad19ba48c4d8bb9b,18feed84fad772314b3f0f555b18c860,3216,2136,14515b8f19b6,1.0
ba2ea9182090,0,2695,1,False,742c138ed78ce847b26a2a9ac4e8223e,e2ab1aea02e29856f4cc3f02184a2d43,1050,1050,d38cf0f4a9af,0.984
ba4d2c4b3039,4,2696,1,False,7a2686f924a7910fb682438639e265f9,483229d3c5f6365d848d31aa23a82148,3388,2588,5bda2ed09e62,0.9794
ba4e62c11cc0,0,2697,1,False,78de294dd47a335c106351f9df74eb58,d2595d1359e5457f17fd2b07dd7d335f,1050,1050,45369821d6a3,0.9936
ba735b286d62,4,2698,2,False,6c9d26bab272c4b6d0d4333de16f61d4,7a5c069478425c4cd002377a03c5a98b,2416,1736,ed3a0fc5b546,1.0
baaca2f7e1f0,0,2699,1,False,f29f84cf43dc6388f4e067f02bdad885,5280d261173daab4f7c6b0b473b1d6dd,1050,1050,835b9f6e12ba,0.9969
bab776139279,0,2700,1,False,6f1f4c38cc6a8c77386bddc7e48c35c0,f56a6dee308295373fc12bf92b593c35,2048,1536,4c5ab774a381,0.9731
bac1744955c2,0,2701,1,False,7969aad1bd34bea6ccaf8142eb7fc59c,21e38b318a5366499b65d79dc10711dc,1050,1050,38c7153457e2,0.9893
bacfa2b8e706,0,2702,1,False,b4bfdc05e1195dcf17f7c4a2f5fb46c8,4f2b4ad06340cbd0582774e2e230bdd5,1050,1050,68ddb15a74de,0.9916
bacfb1029f6b,1,2703,2,True,7f5c8a0ffdecf70c9064e9517f327af9,b33e9f97adeb819a22c950e3603deb67,2416,1736,e12d41e7b221,1.0
badb5ff8d3c7,0,583,2,False,cac2bb4f4311440d35942098b685cfdd,6a1ef15df48f2bdc15b292fa0fc3bbfa,2416,1736,2923971566fe,1.0
bb08949dd70a,0,2705,1,False,a55ae60fb0c1b76d97156df3450b0bf1,dabf9422d8b5054280f30fa8695760e9,819,614,0b64a0a06f9a,0.916
bb11db08584a,1,2706,1,False,571527fcad3ad9c9f29dc96ee9f4ae83,ba4e841322dd473d0f7ffbb35b4d3ced,2416,1736,3cdda8b3df19,0.9152
bb2f89488ecd,0,2707,1,False,82ae63bbfcac1ab8bdb01af23af8982c,28c789211e70ab881b12988bd8370283,1050,1050,ebf4b22240f4,0.9922
bb45257258cc,1,2708,1,False,8e5c57cfe46f182d7438d940908cfbe4,4cca61d99de471c6b98ee6e5c047b91c,2416,1736,314862758acf,0.9702
bb5083fae98f,3,660,2,True,50604688a9e5c83744b74d5d842aace0,447c99ed2e5ca6e367277a10d663a28a,2416,1736,2f284b6a1940,1.0
bb733062f494,2,2710,1,False,3a6d5bc326a1dab66b5f86644c150647,feec57d284184d5c665cc466915fc3f8,3216,2136,56e56aa08362,0.9863
bb752b179751,0,2711,1,False,5f109e12630cd752a1d15d97b1f0a865,13250c3b8d9a95d4861db2f856f19e4e,1050,1050,3af9aaa880e9,0.9923
bb783d8e496f,1,2712,1,False,eb42e4ccc1fd1ddad49ef1e82637c42f,a1c7aae09d3421aad4d2fd05ecb89ee1,2416,1736,fecf4c5ae84b,0.9595
bb7e0a2544cd,3,2713,2,False,4504e9549c404aea6f9424817dbafd5b,301f893b9d33a6a101bbb3d5fad80bac,1504,1000,e76a9cbb2a8c,1.0
bb85097857fa,0,2714,1,False,808c74e072d8c068036ffb6a435e565f,ce80c8e24fa67aaa12fc592eb6cb6d56,2048,1536,7c3747c0b2c3,0.9869
bb9a3d835a94,1,2715,1,False,ff39484b425acfa384fefdabc38543db,c2e7ea718c78af08ccbf11f92857d9aa,2416,1736,d2901144070c,0.9116
bba38f2294a3,4,2716,1,False,83bcd3ac564ce98ddbfb7396d03441c7,5f5f74dc5f517bd9e26d6ba8507ded29,2416,1736,3fa4f4d77177,0.9465
bc23f74e14dd,2,2717,1,False,5efc6438e653eb01ec09ca2ea024118e,a9137057e3237daa5a3d13eb9b38c01b,2588,1958,913490237ad4,0.8951
bc34ed91c9bc,4,2718,1,False,c6563b55ad4d36f7129735521779ac7c,f72130955b80238e84a28a7ee38e7918,3388,2588,99ecdb41d5e7,0.9503
bc34f52c37c7,0,2719,1,False,ad777cbadb9c9fb6036f581315d0af14,b8c5202cda4fc8cbbd010f89787d4957,2048,1536,f68690db78d3,0.9786
bc73ce76ec43,1,2720,1,False,93edc7cc33baf598cb191d7895d5ee8f,bae425df0bcd0d3eaa838312009c7866,1050,1050,1ae3c58759fb,0.9898
bc7bf19b84e3,0,2721,1,False,4e3cdb2e43221f107a03b4031afbbd3f,68885e320aa2fc29e26041c9f5e4667f,1050,1050,369229040a34,0.9943
bc8c6a778cde,0,2722,1,False,1aa168b6268ba18218b678be6c6eaf20,f5482f959c77dbac1c61c3b9d8038eb5,819,614,7e980424868e,0.9806
bc92a61a1f9c,0,2723,1,False,335011f9842c10ec48d6b9248fdc2e2e,323ca4b9387b326fc831eb6b41ba7392,1050,1050,8bf2d925dc0c,0.9954
bca2bdc15fc5,2,2724,1,False,bffbfcec270cdf0c5e2c5d7437d6221f,5011232ee708ea33cb2097919df157bc,2588,1958,01f7bb8be950,0.8674
bcb0498ed2c1,0,2725,1,False,7f4f3ac3834860befde7b831cee0485d,71c09b50e12bb3ef9bca051c9ea9124f,2588,1958,a9d0c900b6a9,0.886
bcc762618e7d,2,2726,1,False,2ccf858a20cfa98b39f361fd80a49bdd,e13294f9d301e2a6c2a195911f7ab3c9,1844,1226,6987804eb464,0.9622
bcd503c726ba,4,2727,1,False,c019473ce53f1e2064de3b16dca2d2e2,3a5094b03aea7808f08c5e526362ee68,2416,1736,e2a233493b90,0.9524
bcdc8db5423b,2,2728,2,False,c7660cb49b8811ccef8d04f6c962a321,305a0a070e3c79112fa021db274f094d,3216,2136,f920ccd926db,1.0
bd06028eb7dd,0,2729,1,False,f44fb81e5aed1016ed365abcc1eea886,77243b87522cffd1cf135e1a82939856,1050,1050,d88c4843aec3,0.9916
bd269a1f0e4d,1,2730,1,False,65af527160a5a0d9da339110aebc9666,26b8e47ebe9c80235ed0f2736b819c11,2416,1736,bb11db08584a,0.8907
bd34a0639575,0,2731,1,False,185e7cf623cabeb105d15ad48a4be188,8c8539c9a5db71e5499f20f80a9b2526,1050,1050,73ba798fee25,0.9926
bd375ba756b1,0,2732,1,False,b2cb48b7ff1904e45962148dfb86a425,21165fac7c6dcf7b3d50933d0ebcee74,2048,1536,0a74c92e287c,0.9788
bd500a73beae,0,2733,1,False,b64114ebe87de6a4cb83c4e397158111,75d2e9ecb2cda74cb95f06fdea01f49b,1050,1050,9c514d2d5b3f,0.9873
bd5013540a13,4,487,2,False,0a20d5b84db6d380d9ce66be03b3369c,9975927e922f84d4275971d41e6236ba,1504,1000,22895c89792f,1.0
bd9904495ccd,4,2735,1,False,1aa207c46ae7930ff802a508860ec8e0,d2a880f2450ec6e9b896e0692c5336d8,3216,2136,8860c7b11530,0.9811
bda7ff3b1562,2,2736,1,False,11b817b14afaa92ba1d71dc1a5d9b364,0b60aece216505e2ab1aa8b275b8b51c,3388,2588,4e82c3c8d31f,0.9746
bda8c973b09d,2,2737,1,False,6735d78cb90df26bc23517a302ee318f,2abf2c477b85cc9a2a2bad39388c4ca6,3216,2136,8860c7b11530,0.9831
bda91b76095b,0,2738,1,False,fe38b77518bf50d7341f976e8ae9897d,a3e744d6eb58549969fa01dd61906487,1476,1117,de50dfa745f8,0.8709
bdb98063fe84,2,2739,1,False,f99ee8ea5fdff2865591f5d3937354ae,9407af352fd80187decb8733ac8b0513,2588,1958,01f7bb8be950,0.8784
bdc6c60e9133,0,2740,1,False,cebdd8337289e5f6f4eb7e27d7917387,14c5cf2ddc93a0e368128687f226b2f1,2048,1536,454792eb6e05,0.9891
bde1063a5dd7,0,2741,1,False,1485b004f63695e5f5c322d12c56e86c,e196ba3f8c3f2b1db87e4c528e7f868f,2588,1958,6df8b7b6e837,0.8946
bdf47b9f10c4,0,2742,1,False,d4b1d60602c2fc8f4c0e08148589addf,585d6768ab5a2433aaee18dc707e380e,1050,1050,ec01f0862669,0.9937
bdff5d8bddf8,4,2743,1,False,aa7865a86e0ee7301acc51939bec1612,3bd8823424b075c2b71b83a6b0d0b71d,3216,2136,7c629b491d1a,0.9757
be161517d3ac,2,2210,2,False,502eeb59021479778423eb06ff749d11,e0b6f3b75a376651f3fddf4f8609d4b5,1504,1000,9b418ce42c13,1.0
be197b663520,0,2745,1,False,3894ce327e0c2f4b37b346a0e66e1f95,d8c2139c55fb856089d36869a39d78eb,1050,1050,274f4de2a59d,0.9866
be21d8b60e2a,2,2746,1,False,cf8d9e06d890a1db97609abca3a33fca,74d707bfaa04f63e4871f6f04db07d7d,1050,1050,8bf05909e1e1,0.9833
be3a7d9e981e,0,2747,1,False,29db0aed24318f9515a02e11fa57ba41,5c3ade6b3271f85d598cffb6d0f40521,2048,1536,9287e57326d0,0.9449
be521870a0ea,0,2748,1,False,9e75e9940fa19d70efcfe0d2751fb61e,0c86711a3322ace4ea32a1679a00901e,819,614,ac0a48ccbf70,0.9319
be68322c7223,2,2749,1,False,5630b46c34009454110dbc20ce8d3792,955918b30819e288262b6f3e05f0e3e5,3216,2136,4f5dd7660b17,0.909
be6cbf6e5b10,0,2750,1,False,bf70ff6980c572f36d350ab109f977b0,dffa2e93f1eeb9f0b4ca702fa804d46b,2048,1536,0db1d8dcf219,0.9877
be7bc89f5fec,2,2751,1,False,62fb1956bc67aad7e9ccd62aafbbbdea,c265b0cfae44b16cae90c4bd0c5045ea,640,480,d41b33fcb94f,0.7789
be7f791a7877,0,2752,1,False,7c9d8b71393e6350bae0310e64f8acb3,4050d7350e1953f2f61e0c0e55199f23,2048,1536,0cae727cf119,0.9846
be8697eb2078,0,2753,1,False,8893839644e5669216fd5223d8c83b94,b12d0f50a1619edbae26add6e8e5e851,1050,1050,259d30f693b6,0.984
beb00fa6e7c9,0,2754,1,False,89eeb26d731bd92da8c41a51e98a14c4,f8954fbd28ac17cf83aa96723aa35db1,2588,1958,2d07162a13b1,0.9146
beb2ad14fd2d,0,2755,1,False,56a9b479f7c5cdda5edccf084e1e84d3,f5a420cbd071f61e0f96c61353c8ddcf,2588,1958,8ae049175db6,0.9286
bebb3f167654,1,2756,1,False,93378fb8ad0de6a992c820f54f6e109d,c196dd84c6936c52a40635eeb39102e1,2416,1736,abdb365cacbc,0.9693
bebfbd907cac,0,2757,1,False,96e79ea2f04fc660261f913ed44561a1,df09949d3b451b7b6032a1a38bfa6ca0,1050,1050,6f689fced922,0.9918
bec0acd539b2,3,2758,1,False,a3943d99c1f7588ece81f14e7f006feb,aedfefc12485d980d6c5c94ea09a433f,3216,2136,5c8482926a08,0.9649
bed8296c8dfe,0,2759,1,False,7992c2441a90c5e173ecf0f1d16a8391,7c2b3e406de9c4fae3065e2bfa895f50,2048,1536,53ddae6a619e,0.9452
beeca5f14618,0,2760,1,False,9e454f35a67213275950fb7212ce7154,6c3a87fa5efb1be08c1a0fa34ace5e4e,819,614,1d11794057ff,0.8516
bf18ff30a8f6,1,2761,1,False,e55882d6823438a303fb1beebb83bcea,a665f0834d0965024253c70658185b44,2416,1736,42985aa2e32f,0.9752
bf1b7e21e774,2,2762,1,False,3cf83db932e210662ca89f8092d7d56c,90689d0fd5af5dbc783d24911ebea4f9,1844,1226,2d7666b8884f,0.9684
bf6cbccacf39,0,2763,1,False,dcca28857e81b6f1a032091079f35bdc,d67b0ca9f5fa741ade1e981125a95c73,819,614,54f57cf26126,0.9051
bf7047dc683c,2,2764,1,False,4f7d0bece36e14b78c75071c62b82482,98e1bfba7c411503cbdf2ee340c1b431,2416,1736,75a4343b12f9,0.9587
bf7221a016b5,0,2765,1,False,d56d3872831185d962b780fb0b5d6081,a8fa60a1d0a3c2be75e0f502b587c960,2588,1958,0bf37ca3156a,0.912
bf7b4eae7ad0,0,2766,1,False,0b14bec22d96655c77a03acf8e9c999a,9d5795d1469f0f93f889551d141fd5ab,1050,1050,475300735b7f,0.9958
bf8092e4001d,3,2767,1,False,cea83d1d06e401157afc06eeca3bcf05,7b9dc07cfaaf528227d4416b4481f7d0,2896,1944,4f0866b90c27,0.9496
bf811911acf9,0,2768,1,False,5ead1d7942f5b6cc916da7ec6557c18c,4fe2bce2baf30cfcf47758826d9b7938,1050,1050,19b0e3c734f5,0.9928
bf87aedf2489,0,2769,1,False,440d72bed9e794e4c32062e03eb9793b,0316fa1791a41ee88854a900590efc00,1050,1050,ef48780f5d5f,0.9896
bf9cba745efc,2,2770,1,False,04efc1b63bf8927199343a7017f76b05,cad7c48b39fbbca017f140088f5de7d3,1050,1050,7347bd23ba80,0.9945
bfa30ebf63a8,0,2771,1,False,0a778c39fb66ef647f658eeea0213dfc,d3bfc9068f70142803dbcb1d2123b227,1050,1050,5d6239c0fd39,0.9901
bfaa0080ab61,2,2772,1,False,5692caa64a0cca5dac75749684fd2fd6,9a79e564bb6136617f337754bef0b25d,2416,1736,1269ab57c2e6,0.9652
bfb578c0e8d8,0,2773,1,False,f1e890392faa1ffd24280566ce6f4143,ce524bb21197909eafc74ecef2a102bb,2588,1958,218c822a3dd9,0.9196
bfd5c0e55420,2,2774,1,False,48ef58807584a7bb6a2c0791b7fcff1b,3a25b9c4b35acdc4e1fbb295d10e0a4a,3216,2136,7c629b491d1a,0.9758
bfda2fd0533a,2,2775,1,False,5a8c86cde2030a5d6be9eb37ec3d4862,068a978bfea7bce5548b36fb02b3ce64,2416,1736,9da74370835a,0.942
bfdee9be1f1d,4,2776,1,False,806d9304390a1734b1577eeeda4fc5d5,c69c9b3a37ff1677f5a8320c82cba8e3,2588,1958,1b8ad0afe9fb,0.9278
bfe467b7e997,2,2777,1,False,fea0e1e3cb2f9a9f1da22edca487839e,42fbf5528792c26c621e8d3486aa889b,3216,2136,97bf61736b86,0.9819
bfefa7344e7d,4,1904,3,True,79aa4d8483a0be779709681da49d9beb,bdd4eaa435e4637c6efde736ec965543,1050,1050,d85ea1220a03,1.0
bff51afc76d4,0,2779,1,False,809eb05de42f775d7f1d7f6f247510ac,3b326bec10b387efc8e3c86973fde4c2,2588,1958,4554062fa836,0.7944
bffca6eeb2bf,0,2780,1,False,7cdb8c215d712567c706561c0010fff0,25fd766f7537801e578dd7d54566ff6f,1050,1050,7d0a871c45db,0.9889
c013e869acce,0,2781,1,False,deaab0056dd550596145683591e25471,dca645aa83d0590b40cbd576d368b2a9,2048,1536,2f7fbdcc9a4b,0.9859
c01eae4b4939,4,2782,1,False,ada66c7acaa012ef164a0c79057931ad,c9b1782b43275899eb42537ff35915d2,4288,2848,c102db7634d8,0.9397
c0202976c670,2,2783,1,False,6c2c4371f3bce294ec626b11e807ef1e,8c2d9de7ddbcd8f84951121753371ddb,3388,2588,2ecbc2e3f239,0.9779
c027e5482e8c,1,1730,4,False,7466afedd7c8d829f842228478bc65ee,59aab23abbf869f5753b7964b7f0dae0,2416,1736,7a3ea1779b13,1.0
c05b7b4c22fe,2,2488,2,False,3b0291e1bd8aee40226b1808c916eb8a,862855e6645454637749dc8affb29b67,3216,2136,aca88f566228,1.0
c06024f05a16,0,2786,1,False,e46697e2db8e36224ca11c361ceb91be,66c993452ed41e150026f1e9e4fb74b7,1050,1050,ebf4b22240f4,0.9894
c096131ad065,0,2787,1,False,c42e8a559246b39db75fd07b079b0dd0,0ad295c7cc13b740c6836e52220122bc,1050,1050,27933cdbe0cc,0.9924
c0968d41eb93,1,2788,1,False,19f00b75368cb888f923249b6d66a43a,0b6517785b1600920322161e4a99e5dc,2416,1736,0fffa73e2402,0.9667
c0a0828e01b4,3,2789,1,False,05980a732cb2f861cb2a3f3546e2b84f,28d1e6ebf1e342ea67ab1ffdf780f18e,3216,2136,50a2aef380c8,0.9815
c0a117de7d0a,0,2790,1,False,f15ab0a4a085d2d90df2e8c5868a92fe,9f2204a95d41eed599d6d7b3cc7b57f8,2048,1536,8a87dd2a784e,0.9542
c0e15e8e2b46,1,2791,1,False,08b69f9d4e9215572f7f57c334edf111,a706e431252f2cc5c112a233d2432b6c,2588,1958,1db18bdd43aa,0.9218
c0e509786f7f,4,2528,2,False,b22bb5d93f07a39b8479ca6e3ad8ae5c,b16a081f5e19602eda4d398df6e9be81,3216,2136,aeed1f251ceb,1.0
c0f15fe3b4b7,1,2793,1,False,ab8803465b287701e72bcbba2a5e336f,f55b354850bc30009af3099389d32c2f,4288,2848,01c7808d901d,0.9671
c102db7634d8,1,2794,1,False,8f4643a09a1d1aa7f221867fdbfae721,7c2b70d01b9ca0105c3fbb82f9120763,4288,2848,873fe0404d6e,0.9723
c12e9ca420a5,0,2795,1,False,2d325426c3dc356158e7bab975ba015e,a209f8508e20a14089f9c8efd38bc011,2048,1536,81704925f759,0.9546
c1437a7a52c9,0,2796,1,False,a1acaff4a92daa450d9fa27b3a44d559,0347063839c6d95ecde0d6926d7ea40f,2588,1958,ae94ce412de9,0.9412
c1799a6f5c65,4,2797,1,False,e0af41ddd900af8a41c1ca54cb28b43c,5a18ffc73c71e6a3252894873f815444,2416,1736,03ff7d159f10,0.9712
c1819db0aece,0,2798,1,False,e440f9cba868a72d78e74b10329dfda4,ac21b25757a7d3058ec15b8a37d6ba67,1050,1050,891329021e12,0.9925
c1896142a20a,4,2799,1,False,a67146e849aef345dc03d02a3657be64,dd23a037c0e527acfeecacd5c452c41f,2588,1958,ee74c3b177e0,0.899
c18a006f7f1d,0,2800,1,False,7d9947a55a2563de311c86b506ef8d86,836dc9a8cb58f766810962ddd4f5d736,1050,1050,ef99c499d665,0.9921
c1c8550508e0,2,1200,2,False,27e6970be8d58fb48d4385eb902d9f74,99c954a7d8a68aaffdb3f09f6d2c6ecb,3216,2136,530d78467615,1.0
c1e6fa1ad314,1,2802,1,False,058f5289a374da1061ee8c06debd5e05,654f7cc2f710d6e06902663efc9516ad,2416,1736,94a67ec0714f,0.9251
c1ebe785503a,1,2803,1,False,2876c05116d097c345578b385709f6ec,4285b6fc32f357ba00da3b3333656e59,2416,1736,30941b65348b,0.97
c21eb81de9fc,0,2804,1,False,a2057498499acb4d368817b9003afea1,404373095be5a4700175c8cd9dbdb835,819,614,0e94cd271c00,0.9722
c23ff6dcf15e,0,2805,1,False,e411f42e537c9799c53618f9cc6d2c8d,38744589bb0feeffabaeb4b21912dbd5,2048,1536,628b581aa905,0.9782
c24bcf7a1bc4,0,2806,1,False,2030aa17f3f1e70be1272307a930d6ae,f9016f7ea15f6e3e122d279d61a2bada,1050,1050,16060f05d047,0.9862
c252da9b41d8,2,2807,1,False,c4f9d74d5f6007f06995363c1f0365b4,b261a20b599c3ad6cc4c5a9431b1afe4,3216,2136,f2094a20b275,0.9519
c25e02b39c01,0,2808,1,False,a2a2a14083d3d350e78c11f5c0db93b3,ddb85303c171d311ed71a4c4c7ad9be0,1050,1050,4403538fb50f,0.9793
c261b1aaa828,2,2809,1,False,b7b64420f7deb4cc71daf8d70114a5df,4e7691c3578786381e9190e59a92a020,2416,1736,3428230bf1bd,0.9668
c26f98f58350,0,2810,1,False,4461840840cac11439a6aefed538dcc9,57adb2a66f3b7eeda61e040b7f40312e,2048,1536,8ee50c26fc13,0.9743
c280730cc211,2,2811,1,False,401c1a37aedd80ff8cef2d70ad5d0f34,a87a4eb3def2d61f992653c54c5406c5,2416,1736,c1ebe785503a,0.9528
c2a58b2cfd0b,0,2812,1,False,8a8c1176dc9b57e455cd2db385d668d1,9c17afe8d2a7d25fbc0abef97a06448e,1050,1050,fa573163dd8b,0.9941
c2d2b4f536da,2,435,2,False,ec7b3c14d910adb43373f6df0b155517,e3cbd6dad4d9805ca8496964e9e904eb,3216,2136,1ee1eb7943db,1.0
c2f3281cf528,0,2814,1,False,5c1df4db45000cef08f61274053dfe3b,2b50515a94d68c6db71490336dee70ba,1050,1050,415d5c5e785f,0.9921
c31651ea04c6,3,2815,1,False,8f69c9cf1270c9f4181cbda52064e5cb,38e2b7a466ed4a4c67d19d9ee5385b8a,2588,1958,8d8aca52c07b,0.9095
c334f8688b77,0,2816,1,False,36ee4f1ee68c43abba8cff3678f87b6a,c25e4fbecda26319e66d8f1c7dc73166,1050,1050,abbb8791785e,0.9921
c365c598ad4e,0,2817,1,False,8701a913f0b937a29dbed9e3a6904378,7c48738fe126a341e4a1c893297fec9a,1050,1050,7d94a000c2d0,0.9938
c373b73a80c8,0,2818,1,False,09c1ed8ef7c11cc69deb26ebb8acb16e,b5b7df37d9ded5b6085da756a75deb54,2048,1536,67ed8cc78b97,0.9779
c3789c1dab96,0,2819,1,False,d99508ae9c8d23dcefab2ff07568c3d0,abc4315f5cbf7e4bc350af40f7b440a7,819,614,207dd0487264,0.9785
c38dec54a9f7,0,2820,1,False,07aa9942f4692f7b022b4447467ca730,d49f608b91796c7a1e865d0d375864ea,1050,1050,29a13e666266,0.9876
c3a82acb7d7a,3,2821,1,False,5a90e9daf9b6985eb2093150b5e00728,9da0517e7e5c3b64f322a3f36abbce7f,3216,2136,d9ba044671e1,0.9756
c3aa424eff9a,0,2822,1,False,73181517fd39d33b4c851eb49542bbc1,18edac55475d56afc8bc7984790928fb,2048,1536,07e827469099,0.9699
c3acf47700ea,2,2823,1,False,2e309070faff04d94cee94778c92d84c,eb7580de130c295483e291a7e46efa99,3388,2588,c0202976c670,0.9147
c3b15bf9b4bc,0,2824,1,False,b7be7c14c7542c038f194be0babd52d6,4fb08e387dcc88a2edcabefb5b390577,2048,1536,50915e2329a1,0.9746
c3c8fdda50c0,0,2825,1,False,9c47ec447098f10ddadf0c8c85fe278e,c7276b303257970d182c93a2d3874f7d,1050,1050,357f02a779d7,0.9916
c3cd0200df79,3,2826,1,False,4ea3688404711998724fbc677a643466,bdbab2cc62fa9122c4e5e74a4005b76c,2588,1958,49e4b95ee2dc,0.8796
c3d12a23f451,4,2827,1,False,fe3e6b512ea59fbfce62a25a895d16f6,c4746c7be417beb3b9919604904bbe09,2588,1958,c1896142a20a,0.8902
c3e02d4a1798,2,2828,1,False,402c5106741c7823cca620307b4a0585,9b5b8f9b66079387e58d6bfa146150fc,3216,2136,f2094a20b275,0.967
c406325360b1,2,2829,1,False,d1f531d761fd394d2668bfcd30a655a9,34cff783521cc1b8c86b33344a14b504,1050,1050,f4d3169b468a,0.9906
c40976189f22,1,2830,1,False,5ee92ff5becf3899614de89841af0900,3966cd3230ebc8c7c33716c1ceaf9074,2416,1736,a5a2a7003d60,0.959
c446985355f1,0,2831,1,False,86c2ee692968912b1f1c89de8337901c,092828bae3a4da6f7d29f1fbea9f057b,1050,1050,cd8da43e3069,0.9812
c48ae5da188e,2,2832,1,False,380c8960c86497ec19b9a864d3536a62,603ce23269dd4578bc52ebd61645634f,3388,2588,e10190a9d52f,0.9471
c4a8f2fcf6e8,1,2833,1,False,8f8c8743ca5bc1e162e4910697e51a2a,a0572ac62615bb1a925e718284a05877,2416,1736,17eff993386f,0.9735
c4aef0d88d1b,0,2834,1,False,fe4ed4859f04fc5cd7e751d452687b30,94d865ef94e18042e947b061e88327e4,1050,1050,c6d4e4a3bd4c,0.9819
c4e8b1ec8893,2,2835,1,False,40f29022ac4445fe9b2ad1b618e59ac2,aa518cee84ffd28bab866a109d9fd164,1050,1050,916915f01e17,0.9886
c52bb7343387,2,2836,1,False,62113a252edd6d4564f794e5da6f7272,faf6e9438f4e873417cf73a9d886bbd6,3216,2136,8e20b8fac7c3,0.9679
c5431b81cbc9,2,2837,1,False,f65dac92605a16a04fdece42faf789af,97ccb836514e91baaefffe6a337a4c5a,2588,1958,5347b4c8e9b3,0.9041
c546670d9684,0,684,2,True,cea1f713f6a0738a09ede3e4bdabebc0,3e88cec9633191fb1e5e074599bcf66c,2416,1736,30cab14951ac,1.0
c561bcd519e9,2,2839,1,False,3f648414a06b92ae1cf71287851748ac,a35dfa1e0e650b54a152f2fdffc713f5,2416,1736,f9e779a13204,0.9227
c56293f53191,0,2840,1,False,de7d9b0abc84669e6772f358c34c7eb8,d105f81941cb0a82ffc52267aa8018f2,1050,1050,0423237770a7,0.9939
c568e5245ea5,2,2841,1,False,b3e2b88020d1a2789ec3178101a045df,224485ab4cb9e799359bd214f47e28cb,2416,1736,ad1f7445b1a8,0.9717
c56e65f74187,1,2842,1,False,d89eccf054456311ab0bc805399a71d6,e4ba52333bff71af537c4fe16fc50010,2588,1958,b3819a805dca,0.851
c57c164bca05,0,2843,1,False,735e0b463a6b52a5049c53199b1f90a8,07373c0780124aad94373ab2e593f5ee,2588,1958,44f7f3ef9d50,0.9156
c58971bcebb2,0,2844,1,False,e5feb5169d95fb17953ae4a40ee2d1ca,a4ac736bcd3a33af50270da5aa54de6e,2588,1958,b3d12069e1c5,0.9423
c58e5c0c5b33,0,2845,1,False,ed860f21195f570e9a671b1a9e245924,a8f397699c73202c0754bcb227d6fbbe,1050,1050,6e092caa065f,0.9948
c597ef460944,0,2846,1,False,8ca6b8ffb3f7ff618838ad4afea66bce,5931965108440ad334796ecfe38ef945,2588,1958,8e6df9eedcd8,0.9343
c5a0e84e955d,0,2847,1,False,98103173c907b9c68d51661595ebec36,bd81da56b21e48afe8c6180f4936eb42,2048,1536,388279491b5d,0.965
c5a6f432a1ec,0,2848,1,False,1962ff9b23c1b26d4d1332d3985f0f5f,e788e2005a741caf8ea44c373c5a4493,819,614,f91cfa82b9d4,0.9677
c5a9ebef1517,3,2849,1,False,049df470d990de39b1c404bac20c7d6b,eb599e22b892014d1b76be00a03e41a8,2588,1958,41960d5f58c2,0.9019
c5ad60521f8c,2,2850,1,False,93957dc14618096aa51e05be5797027b,cdf48bc9d80f7484fc8552a3d9fabfa9,1504,1000,cd3fd04d72f5,0.9671
c5b58cc992af,0,2851,1,False,9d484e87854f2e2547b351f8884998b5,d9486b355c13ae2d1bb2813601f1c85f,819,614,1cb6961d141c,0.9877
c5ba9e455d5e,3,2852,1,False,d1ca8f3cb22e78bcfd85d8d967a4323b,4f0a0b357562970e2b23ef122aa81c73,3216,2136,d1a24527a15d,0.9608
c5bec7f1e5f3,0,2853,1,False,43f5958e2952bcc557360d690fd7134d,482f8c9d30a030b8cf5c4e789ecfedb0,1050,1050,a0b7ad98df57,0.9892
c5e238aa18be,4,2854,1,False,3b54e0db0cdd04ea24f315996d4d96a8,00b0ba47d2107774d7d3a7f194bd6738,2416,1736,655cafb4c932,0.9282
c613db1cab27,2,2855,1,False,1a9374ca0607efd847775d96f2da1e5c,40a529a550e72f41a9ec43cb25b86bec,3216,2136,99e8bf998285,0.9719
c6229222bf22,0,2856,1,False,dc39c867306d179ee5c987e57b8d5028,74cecbd644c713b6fa795049a4694f7b,1050,1050,974c7d7b9c64,0.994
c62585bd68fb,4,727,2,True,a422e44801bd55f6166efa64d3750bb6,56b94dd9176fa2f028bd1ab63b29c944,1476,1117,3435fd8675a2,1.0
c62cef02efa2,0,2858,1,False,29e5eb2d4df9d3914fd17a7a83a3b4e3,750cf7f25ddd528094568829b248629f,1050,1050,18b99159a14f,0.9938
c639d837f5e4,0,2859,1,False,725d614bd3e6eda49a5349c47c0e200c,b87c6798b00c00b709584611be092873,2048,1536,f68690db78d3,0.9854
c64c0966b4cf,0,2860,1,False,01298f0e163a86e2e9b48dfc4c8ebd1b,63ba36dc576dcf182f4f7438af0edbb5,1050,1050,9d1feed37610,0.9922
c67117c6ab3b,3,2861,1,False,e5b1ab23deddfd33b618edadf8b2d3d9,20aa0c7439fd7137f537556a16e7bab7,2416,1736,7dee6bf8b9c1,0.9699
c68dfa021d62,2,1081,2,False,b5b7d8571461326767d14d895f56f41e,8f7cd934fa5a60631b7f8959898af504,3216,2136,4ce74e5eb51d,1.0
c6916bc42016,0,2863,1,False,9aa127523cb35ae02f99b00ce82a00e4,ae3e09bfbfd7ff6a096265f105e27cf8,1050,1050,586f5c56081e,0.9847
c6a145742708,4,2864,1,False,baa3038be8d0ecfe273e73a0a1525288,ca1156a080fb8583435063fa72112cd5,3388,2588,d9311f7497cb,0.9566
c6a2975228af,2,2865,1,False,9c67afceeaab7359e93410a037daafaf,c1fbff290f7245c81068af7dfa942ba2,2588,1958,63d217b059b6,0.9066
c6a8f8f998a2,0,2866,1,False,002ba0f539b4e60744b7f0b0ace761cb,021c7b47bb2fe8f8b438278070674ccb,1050,1050,475300735b7f,0.9944
c6c2bad91f23,2,2867,1,False,f61b97fcda688f101644fcd041b82f36,e26089388e53dfc13653393f5c397c45,3216,2136,bb733062f494,0.9826
c6d4e4a3bd4c,0,2868,1,False,a3fc961438f44adad9579128e336d2d7,20004c29d744380e35b7e968ae2e721b,1050,1050,b2b7ccd34cbd,0.9931
c6e1e9fbf39b,2,2869,1,False,d4d25df30bf2369d9d7fa683b07e495e,3c862c7f5c64c83db5edc55e6e7ac191,2416,1736,a21b37719f9b,0.9667
c6f5b5b5be41,0,2870,1,False,b49fc6e03cefe6accdd45d6cc0f0b89c,158b9fb8d3127b37e3c2d5438e991cbc,1050,1050,66393d8c60ba,0.9873
c704bd669f36,0,2871,1,False,7297e7a29e64362f8fe30bf0a90b145a,191bc271e52cb9ea2db9ad27c798b4e3,1050,1050,c096131ad065,0.9889
c70d09370109,2,2872,1,False,747e0e3908bb642a60d2a57980ef7dee,8111f21a48e2a9e3e33978bed1a83c89,1050,1050,e9ce5bf645ab,0.9919
c739ff9580d3,1,2873,1,False,edf1a5147c3aab47463f1d63530c0f84,3d7f3e03526c5a8fe911603cd41c974e,2416,1736,99132193eaa0,0.9702
c73c5f6ef664,2,2874,1,False,8ee6a1d949f483e65f6ab03f0fee6922,3ada424397571bed02e2f8e75217ec43,3216,2136,36677b70b1ef,0.9806
c755a0c4edcc,0,2875,1,False,bea6c35d65a534596a269abc593f86ab,424aa660788a86e649169942090b89bf,2048,1536,53ddae6a619e,0.9682
c76664770c07,3,2876,1,False,b58eea3e41251e24c4604d8508b59085,37580630b81780048222cd2161548b5e,2588,1958,05113073b268,0.9274
c7b622ec8104,1,2877,1,False,f131d037948020f61702040a1fb25c36,2342319ee8166dabc2a117393cb2bfc2,2416,1736,fe37f4492920,0.9708
c7c0470bcf87,2,2878,1,False,7f3bb0f9da2c903eef4e7d967400cb76,2859182908023b507bdf60c2a60f4c71,2588,1958,9a7bd084395e,0.894
c7c3d363bc86,0,2879,1,False,d1a16f0994071ef87a064138ec928ade,68380c74680cdc73022862c76083b24f,2588,1958,1cc58b15f466,0.9136
c7d0deb71576,0,2880,1,False,50d122eda1c11832c98fc0eff4953d44,8bdd091da1dddcb616387a24679278bb,1050,1050,fed5bb685832,0.9919
c7e827fc7f41,2,2881,1,False,a6e3228f565fc37413cb4c8fcc9e269c,1969d109ca235978fe0a6540254cd04b,2416,1736,a8b637abd96b,0.9512
c80b0f27541a,0,2882,1,False,481f4847e02a81334a031609e11157e6,a25db88ed79413cc2cecfb005912fafd,2588,1958,7efc91af4ae6,0.9141
c80f79579fed,2,2883,1,False,17ce17d1865e8fde3d16079f987197c2,673e0e848abfe379347eb45845284d71,3216,2136,e499434242cc,0.9797
c81c6911f5e0,0,2884,1,False,2bd824862bb454eec8b410adf1d06724,18ffa9435db2386d389ab680e160436e,1050,1050,197af0de76e2,0.9915
c85b79d70079,0,2885,1,False,31b3bd72863ecc3c8d2e0b15ee667e06,ead54ed5671dac84339119b02c580973,2588,1958,65e6f1bd9875,0.9134
c87493ed320c,2,2886,1,False,1b7814f1ac71327f9cd4fd3a5032b6c7,6aa495749f9fc24c5b9c362b17f2dcaf,3216,2136,51030843fde2,0.9676
c8823cdaf7fa,2,2887,1,False,df54dcdb84dba05b43d619b5bc2f5f87,a29e08d400d0b6a6454487bc45306e5a,3216,2136,d28bd830c171,0.9668
c8905b8d5cf1,2,2888,1,False,31316d9c3278e18a98ab2e689dd2ab20,bfe3b7b678643fc754160cce8e10838b,2588,1958,50840c36f0b4,0.8977
c8a3eb9a5b52,2,2889,1,False,427febe2459b1bcb8349c5de5b531048,1089c4e84145a6f83484949be9d1732a,3216,2136,a32b5ce3d48a,0.95
c8d2d32f7f29,4,43,2,False,c04aefbe905a9452432f505d23329e1c,65dbb302a777ea32e990ddf9fabbbb57,3216,2136,034cb07a550f,1.0
c8fc0df22999,1,2891,1,False,88ca339101874e2f75393e34cb7e592e,b94ea83e8acf726019608fc05ae9d1e6,2416,1736,64678182d8a8,0.9548
c90c6b94cf40,0,2892,1,False,ec1ce70fb80843d695a4e8bb87335110,6fbdf7c19862e3bbb0dcb611d9736963,819,614,aec51513cf45,0.9647
c947bb6cf9f6,0,2893,1,False,b0c2f34a42c5e30d1bcb3ef79f39d486,443336fdb9d8367500b464c6bdeff6d5,2048,1536,40dd4e6e4444,0.9888
c9485c38fdd5,1,2894,1,False,8516c5b13d646f6102f6102e3e2428f8,151b97b5d4d0f211a67a26b1c0c2a695,2416,1736,27e2be850a99,0.9525
c94f37085d0f,0,2895,1,False,ae9debcf9ad10d52fffc16bd06000c20,92203ca7cd1e1ab171c2987bceaa19d9,1050,1050,cfed7c1172ec,0.9869
c96f743915b5,1,2896,1,False,2d38603466d05e0f2a0954ccaec1f44d,54b738fbc58c3aaa2efa1ecef12ed6d8,2416,1736,48c72dec46e5,0.962
c97472ef2c66,0,2897,1,False,da7680eab0517cf38e26428dcafcfdd1,935f3ec0bd2b92a309ce371a4c6a4ab3,819,614,99240ee00485,0.985
c98f623d08d1,0,2898,1,False,53d66c0a14419965c960ee2456e59189,e0d55f2bfe1bc6dd3fe71a57905c5177,1050,1050,9d75de31f1b8,0.9912
c9c563864ab1,0,2899,1,False,a1d2c86dbb8332a2d3f8a756069d78a1,058e678c59c54c78b3d75795a1b8d5c0,2048,1536,1ee355480567,0.9665
c9d42d7534e0,2,2900,1,False,3bf6eeb814ec23e4237829d5e820327f,3e108c0b353b2305d43cc7a0acd5cdf1,2416,1736,6f923b60934b,0.9697
c9e697117f3f,0,2901,1,False,0d7ab378328480f25dfa2c6be0dbfe43,d9a81daf8bb1acffd0bc0f5e86094a3e,1050,1050,e135d7ba9a0e,0.9934
c9ea9d5eab65,3,2902,1,False,67e3f743bdffe1f16b06fcf42963d144,833d1e362a6f1eca3c663fb262b9c50f,2416,1736,89ee1fa16f90,0.929
c9f0dc2c8b43,2,2227,2,False,5e85c7ff25e879de224c15aacb11d553,041cdb183d84f7a3a0988489aed37f95,1504,1000,9c5dd3612f0c,1.0
ca05f7e7801b,0,2904,1,False,740968cd572e9239b1f8ab35e52f8b4b,db0ba08ce70e05610e63b4bc9c119da4,1050,1050,3323fd59782e,0.9741
ca0f1a17c8e5,2,2905,2,False,523b5e9da719b5d87b7d28b22fba31ce,f1ab5f598cce527b02c5cdb0929c0b42,1504,1000,ea05c22d92e9,1.0
ca1036496659,1,2906,1,False,a994811a26ce7e8414110edbf5ec12bd,f877ac481d7933bbcc5349ea25850c00,1844,1226,1f0e223b8055,0.944
ca25745942b0,1,9,2,False,3ac647a4d7641b4e22dd19bd697a7817,31ceffeae19cf633a0b95c86069b6eed,2416,1736,00cb6555d108,1.0
ca2b54b95ade,0,2908,1,False,e9c99fc41be9af7fbb887ab0ac0064de,0f518ace3efc8752a99681dfe4926fdc,1050,1050,ab686895533e,0.9889
ca30a97e9d13,1,2909,1,False,8c334ad99972350aa3cfc86e30a30d83,800b7e83efaa1a936abfd42bec1d4c3a,2588,1958,cc9270f06b65,0.9198
ca360bec5851,2,2910,1,False,8ad0a646ed303717ed8d8003bd338dae,2b72d8493249b34c41a8a6998197061a,3216,2136,0e75d51152fc,0.9477
ca63fe4f4b52,1,2911,1,False,a6ad42a852de8c827063b315315986a5,23a12b6e2b2dde6980675718426a1ccd,2416,1736,44f4ae58990e,0.9701
ca6842bfcbc9,1,1730,4,False,7466afedd7c8d829f842228478bc65ee,59aab23abbf869f5753b7964b7f0dae0,2416,1736,7a3ea1779b13,1.0
ca7140ecf389,1,2913,1,False,189190736f698d83ed9f436b7355998a,61e43147be42292dd497c9d550c77a4d,2416,1736,4e43d05cc2ef,0.9305
ca7570c5925c,2,2914,1,False,5b3aec42f5b938eb737c696ced315573,293f45ad2d440e3701cbbccda38bfa17,2416,1736,19722bff5a09,0.9514
ca7f5caddf96,2,2915,1,False,27ef4823f2a3cd838feb0d57eead9c91,d4cc2cccec9ca92bb7c105740a992f8a,2588,1958,c62585bd68fb,0.8613
ca891d37a43c,2,2916,2,False,217c348de53e4f70b11c66a925b26863,2174099c74286577502029dd39376945,1504,1000,dc3c0d8ee20b,1.0
ca9c912ebad7,2,2917,1,False,abce39767181c87bfa48c14adbd32872,fa86430f1004637e1129584ca2b43789,3216,2136,5188a8afa879,0.9805
cab3dfa7962d,1,2918,1,False,0cbb2a598638f0c20d2e8372cb51b24f,29a98210a8f1a40b102b79725d20ef9a,2416,1736,7cc4b7aabe04,0.9731
cac40227d3b2,2,19,2,False,02e855cb5c1eb05c81e6fd027ccdbcf2,5a90dbebfebf36f3b4e98995cf566ae6,1504,1000,0161338f53cc,1.0
cac80797770f,2,2920,1,False,04d7dbc280702fae8fa07ce545b15f92,dd6904528b9e2607cffa184a6e39f36d,2588,1958,b6a0e348a01e,0.9337
cad5b1a82e60,0,2921,1,False,99eb393c1e9d01c382db562efb4731de,7833bddb94208206d59c07aaaa23893d,2048,1536,d56d32a1d62d,0.9572
cadde4030858,0,2922,1,False,d6e8a444ec84488d04fdd0bbfbb03824,517d005d888e675654399cab99589507,1050,1050,a76132e79688,0.9906
cae33655ca00,0,2923,1,False,c8187ae2b8fd9938099ba07bb9b93fc0,cf44be8b9a601d52392e3e1e6aab1e70,1050,1050,93421787f520,0.9903
cae51154e1ce,1,2924,1,False,d58d69362ea3b53cf6104731900daa6c,3fc5e834fb0a75c0dcf16d5aeef7c85b,2588,1958,248139c423c4,0.9277
caec68f11c86,2,2925,1,False,e14164dc015af573bc12400b561b4823,4a6acbfa673f7d731dc385de556a7cdf,1050,1050,cf8ae5501bd6,0.9936
cb02bb47fdc5,0,2926,1,False,729a0db2ca8293b4b8b2bff2669e628b,685829ac72c74e15193ebb9084e97c9d,2416,1736,1116271db4ea,0.9413
cb0cc98d7e35,0,2927,1,False,3e768f69c195fb029b90169d701b867b,445806624f009c1779d56338d6587722,2416,1736,58184d6fd087,0.971
cb2201c226d6,0,2928,1,False,dccae381bb1dbd4e01bd63327b2e0b4a,b72fc9bf7057c8fd5c134861034b72d5,1050,1050,1f31701dd61b,0.9938
cb28adab4e8a,0,2929,1,False,222258747729f7e4d9b366a41aa42823,90632a9d9830d5f611c57111ae6e8911,819,614,80dbeb0fdc75,0.9783
cb2f3c5d71a7,1,2930,1,False,1f8758be5a485cd85ec35e98617141f3,2ad6e72e00219e25368ebcc00ef16cd5,1050,1050,b92eacd1392a,0.9936
cb39761f0712,0,2931,1,False,2ffbcb7234e488f40d4c7835712a2bd1,7a24d64ed1dc0d34fc4395bcb34225e8,1050,1050,3323fd59782e,0.9912
cb547e723a16,4,2932,1,False,e4036b1a5d9f30c89d2cf1e8771f1f5d,9564fa406dffc8a28a5269a66c867b9c,2416,1736,db49cdf1ea64,0.9654
cb602182cde3,2,2933,1,False,4a15adf384eb368af61670043fe9a425,cd52bbee815c5951a7dbf7c45d022134,640,480,f1979147aad4,0.7918
cb68fce07789,0,2934,1,False,d4e6e2ef7a77c4c7c8830d8ced5c5bef,38f65e4997afaa87958438eba8c39fcc,1050,1050,08bef347f40d,0.995
cb75210abebe,2,2935,1,False,531ffad7c3400edbf9ff9c14051fde34,373025a9b520e0678b1167e77125b58a,3216,2136,1943983492e5,0.975
cbc23af521f3,0,2936,1,False,846000c4405cb81b0bad94ed5592bcc5,d706dee46ee3380b8043b0435a6981db,2048,1536,2f7fbdcc9a4b,0.9763
cbc2e57447c2,2,2937,1,False,62481b5c6e7213c39797d932e566e090,5500a4d1095da1a063fa51d3c3ae40b2,3216,2136,7d3835e4e63a,0.9697
cbd0870aa933,4,2938,1,False,80950e4e2ef707af597777ff66eb5ee1,bb48a004bb5fb1a38a76d758e0d43cb9,2416,1736,83e529e95b0e,0.9555
cbe633765ea7,0,2939,1,False,80b947cd741f4e1950789fd43f9fa79b,9c433feb3b2d7c3c208e3e872a11b338,1050,1050,a4ee03ecff60,0.9938
cbf0394039f8,2,2940,1,False,dc0d452b8d6b22f3cd27a791e9220976,403f8a2054aa0fba617a4fdc246e4a34,2416,1736,7f60f2a083d3,0.9511
cc12453ea915,1,1450,2,False,c4554a3c1170517ea907f3577a548871,058131e62937fbd7df7ca38ca3f98f5a,2416,1736,65e51e18242b,1.0
cc1eebed9276,2,2942,1,False,7bf17405254ca590e0260e283d19f872,3178a9857ffbc0d9fa9b895d3262206d,2416,1736,f7fec8935126,0.9541
cc3d2e961768,4,2943,1,False,81e4ace796e6aec61350c34c44f7e476,c65fffe9369f3fd11d76a61deaafba7b,3216,2136,49c5e7f6b8d2,0.9375
cc671a73e1cb,0,2944,1,False,31024db98c30e1f24b3123424086d47a,b1b11d4698c131f4e10a278b3b0f5301,1050,1050,45369821d6a3,0.993
cc839823755b,2,2945,1,False,714345499fe9208da9ae6a030c49dbce,4f2b252cf418dcd2a4f1fcbe23a5218f,3388,2588,1a90fad9ffa2,0.9607
cc9270f06b65,1,2946,1,False,8d29d2748f8c85b30a5b4c5fc40091fa,f304f9997d42e74add837cfd6b0a9d6e,2588,1958,ca30a97e9d13,0.9198
cc964bf04dbc,0,2947,1,False,8422f09b839efcad7710a338fca82f2b,c8a91ac6590b350f99262d66836361d2,1050,1050,ebf4b22240f4,0.9921
cca626a0e19a,2,2948,1,False,3031b54c2e3484edf60a95bc69bad860,7fe29695bdbe874a14735f162019277e,1844,1226,975252e325e3,0.9614
ccd34029493d,2,2949,1,False,7bb44c28eda1a2ddfdb7a0a349556c07,27e64dd108484f53b5e184d67474b005,3216,2136,5265dc9acdf8,0.978
ccd6dcb2f568,0,2950,1,False,0b946698acd3d7bab6a819953b5bac33,ad20c8b259b4e6a2563c8fbdcac2b49f,2048,1536,f71aca5a7dc3,0.978
ccea49708830,0,2951,1,False,f7a7494d34f03da17a3b83692c388f20,fa415305ce2718838d5a6028a6f0be72,2048,1536,0cae727cf119,0.9718
cd01672507c9,0,2952,1,False,e95620b180b5ae6b6969ec05d84805f4,78e6f9178a0471d741bb06c2af3fe43f,2588,1958,9ba469af2980,0.9144
cd01f4f83336,0,2953,1,False,38079fb30f3eb707a4e819023d9ec5a6,15f6efdf211aef44ae29b2fccd2a945f,2048,1536,1b3647865779,0.965
cd1c98ec48b1,0,2954,1,False,2f37d7ac0c89973db3ca7163c3cff767,67dbba1384405dbf5e8b3e44b992a1df,1050,1050,52ddde91a349,0.9943
cd29c88c9e36,2,2955,1,False,e4202c6db20265c642ebd744d2db7ff7,9ad6735960125f00b8e8d8f9aa90a88f,3216,2136,6a244e855d0e,0.989
cd314653a4d8,0,2956,1,False,68957e37b01bce4acb893c949739d5f2,8861e332bd933f9ca3a59fb259e85c08,2048,1536,0abf0c485f66,0.9864
cd3fd04d72f5,2,2957,2,False,5481e6578b7ddedb9ee4108cc7f85d28,32385087b6fe1eca52789ec63515b016,1504,1000,d81b6ed83bc2,1.0
cd45bfa07d41,1,2958,1,False,426410dccd5f174d7ca0c3c800f1e75f,a371b02b7e3d8ff8ccd523c9713a9661,3216,2136,52886bed8a07,0.9712
cd48cfab4e44,0,2959,1,False,7f614c48fe026507bc299145a5cc583f,85e738e6caf275c2985332b3090cdb44,2588,1958,2682e6da9050,0.9184
cd4e7f9fa1a9,2,2258,2,False,985d2ef214d747b029d0390eacbb90cd,6cd326ad104f5c41ba6dc97d17f4bbd5,1504,1000,9f1efb799b7b,1.0
cd54d022e37d,4,2961,1,False,deceed957fbbd45e7c6c68d6cc4ea7de,0106224580ef2eb55482eb2c0d282ca1,3216,2136,4ce74e5eb51d,0.9766
cd563556cb57,0,2962,1,False,3d6b1c4acb97239e0d3320e71314ba5d,3e25f712e34e396ee52b3cc6e940eca1,819,614,0fbbd665431f,0.8972
cd5714db652d,1,2963,1,False,e623d3fbc9c57c71eadccb17cad8767e,7d8b6757fe435238a80a8c700b53c55c,2416,1736,3fa4f4d77177,0.9632
cd66754e1b3b,0,2964,1,False,b42c74bf615502921a5c24a664defffc,483ee30eec11a76bec0c0cfb01a71a91,819,614,540e4973829e,0.9854
cd8da43e3069,0,2965,1,False,64a0ba40b20eff56dc4b622a41f93021,af45f809f7208a1bc90d53d64a6132c0,1050,1050,f7e9fa75c7c1,0.9857
cd93a472e5cd,4,2966,2,True,8472d5c5f7834fe2a149ac3d256ba4ca,738116e0c7a32b8e8bf9a5f3589590a6,1050,1050,d035c2bd9104,1.0
cd941e5bc659,0,2967,1,False,88cd0c0af6cc4464b0cd518691bccf81,8b21ea2d4f21995d3046d21a8f2f5aee,1050,1050,08bef347f40d,0.994
cd972e5639e0,4,2968,1,False,93ee7009f66b90d462e690c210d5d071,0568d105f49fa525e51c7db2205856cc,2588,1958,8ae049175db6,0.8888
cd9e2190c73f,2,2969,1,False,2b2a9ab01528c7461979cf8107e3bf6f,74529f9f3784d533c38ee94ef4f6a476,2416,1736,fca931da5c5e,0.9515
ce207b69ff37,3,2970,1,False,7e89f3416787b741839d654eca6e8727,7da340361382f5d1a8a643f00445650a,3216,2136,0e75d51152fc,0.9728
ce6f33a81ad5,0,2971,1,False,82fa0e2ff01e20153ce6069197090402,cac9068d753821f5be8b9a88ccd69198,1050,1050,08bef347f40d,0.9939
ce754234d760,0,2972,1,False,6d3a334812b233e73a67db87ad57b222,e2cddfbf3c9d4540b1a229fcd582cbc5,1050,1050,05339950962e,0.9873
ce887b196c23,2,2973,2,False,760a5f40f35dd1ca462fbd81d190ab92,b84967220c86d1ad82ee53072f338da7,1504,1000,e7a7187066ad,1.0
ce8d2efd9d4f,0,2974,1,False,8d818d65fdf78cc87ecf7f84e3c1759f,7cc68350da0ea6c6b48b8e30ce19cb6e,1050,1050,cf8ae5501bd6,0.9934
ceaa5803d780,2,2975,1,False,d6033c3ba2c7b585b1b97d537717bbb5,2edad22ba5c7bd87f053fb60b461af28,3216,2136,a125377fb985,0.9626
ceb32a193eff,0,2976,1,False,eb5828730bc308e11177de3988ada8cd,209f3b4df5b15756a9d6bde8da515397,1476,1117,0097f532ac9f,0.9164
ceb601fe8dba,2,2977,1,False,4f8c7367580d290031e9e75dcfd5243b,0f9394d412a20ffe05760135f96300c5,3216,2136,59e5212f7139,0.8957
cec299c2a2d5,0,2978,1,False,57a56c9c8916ca983c4d94e6a9102347,2bee38b2b110f3323bc80b066241d33a,2588,1958,12b57dac703e,0.9262
cf0575534cec,1,2979,1,False,a932ac088b683e23dba838e8a41c31cc,23bbbf6f77eff3fc9459a2e074ddf9a3,2416,1736,01eb826f6467,0.939
cf0824f53dd9,2,2980,1,False,5caf87192bfad26cd79412c80bca48cc,58d2212a99bf2a2e330ef20040286375,2416,1736,3a1ecf5e2839,0.9558
cf1b9d26d38d,4,2981,1,False,8ebb1419e887c95e84efccd9ed9ed52d,33eb9568dfe4faeabd73bb95fa8af6b0,3388,2588,475c7ded0f7a,0.957
cf603a9ef2d5,1,2982,1,False,d3f45a4312dde3fc79a8d88732f1d09a,1ec364745c3c750f68def1d5187144f0,2416,1736,0684311afdfc,0.9598
cf6551521a35,0,2983,1,False,e6c31d112c8eaa6c66ac54622ec7e83e,2e4ac91a3d99b89f482a72276533c876,2048,1536,022f820027b8,0.9715
cf8ae5501bd6,0,2984,1,False,03d4e64eb4fcf0e01736bc56ea50dc78,c2330bc9e8ab63f6fa5fe127b57b5cc0,1050,1050,caec68f11c86,0.9936
cf8f1bc7a215,0,2985,1,False,865eff807b12874b7cf03d9ff33919ac,33080941399f0f6d6f47ed15f0a9e13f,819,614,28f73575e1f2,0.969
cfb17a7cc8d4,0,2986,1,False,51c33f1f0eed960b342995d0a82973ee,25df80ecf99e736a29ef4a23f72560f6,1050,1050,9b4fc15df3c8,0.9602
cfd1bd0fcbb4,1,2987,1,False,00db9140e66ba5debc9e6044f6c1564f,62fa196e30fe5d9af364007be0af98db,819,614,1d11794057ff,0.9525
cfdbaef73a8b,0,2988,1,False,8a992d471910dd5df4cc0ecd2a30bf57,4ec7b503e3e3859e8e1876270a77b7c6,819,614,4e8585a96739,0.9328
cfed7c1172ec,0,2989,1,False,878020c2b5801d3ac38d5fee4fb3f6a6,a66656875700e6314e803c24363f3462,1050,1050,974c7d7b9c64,0.9955
cff262ed8f4c,0,2990,1,False,e6f8f2c7334308f92337f8e33b70966a,ff66f1973857b4b917049fe325493d1c,2588,1958,4dc2211a1c31,0.9245
cffc50047828,0,2991,1,False,e1c71faf499173d114d24d5a4fb9e1f8,b18526aec772513c5000202f4ddf7b86,819,614,94b9ccc73bb9,0.9706
d0079cc188e9,3,856,2,True,aa0c64b332d5317ae2b0634820d10bb9,f55d65873bdf51a9d9652f82eec7770b,3216,2136,3dbfbc11e105,1.0
d02b79fc3200,0,2993,1,False,a56e385902ea2139314c16af6c3ac331,e615aef477dcede9ab90d253a9e710af,1050,1050,d1b279cc02ae,0.994
d035c2bd9104,3,2966,2,True,b13b2e7cfa8fa4e6005b29a0e0d31588,8cfbd8ad2ac022f4d82a727ea2fcaba4,1050,1050,cd93a472e5cd,1.0
d06ccd0cf4b8,1,2995,1,False,b412baf375256a50ec2893497efdd266,c19755a7b24dbbfa609ef10275318a33,2588,1958,e42d9a94a66d,0.9189
d0926ed2c8e5,0,2996,1,False,a285087588b711105e8dcb733cabfb08,00801991b1f906ba719c02e0ad57abaf,1050,1050,f4df3d86688d,0.9937
d0b132d2c7ec,4,2997,1,False,6a85f11ce80af3f479fc3df592e45e9d,9b71b62c4081066e868512ecad2c37ce,1050,1050,90bde2ff8953,0.9895
d0d59ed675b5,1,2998,1,False,ac5d7b005086da00e904f00644eb4764,d88951b54cbc6172b4f1e086940fad49,2416,1736,abdb365cacbc,0.9754
d0ffa0425ef1,3,2999,1,False,0f9a6f7dec9d281f2aa729de6bb33ce3,2d801e67796468ff38d8ac13c39fe634,2416,1736,101b9ebfc720,0.9463
d10d315f123f,2,3000,1,False,716d0e52dac3839507cb022f50202bd6,393a7fa0b6efbfa42d1a9508de748300,2416,1736,0a3202889f4d,0.9391
d10ef306996b,4,3001,1,False,7edd0ccfabb42dc775f2cf7513f4df69,bc5800fe092d93a250f4d1c2d89351e0,3216,2136,6dcde47060f9,0.9684
d141728fa392,2,3002,1,False,5265eb25048e543059052f237940e30a,4f7d7781d761a148793ba134bbb58655,3388,2588,e1e490773462,0.9686
d144144a2f3f,2,2547,2,False,4a705364c825e1b27d8a1c1a167a64ce,76ea22f0d48f5c65c30b9f3f32b517cd,1504,1000,b06dabab4f09,1.0
d15ca3469b87,2,3004,1,False,2babf9e466e326e313c7332f0f4c86ae,77b28fcafdcb4da38092c34923345359,2588,1958,d3e884109b45,0.9184
d160ebef4117,0,3005,1,False,fe82e62f9b8bc67c8217d62e67a69116,860d27a29139caff1779de6832d8ecdc,819,614,36e4b704b905,0.9417
d16398c971e9,3,3006,1,False,c51074bb0afceadfca493efe19851582,ad0a89e966f2df7a3ca3d12629ed303d,4288,2848,01c7808d901d,0.9253
d16e39b9d6f0,0,3007,1,False,55b28e5c71bdd02d293d0a237630ee47,2227422c4315c78b9ee658cb6423c31b,2048,1536,76f3473df8a6,0.96
d16e59a2b33a,0,3008,1,False,ae951821d4b9bc902b503da3d45b32b6,5a27c116473a84c220285f7eec48cf70,1050,1050,a1edf0e66592,0.9883
d18aea8238a0,2,3009,1,False,bec2e5bccb3a27b5d059136992eb3915,f712b36036f1fe16b5698ee86f01ed57,2588,1958,b6fd109b1bc9,0.8704
d18b1d8ac4de,2,3010,1,False,d0ea13e0d0984eafa891afe95e151eb2,23a58e071b55f6c7e43cf07edd23c0ec,2416,1736,44f4ae58990e,0.9524
d18e5b68f6d2,2,3011,1,False,8cecdf29b99f072bedd98e308de17def,c9d5ac35ac490af42da584d970e63b84,2588,1958,0097f532ac9f,0.9323
d18f6431ebce,0,3012,1,False,c09375ef99637147aa352611f186de49,39d45ea4ec188f906a3da3f731f11828,1050,1050,9122b31414d3,0.9849
d1a24527a15d,4,3013,1,False,daffbe0fcc98ac3c045b7fc31406d87c,796bb6d1482b8a6a51c096651b6e5b79,2416,1736,2f2e1949ad56,0.9734
d1a60c3b9fe5,0,3014,1,False,8a3a449eef0bb57a113ed019c30e374f,050e009230e3bb95effb0f25e950c2e6,1050,1050,835b9f6e12ba,0.9977
d1afdb8cf70d,0,3015,1,False,362c4bba8983a18b0cb09392b0a5bf09,ea5abc36ca0fee04597499b6ea29b965,1050,1050,ea5c42a78979,0.9823
d1b279cc02ae,0,3016,1,False,e9191f1508e1e6838f50b6a3182247c8,743779474a70224ead1059c755b48551,1050,1050,1c7a013eeba7,0.9949
d1ca85af57c9,0,3017,1,False,9be511d6e97d8463bf215fb43a422f34,d7e2b9d89ca083672bcfeb040a92628d,1050,1050,17f6c7072f61,0.994
d1cad012a254,1,2044,2,False,9a0aac8db3b1c536864cc6bafd8905a6,7ada8feb3c9fbbf28ddc7da11131abfb,2416,1736,8fc09fecd22f,1.0
d1cf31577a59,0,3019,1,False,557183da7e2a2de1a5adc535780b3fb6,17ba64251445a0d7780e18e688a83ec9,2588,1958,18ce0cdc473d,0.8904
d1f1ea894da1,2,3020,1,False,a9bb38acd15306aca2550ad66754777b,07bc30b4734fbb5cb75d0fc57a6d5a25,1844,1226,0180bfa26c0b,0.9643
d1f7ea924a01,0,3021,1,False,bd7e1277ca4037cd9dd6dfca18f05284,2c941627845194ab1d0937ab1a1d97b5,2048,1536,88e5051f65bd,0.9527
d1fa0f744620,0,3022,1,False,6c43645936f5498aefd98c0b01c4b1ec,316080108c6eaf29cb9dd501426bb803,2048,1536,f68690db78d3,0.9657
d1fb4efb117c,2,3023,1,False,22f071ce298b5bfa5d3c67cb0dfb6f57,bac5c915045514f15501285596a27529,2416,1736,89ee1fa16f90,0.968
d25b8a8ad3c4,2,3024,1,False,a7af567138a745c2e9828afde38a70e8,49254e0dfe7cabc1f919571a1c75cbfb,2588,1958,8db2ce991101,0.8923
d264396d8d1a,2,3025,1,False,b686f12429c043b4f0dcf004a31f993b,4805477aace996154a4626b28d23bab3,2416,1736,13d71389563f,0.9527
d26bb2ed6e71,0,3026,1,False,d9e47fd3f7e0a1ce7a5adbc606677b1d,8aee996b58b0dd63d1bebd121cc42d57,2048,1536,2399d68d407f,0.9826
d26bc6e1230d,0,3027,1,False,045455f6e7db4b8be663f6e9b04c475c,297e781ac273b532d0b6657b43b17bce,1050,1050,5bf6f2958e53,0.9906
d271d3a2b552,4,3028,1,False,c26e45cab6a0dc58d0238e1d4f90fbfc,3fc4e4c50d52a57f20169e76d1499d1a,2416,1736,4246ed634f25,0.9401
d27ac9e54901,0,3029,1,False,cf9a39ddbce948e4336d217480b1b0ef,1f22720387070f66cd783a336892d701,1050,1050,7fe7309d0b4f,0.9869
d28bd830c171,2,3030,2,False,d55aa25d769d844084c79e8c243067be,bd83e14698ecec7368bf417ae8eec316,3216,2136,f9ecf1795804,1.0
d2901144070c,4,3031,1,False,9c052ab328911c20a2923bb171b3c2e0,7d87efa45afae764a2409471ea36040c,2416,1736,e96bd80a8a53,0.9407
d29096bd94aa,2,3032,1,False,578d35c7ae5416702e0d1ba78943f391,a60577dad952ffd4da7363d35b98be36,2416,1736,141735b57ec0,0.9548
d29b37d110f3,0,3033,1,False,80d473b0bab777fd25a4df25253a549b,f4079fac9a1cdd5bef20936b268633de,819,614,540e4973829e,0.9781
d2afca74cbc3,0,3034,1,False,651f95282471a0f4da6639ef200650a0,15e89831e5e2c4d52f8645e70b968782,819,614,fce73678f650,0.9722
d2c2f02bb313,4,3035,1,False,5e8608c7cff81f60916a99cb992ee410,ce8de0f22633892e5f9683ea001c46dd,2416,1736,b5834ee64541,0.9079
d2c5fb82fe5f,0,3036,1,False,93bf67e97f6a854d4fbede14cdb91b54,26c19b7e7ce71743f2b5a31576abf1a9,2048,1536,aeab0a63bcaf,0.977
d2c6b99ef62c,2,3037,1,False,39a5bd9e562c220de128e018b8de643d,9f33d3c54b30376fb81d9ed318a8ccd3,3388,2588,358d2224de73,0.9708
d2cd47ed2c1d,0,3038,1,False,ac92097d0bedc545a45a049a97140a6d,1e147bb498f843015c03f980dce69c52,819,614,1409ab48175a,0.9802
d2d523e9f669,0,3039,1,False,bbfcec67ad5a55d0e8f8e01b3355c34f,7cf76a072c766f9a659628dc60d9de5c,2048,1536,484dbeb9bf2a,0.9714
d2dc86021c67,0,3040,1,False,44bd49a3704681921c02cc6a3b832520,f6f859b578223a4ba11430b127ae69cd,1050,1050,976082127e2a,0.9887
d2fb715b0c41,0,3041,1,False,8e0049c573c6928f1df4bd6584b710a2,f12977d2d79d5b7f3f6720bf65f2381b,1050,1050,b8e9a8f4617d,0.9859
d2ffe9287dc7,3,3042,1,False,0a6040ca4ff6e5b197e37a87848abf7f,de9abb9999f460cc38a84c7afdfa3b3a,3216,2136,18d8fdb140b7,0.964
d30d079e6f9a,0,3043,1,False,9f33b9ad03409195d28d426669da20e7,fc47640a355b4b1c5b121babf0a3e393,1050,1050,d1b279cc02ae,0.9911
d332d7b8a26e,0,3044,1,False,2210fbd1a917f87f57c8c12f7ca5ef86,0c58028d098282053d7d7f41cae3139f,1050,1050,cb2201c226d6,0.991
d364423ec6f9,2,3045,1,False,89fe01d36a7fa7ce98ce91e3b9a58da8,2402a7907027b77db5ddb7b4bb3b37a1,3216,2136,2463bb04ebc3,0.9779
d38cf0f4a9af,0,3046,1,False,5e26fe54101fdc59928d7a0659b1eebb,58f8592df37d85b83e904fef96ec4055,1050,1050,19b0e3c734f5,0.9905
d39752cb6e57,0,3047,1,False,b55dcdf0f9bc28605a0aca62983da809,e0b39e852f14fa4b01d44a2d3b94cc1c,1050,1050,1c7a013eeba7,0.9941
d3be5346684b,2,3048,1,False,79e7d37bf843a23ab1a6229a08fb8ef4,11e20a3fb381488855afab85df4599fd,2588,1958,384e6c915722,0.9412
d3d578fe433f,2,3049,1,False,5d66506734d92fda68e4ca7254da1d73,af12bcddfc58bb56713ac2c16230eb9b,3216,2136,b99794a0beed,0.9455
d3de0d313d61,1,3050,1,False,dc027ad2c0486d9ee0d67cd2e237ed0b,51c1513f5f41df3f319fe70d4ee992f4,2588,1958,92d8a7c8e718,0.9188
d3dfd0a2dee6,0,3051,1,False,5ec1d634efb2ae07fd6da10349d819fc,86680d2dfe264e868b5f9381156376b5,2048,1536,67d8f94f04e0,0.9526
d3e56584a481,0,3052,1,False,1623c8d5b14bcc1cbee604b2210e98f9,a22f142dc435157b6cc090a2d8631115,819,614,1cb6961d141c,0.9547
d3e884109b45,3,3053,1,False,feaa7f4569a3bc7a82834b529d5876ac,469ae193b6d24652cc1805f686c05bae,2588,1958,a3bd2e034614,0.9281
d41b33fcb94f,2,3054,1,False,4f3a114ff98cff0f922036287e0192d0,a4d2d6cd4b1b5dd82a6bcf3c2ec77fcb,640,480,77543f66a84a,0.8782
d436c06f0490,0,3055,1,False,5440db566099abe52aa5898b4d4b251f,2f7e8574e3b3a9ac8147ccebe7d65d6b,1050,1050,93802d1e3c41,0.9909
d4583e9525dc,0,3056,1,False,b10ee51b529c08fcd6654b7c3565ca23,59f8bc640b8dc7d8026d996cb1bb2eb1,2048,1536,a62e995f167c,0.9308
d473f6fafba0,2,3057,1,False,bca38ee89693b223666534915975d9bd,dcbd11fce6dee1140895e602070f1f7e,2588,1958,218c822a3dd9,0.9355
d48178e4a49b,4,3058,1,False,3bae7d9e436349aa93a898d0b15b9e44,af83e9e4df700180e25fbaffb26930cd,3388,2588,3d663a6a50a3,0.9574
d4bc001f7224,0,3059,1,False,ec9f02715b09b774fb6c6145c5f5df13,14f0b3c543144bb74c04752d66288f34,2048,1536,6b30767595d8,0.9702
d4be0403e6ab,2,3060,1,False,db62695e849b00f66359fc46eae0e598,061563da7c4a9afa98cf9f141b9aad33,1050,1050,4dd4a4bf2421,0.978
d4f32b9c07df,1,3061,1,False,06be500d15db0ce31094bc4c095ef29d,6947d6424a8d1ffc2dd06b8258b6eb2c,2416,1736,677f087cd697,0.9694
d516f77d4516,0,3062,1,False,ab9cbba7babf22bddd9f4888d94bfa5e,21e1aec2aa8cf6dfe9b55e756e558418,2048,1536,cd314653a4d8,0.9832
d51b3fe0fa1b,4,3063,2,False,7f5c9c9b1e466fbba278b5acddc6f335,5f1f33e2d0c3a66df9f97a16c3b666e2,1504,1000,df4913ca3712,1.0
d51c2153d151,0,1746,2,False,6207f33919babcb3e65625538a4118e1,b78db8bc9c0224f01a4c084a9bfab42b,2416,1736,7b691d9ced34,1.0
d51e5d7484ea,0,3065,1,False,848304fd8e3e383e5e77750d97f4922c,ffce90b133137cc326ff27fe312da0fd,1050,1050,8dafa62f9322,0.9881
d567a1a22d33,1,252,2,False,46f3762267786dd7c5758db84cef2b09,087bd292e1273c70186f076c673a692a,2416,1736,12e3f5f2cb17,1.0
d56d32a1d62d,0,3067,1,False,1ea865f27b2dc1f365ce1e2f50c4e1b2,3a7fd3d0ad150a905fd809fe53bbadd3,2048,1536,3ac92ac3d65a,0.9736
d57d1be1bbd1,0,3068,1,False,b7c4d4cc81cf5209c88619307495e3fd,ba38fc5f9eb00e2186803e1eef8eee85,2588,1958,cc9270f06b65,0.9157
d5a39339ff3d,2,3069,1,False,b6db9b70d73e72af2714ef4d8cca6e48,6679fd204a0e8b0a02a22000b35d454d,3216,2136,2b88cb6e31cd,0.9632
d5ad3362424c,0,3070,1,False,4bf27ca1d14992e57c8eee242b4fbf15,50b5028468d4a2bd395b67abb0d6d0d8,2588,1958,c31651ea04c6,0.8375
d5b4705ac2ee,1,3071,1,False,e79945e4f65e9b5349d143e539af432a,4da1335703d9d8fbbc6f5d099c41122b,1050,1050,bd06028eb7dd,0.9893
d5c63a8d9e94,0,3072,1,False,1cd9715cdd98a10c76bdff70000cc6ff,a42c2ce162e23ca666ef44236ae81320,1050,1050,369229040a34,0.9944
d6130f2ec903,0,3073,1,False,9424a81a793df0b0c10267561ea82f1a,c1471a21d114cc34ba5a7b2138f4653d,819,614,84b88e8d3bca,0.9441
d6228d951958,2,3074,1,False,bc94d4af2f7643deb9f4da150558a79f,52c9f656779e98b2c3aa4175c4663e72,3388,2588,f549294e12e1,0.9758
d6283ded6aea,2,3075,1,False,9e4bec9e932d78c89a4933e700d7fa29,c7138dfcb3a623912aebcce7d454b7de,3216,2136,8dfff47b06b7,0.9773
d659d7fd5ccf,4,3076,1,False,6951b600af63003d1b3018b1d32f520b,c141d955786f14f20f4272b4cf3e9bcc,3216,2136,001639a390f0,0.9773
d667af5742f6,0,3077,1,False,012d51596152f7440de29357aa25d62d,44a555b59f452d5e74352522e14c08d5,1050,1050,f4df3d86688d,0.9942
d66b6f333dc7,1,3078,1,False,3edfeab5fe3150e220ed2bcf6091a314,5d3eab870c47f398886abcce63bbae85,3216,2136,f6f7dba7104d,0.9581
d66ccb75ada1,1,3079,1,False,ba7d3724cac1125dae6d3c28dd1fa661,8ae0e4f3516ea5ec57f131c418e4f276,2588,1958,838b3e4d0bb4,0.9173
d67374d3fa2a,2,3080,1,False,38164c8ce1f262f7f71015cb1b78e76b,67950d93da53c7534a2f3209cd4a5d9e,1050,1050,969f92a390db,0.9837
d6803e467592,0,3081,1,False,36fc4d47c7a2b170b050599a9ea273a0,d77c35cb7e0d89d8dec5b9d7cfe6a09c,1050,1050,3323fd59782e,0.9901
d69698f838db,0,3082,1,False,cf90773ea705f932700cb0e134618e8c,e408896a08e48f132fc4a705507edac9,1050,1050,1c7a013eeba7,0.9938
d6b109c82067,0,3083,1,False,9851cdf2a6c417546107b3a170466a35,f08e7cf60f04f2e4aa7091c1748b59ac,1050,1050,81914ceb4e74,0.9928
d6dbb0820ea5,0,3084,1,False,26feceb2f18c5ea0eecc9424dcffef57,fbefdfa79bddaff5ad2e4b5aa222d30e,1050,1050,d69698f838db,0.9927
d6df4fe492ec,0,3085,1,False,c680397e4d715e197b7970a10a0365ec,21f7c6bbfb9de0d50ee430723df14523,1050,1050,c56293f53191,0.9884
d6e26fe51dce,1,3086,1,False,cefde571e1322f4c11e95b115dcd488b,10c9a3d87032199de020c9f547fe601d,3216,2136,03747397839f,0.9836
d6f36ec5564a,0,3087,1,False,342afea85b31467b54df88eb00c5f851,f65f4e6439dc851254acdd90ddf0622b,2048,1536,94145d1f42cf,0.9283
d6f6bdfd8011,0,3088,1,False,b3ce3a3ed7e4dc1a8d44a7c2892e9e35,c3460172fd4669e8f2ed9697ff99059d,1050,1050,a646c084928c,0.9943
d7078e8b0349,0,3089,1,False,d792be1e359f3370d8fb7a281a7148af,3741665c8f9f3e4008a2480b793c7e7f,2048,1536,da949aa67a4f,0.9856
d74ccc796517,0,3090,1,False,065096fb0639e9d79396033fcd6a0797,f9d76e1f99829b5442e809b30d151b87,1050,1050,f00ce9b9d6f4,0.9955
d774692d9919,0,3091,1,False,e3a72c3d2ef6461be72a4cd49d5e98b0,9aed00fb80d5abbb62ae92f5fcdea443,1050,1050,883c6a184f16,0.9919
d78b7401096f,0,3092,1,False,be121513d2e3d4d45b8e69a3900a71a4,5eccc842d3e104c89dc4c373f581b388,2588,1958,c1896142a20a,0.7279
d7a01fca9838,0,3093,1,False,b953b0ad96f1b8d09d4b8b4f75ce6f03,80d73913aa4f58cdf3ce3c5a4a655346,819,614,01d9477b1171,0.9812
d7ab5c040294,0,3094,1,False,3348978903c211dd4f79f8f0f76c50fc,231c02cc6eaa2b85986fce86a5e1a36d,819,614,4fd5ec0dca09,0.9639
d7ac4a0c9760,0,3095,1,False,3f6daaa0e4f9bcba536e36c08d7fa3ff,c02841a0eaa1410ac577d1b9f0136112,1050,1050,369229040a34,0.9958
d7bc00091cfc,0,3096,1,False,590c70ea3c7b73d4b7827cb80f71ae4e,d481964bc67053b52bcb3ece80ff0759,1050,1050,5b3d41626ec5,0.9842
d7bc62d60e8c,0,3097,1,False,d0b5f116a9ae942d328ae90e7d65bc96,3e6645efb4b6437688f31a756f702de0,2588,1958,61da799bf0aa,0.9269
d7e5fe5245e0,0,3098,1,False,ebf3d08e5c6e576c8e8e391fca833acb,4a4cb6ff484c4c220a8643122fdedff5,2416,1736,56e56aa08362,0.9774
d801c0a66738,1,1488,2,False,c018040a60996e17debbca55416f5adb,7dae0c3566d01a185570654dbad90a7f,2416,1736,68332fdcaa70,1.0
d803598dabda,4,3100,1,False,5cb435811332e091adf13b602216b9a6,c3382d3773efc02116ce94e1f7bc6a8f,1504,1000,b8ac328009e0,0.964
d807c53c1399,0,3101,1,False,1f7871c85e948cc8e9fb60f560ec6a13,da41ddf18b38a3480676a32b38572a78,1050,1050,d9c9b9786da3,0.9906
d81338217fc5,2,3102,1,False,c1345fb451671b70b75dbc22a2fc4056,fdb878641f0228894baa29b1ef4751fe,2588,1958,992b9a07b25f,0.9119
d81b6ed83bc2,2,2957,2,False,5481e6578b7ddedb9ee4108cc7f85d28,32385087b6fe1eca52789ec63515b016,1504,1000,cd3fd04d72f5,1.0
d838d5b9f571,0,3104,1,False,ae4ae49d75a4c1629a6565a12d595e5b,2ca6c7d336b979026be8fcf4acf5b93b,1050,1050,57a710de68a4,0.9927
d83c3efade75,2,3105,1,False,a582db0c8134aee63e61fa2431343db3,b15827b367cd05a9bd04ef3966724746,3216,2136,2b88cb6e31cd,0.9842
d83d0695e215,2,3106,1,False,28977235c6c72c9d5a5745082d558f27,bc00ddc338a95235c353caf136111fb2,3216,2136,e93394175a19,0.9747
d8404680bba6,2,3107,1,False,94a6c99d3952c5e58424313859e2c1b9,b6bb5a02b134e0bb4fa4db8f882661d0,2588,1958,4d1e7def7624,0.9574
d844a7252f4e,0,3108,1,False,a45b3e4bfda25c0b64ec035a21fee5b3,842216c0462b04fb5c9ec85fe8cbea31,3216,2136,48afe8c47454,0.9836
d85588ff2ebd,1,3109,1,False,946ca88b9a7aa4b747ecae298f9cb912,70b9e5dc725ac769e3d3b819a0a0955b,2416,1736,69fff98cb32a,0.9794
d85a842d20bd,2,3110,1,False,8be276892298a3dfa10082024e046458,2f876dcc13f3d4890253593c21201592,3388,2588,10ecc5292ab1,0.8893
d85d052900b4,1,3111,1,False,a001b0a244c9970c440f880922544ef9,79b300dc6e5fa61791da3a8f44188e56,2416,1736,cd5714db652d,0.9421
d85ea1220a03,4,1904,3,True,79aa4d8483a0be779709681da49d9beb,bdd4eaa435e4637c6efde736ec965543,1050,1050,bfefa7344e7d,1.0
d865997a6280,0,3113,1,False,a2f5d5db0606f829100505b2daee9ea7,3d9fd5a685c16f3f2de51d83784db618,2048,1536,8ee50c26fc13,0.9698
d866c26d76f0,0,3114,1,False,69c1c7419a334db79dc80ffeb2931a13,42151f6cf79a1b654b6a3d27f2d38ba4,2048,1536,876deb29f000,0.9551
d868acdccb5b,3,3115,1,False,b7ef4748e4333e51e8f7bb599080c191,a1b1633de7cba111cd28427bf1fcf297,2416,1736,48c72dec46e5,0.9768
d871895742b1,0,3116,1,False,04047a7bc76968a46eb90e8cc06fa54c,d054e02e64368f6b5b6a16121d799389,2588,1958,7a12f49e29df,0.9407
d881c04f01fe,0,3117,1,False,3445d10a8a9dda455df18883228dc8cb,32098a44a3d61563e21827f2ea31a485,1050,1050,bf87aedf2489,0.9891
d88806d9ece9,2,3118,1,False,d9fc6a7d81645b35f459540d0c3af1e1,a45787df394492a0f1174ead57a7de85,2144,1424,0da09e3ce8f1,0.9631
d88c4843aec3,0,3119,1,False,5cb65cb0a8addbaf55b1f90a80eaa89a,23741420272f78e93f5d50cff3caf1bb,1050,1050,fb1b8771c70a,0.9928
d8cdb7d7283a,2,3120,1,False,394ac10dd6da7b76256cfdc9dadf0e4b,b3a72ab13633be935452220125251c3f,2416,1736,ec4649213ccf,0.9624
d8da9de62743,0,3121,1,False,bdde1b02397d9d0d3608c57e85674ad0,6108e87b9919dc85b1251e3593a64f34,1050,1050,73ba798fee25,0.9917
d911dd40c63b,0,3122,1,False,ebd8f0bf7831c33f579dbe82c32aa7ed,2a030958ab4a0f3fc41552b14b984824,1050,1050,144a1a426137,0.9901
d91273efb92a,2,3123,1,False,617fa58bf4497531a5f4bfaff971d172,0be6884c65325b7296e9854740231aae,3216,2136,3748349334f6,0.9684
d91635f380b4,0,3124,1,False,167330906ef0e2dd92493011dcef7da5,de82fbb1828d15d83eea3afc2f5f4082,2048,1536,4c635a01593d,0.9733
d9311f7497cb,2,3125,1,False,461f550a7dcfb4f007e4a6615cc27a0d,f3833ede809a0c1e62ad7a3c978f697f,3388,2588,1d55e689cf84,0.9709
d93b61dc8f64,0,3126,1,False,c5c5aa52e200ee8628d811d26fb9060b,4d3c606837574f920357915fac616f91,2588,1958,8d62ba9cb22a,0.9258
d94e10f42861,2,3127,1,False,6795385883a1d64ca3a3723b8ab262d2,11918fd9621ec66945bc267254dbc69d,3216,2136,60eeae3ba23d,0.9824
d952dbfb0fe4,2,3128,1,False,2d461b7e993fa0b522757985ddecf661,ec0d1eb447b61617b2f1a933771a3843,2416,1736,b576c5269ad1,0.9382
d95959798b57,2,3129,1,False,faf47573e28290bb625c3c81b32db630,6e55e4003c42e45df7ed750344ff8fc7,2416,1736,cab3dfa7962d,0.9424
d968a983d4d2,2,3130,1,False,36549f2206878e2574fae2b778e0b690,fc8d941c7f8c37cbadada0d66fd6a906,2588,1958,f02057c41256,0.9304
d97911a32918,0,3131,1,False,aed728608ea87b83b6f67ae4270c914c,0865d884cfb39fbe65937e2ae230ff30,1050,1050,d9ad2a0ec026,0.9946
d990a3f0cbdb,2,3132,1,False,664d7e69f848236697f56b88699976b0,f3df2afce76d7775b550f39610208960,2416,1736,4c78d9d18da9,0.9192
d994203deb64,2,2360,2,False,2a1eb3b532c97ebd35b34812ed2bbffc,33ad30c09e04a32ed04b6a3b7a0cbd93,2144,1424,a505981d1cab,1.0
d99b0f7dd9b9,0,3134,1,False,77b5c059d0c48f131b4d20419599b073,75e137eac2befbc3d574347d03ea08e4,1050,1050,369229040a34,0.9947
d99dd99be001,0,3135,1,False,35cb1c2430f06973ab13c824730f0164,1feea1d74bff304a7542846109211efe,1050,1050,e50b0174690d,0.9888
d9a475dfe59a,2,3136,1,False,17393b6ad7de787a5d7f4d564d5b51a0,9415508026f194ad9904a748f4052b38,2416,1736,48c72dec46e5,0.9682
d9ad2a0ec026,0,3137,1,False,974af13502a1a1e1e858bbc06f8fccf3,46d84353a99af13bfc49529018f758d1,1050,1050,af7a36454670,0.9961
d9ba044671e1,4,3138,1,False,138d51d2afab81ac671fec27148ad924,386d47f1e6e069a0865c7fdfe2bfbdeb,3216,2136,19113e5f45ec,0.98
d9bbdc33db83,2,3139,1,False,155e030859f363b41fd2c1db8b02168c,22a921a324a8bc01b38c729222c24018,640,480,06024377d573,0.7069
d9c9b9786da3,0,3140,1,False,15ad24c782207fa312dc358671b64e15,91153839867224d901915bc79bc80477,1050,1050,d807c53c1399,0.9906
d9d2631f043c,0,3141,1,False,72c8510e754b1678b73b159a362cc97c,7980da5ca6aa2f9bee22990b9e8d700f,2588,1958,a11bf2edd470,0.9294
d9e58e4d8689,0,3142,1,False,c51848d09696f66e5873dd9a0042cfea,4f5b4366a7cb1378b0a42b7dc1028f54,2416,1736,42985aa2e32f,0.976
da0a1043abf7,2,2564,2,False,2a8b966c339427f048e994ba0e0e4e6b,5cee25a43977ddbf4b5e43aa1b1ab47a,1504,1000,b13d72ceea26,1.0
da0a83f074f3,0,3144,1,False,05c8c3ab1784377563318be9eed135b6,01a1a3613c3ea7f11c1ddae2f33ead6b,819,614,060e00d1e2ab,0.9122
da1fb35f5df9,1,3145,1,False,ac711a707097fed68d80fe1e0f7a18d9,676cddf18172340849290f9936077a8c,2416,1736,49386d603494,0.9813
da2bdf4236ac,0,3146,1,False,24e4ba7b8d72e7309b0b587f12435d61,cf8d7f085bd097aa09e080e6848d5df9,819,614,1dfe599d12a9,0.9586
da3a2275c850,0,3147,1,False,6d3c97a9d3ea116247aac670dd8cd3c4,6e70e6d00224b9a3208c20b4bf31ea45,1050,1050,529906ff9dfa,0.9913
da44f80b422b,2,3148,1,False,e8b65bbf27abac19c3260eb4774536b7,140a62ced89760a0cd394fa17e4d5569,3216,2136,c3e02d4a1798,0.9619
da6389d129aa,0,3149,1,False,8b8a21d60890da77a4f291b1ee0a17a6,3986817336db5ff70e0721403086030c,2416,1736,00e4ddff966a,0.8962
da6bbb76d562,0,3150,1,False,f2aa062f25fea8f6a2ff803b20fd318e,bcd8926d9b5301314ea0a68ec09df007,2588,1958,8af50c9d0a86,0.847
da8900ac7f29,2,3151,1,False,554cc9b8f80e2cd4099359b08187aef3,dc6ac89bf13e0b99f0ba3c4b84c7f114,3216,2136,1623e8e3adc4,0.9683
da9262d9f5d9,0,3152,1,False,18616858e8b1d5890fea2ec50ae20382,c90dee2a81ab79c38c78496a26ae0826,1050,1050,369229040a34,0.9934
da949aa67a4f,0,3153,1,False,3ca8f93b827ee8f6d06e0aad99118361,bc07c6a4cd61e1cfc4813fc10a93208f,2048,1536,810ed108f5b7,0.9894
da9574d35b82,0,3154,1,False,b7e9eb5c4b477def4824361e3e1cc10a,638bb7d6ad47a45ee48a4eee6d0bb4be,2588,1958,38f1901f214a,0.9403
da9fe02dead3,0,3155,1,False,e7a5d541ebb3b98e818ef8f1fa6cdbeb,1304a4fad5d33a146b49a55e2403552a,1050,1050,8448af27ba07,0.9884
daad7b617f21,0,3156,1,False,3b82392242d13aabd062f39e75bd5348,1ed5fa47c4ab20f5a0a7180c1ebc376d,819,614,ac0a48ccbf70,0.9437
dad71ba27a9b,4,3157,1,False,574e1f32b8206c8340a5d28980e5ffd9,b3e78396dbda91ac8a5b2ddf75792d5f,2416,1736,fe674c2f73f5,0.9215
daeaa5d8cf70,2,3158,1,False,2434d5e2b8fafd03ae12df399bf5343f,1218f73ec18d01a764394a9229c37c1f,640,480,f18abfa690ab,0.8526
daff5427c9b2,0,3159,1,False,ef9a1c9310e0e3531ae8cfaa2920946b,d165e28524ef56a7417798193a33abc5,2048,1536,ea4ce9516144,0.9584
db3cd58aa315,0,3160,1,False,dea2e0eb45e03515dd50eb236db86e13,a48a481c2f51c852b1c94b7b3af96238,2048,1536,10de500cf0c5,0.9818
db49cdf1ea64,2,3161,1,False,ebe4fc40612d24e11ffe8504a556868f,c154e24e32c69c2223021e2b4b6f58e9,2416,1736,cb547e723a16,0.9654
db4ed1e07aa3,1,3162,1,False,fde3b4c6c203ba3b2bc83cb0e5a491ce,eadd4986ac63654e72bd2c1c4d66991b,2588,1958,80e7cc0a0649,0.9168
db52626d450c,0,3163,1,False,a11d2c4089bce1e97e5fdc7d086d0952,633fbfeb08ed9402f85a4cf0e5739214,1050,1050,44878f34e31f,0.9914
db6207e62c7b,0,3164,1,False,c7f4a7c42bb75d6afed749d4599755b8,96244eebf007b899b77073071d6b3761,2048,1536,6cffc6c6851a,0.9656
db690e2d02f8,1,3165,1,False,8a01951cdf2dd70bd059a429d9a54a2b,5745fd5e5b25c4ddcf8448a81f72c631,1050,1050,870fbe6eaa68,0.9894
dbb2c63f6f08,3,3166,1,False,2c4a90812efc1f196e90f4f37c1ff613,42759e32e8e13008dd6cd884af0e94fa,640,480,a3802934bad7,0.7832
dbd062558b81,1,3167,1,False,6e5191b3037386c07f871f53ad89b83c,b8efb30fee8d351e2908de8fcb53d273,3388,2588,8f1e7433a95d,0.9714
dbee04ae6426,2,3168,1,False,17f34d7e54e73a67f3ded94dc8f79aa5,83acfa7f0d44aa85f65df48175ea2b35,2588,1958,9e7a63b2fc6a,0.8939
dbfd238b3468,3,3169,1,False,099b8e403bf223ac60a17577bfb855bd,2fb6d8ba5136a046085e227d0fd7ebb7,2588,1958,8ae049175db6,0.8355
dc0eea0b68a7,0,3170,1,False,0d34deb49c74464f00ae11959909265c,af2764eb721213e69dd20bddac13d031,1476,1117,b4e15102cd7a,0.9084
dc0f6e5b489b,0,3171,1,False,99f6c698477ea620b29c7c1cd51881fc,0f480d40df9aa1caf7cd36f18804f0eb,2048,1536,070d4ce5fd90,0.9848
dc3c0d8ee20b,2,2916,2,False,217c348de53e4f70b11c66a925b26863,2174099c74286577502029dd39376945,1504,1000,ca891d37a43c,1.0
dc6fa1b38b83,2,3173,1,False,c72bae37fba48607716ce95e0ec78ec2,9a265702c649f5a0c56c8f0f44b0c80d,2588,1958,e599151ca14b,0.9155
dcc6c0ad5cad,0,3174,1,False,3cf62b86c2f47e7023267efeb73ebb5e,da8250bed59f45eab9c360efed7c9519,2588,1958,de38adaae009,0.9196
dccdf750c962,0,3175,1,False,d55e8a92f211a5f0089855053f1b7156,61efafc79acbdd5f07116a8437ce05f5,1050,1050,84b4da14bc23,0.991
dce73d90c00c,0,3176,1,False,b9256adb208c3e0fc1aba855cd6ce283,ef2a0d1370b0b9341dfc3061c96b114d,1050,1050,6dc0281f11e3,0.9928
dcf109df1a2b,0,3177,1,False,e682dbdf93f6229d942f32c60740e3b5,f06959f08ed44777138f50508d4bef0a,2048,1536,c639d837f5e4,0.9791
dd02d60bef14,0,3178,1,False,8289b6c444dabb729688ae7abee04cde,b6c9e17e2eada615aa2b99b0073742a6,2048,1536,7d11dbc1e738,0.9596
dd110d2b8c21,2,3179,1,False,469ee8babac299a4415465590e32101b,a4f7ce8163516d9a6d700bc55de4968e,3216,2136,5265dc9acdf8,0.972
dd19428c3d29,1,3180,1,False,81e8dd79693766ad2a1dfb7900c583e8,b68c3e1a4cd2912b383e4a6a28df1d91,2416,1736,3402124408ea,0.9735
dd285d9e97fe,0,3181,1,False,158cb4dad294decc927f813add39fb27,14b8f4bc2810e58c84a6e53266057cc8,1050,1050,b5204c0decc7,0.9855
dd3176bacfe2,0,3182,1,False,44f0a57354fbdc8ccf50d9e9f161d9b1,323cc7c8ff892bdfedca9bb63d574cf8,819,614,8ffa608170d3,0.8821
dd3dad6ca78f,3,3183,1,False,2d46c80c2d1baa69dc147805f78da26f,ae015c55d186cf9fcf7d1e0d640c51d9,2416,1736,bb783d8e496f,0.9233
dd90c321d7bc,0,3184,1,False,f5a504ebf1b928ba933eb759a2468c62,a2d86c1a32aa25797c45e32092fec2a2,2048,1536,a3132c8828e4,0.9717
ddb222ff7c1d,0,3185,1,False,16c5dca468c60bc60c6e38bc4f9bed66,7f98637ed79d3229b6b7085dead3fff0,2048,1536,f431f2e119d7,0.9853
dde43aa22ae6,2,3186,1,False,ff1ffe35f5ce242dcf4b06c03aa6e067,1e80ad160c2fad6ccf475ba76cf01acf,2416,1736,66cd9c28e636,0.9667
de16416220de,4,3187,1,False,85df4b383728711df101e9a0a4e531d6,231b7dd2516a3e7d58ce9d4534a2b46b,3388,2588,a45d77edf8d9,0.9527
de18071c36e6,0,3188,1,False,24752f05573dc63a15c2b62fa477ce64,0e63cd3081ff096b5a088f12f38201a4,819,614,5baed382f062,0.9697
de2eb5c8aa83,0,3189,1,False,113cfffd7f9233fbee5446cccfd42e0f,18c2a4dad3bfdb2ea6e2d6d43f8b979d,2048,1536,ab3c505b624f,0.9509
de38adaae009,0,3190,1,False,37facd90e51a52502b65460a7e9f3f4d,438acb9ae875afc3c230dcf7147a91bc,2588,1958,dcc6c0ad5cad,0.9196
de4cdabbce6d,0,3191,1,False,68b0b2ebf773ca1529481eda2d5de378,5ccaca980581d229d61cd8616b1a927c,2048,1536,4c389d033cb0,0.9781
de50dfa745f8,2,3192,1,False,5bb3fd7a2ff767a37ea51b8c9f3c529f,bb0a3b75b7f9223ca41ecdf5f2f484b7,2588,1958,bda91b76095b,0.8709
de55ed25e0e8,0,3193,1,False,4b98f82711df8b28bb90125a5a577c3f,625a7e4178c3e9bc612e1885c7acb484,1050,1050,ec6f1797a25a,0.99
de57c9e9fa93,0,3194,1,False,01e185e9f95f99a3b0b3581940f9cfe3,99f30d036a4c164f4bf0ad6ba988157b,1476,1117,8676427e4625,0.9083
de6210f88536,0,3195,1,False,5f6ebecedb25d21decc4a2506afbf085,5b9db41dbba639d46e965615c48b3802,1050,1050,e135d7ba9a0e,0.9936
de730033c683,0,3196,1,False,36c55e93d9d1417f7aef5ac6e5c3cb8e,c7a22adf786a5a3b574659718fdf5d64,2588,1958,02358b47ea89,0.8905
de778495a1cd,2,3197,1,False,adadd9dd0ea47f29999f127e585c2887,e65ac360226933243a8659ee6ed8e0ee,3216,2136,ed88faaa325a,0.9845
dea7538bb91a,0,3198,1,False,77e5eb7de0b59682f8d9b31be8a9d064,c23a832e8cd7f6a6bd8a5b93eb5dd162,819,614,90a9a41eec6d,0.9577
dec5595e6154,0,3199,1,False,55896e64271cd30e397188ca28710340,3e9e42c7b78a4618b00e538ba5ee45d1,1050,1050,f361060eda3e,0.9933
dee1031a76ae,0,3200,1,False,489104f2622f6dd650de9db8032f9395,091b38c3cf0d7b3c3db6c5986f2a0b9a,819,614,57f5ad4b5b29,0.9003
dee31065f8fe,0,3201,1,False,6ba8d3199cf046b6854dda8b295e2d9f,44da0825055c791c2144dabfd6b07b16,1050,1050,71e43b4f8ba6,0.9928
dee687c6e88a,2,3202,1,False,286e54f9df932e794bcf24e95e6328a6,6147dbbd66807046ff24a53e48d3d87c,3216,2136,c3e02d4a1798,0.9623
df0886f1e76b,0,3203,1,False,0fe0dfdff3d73ede1659e3169cd115b6,de9ce939ba4600eb3d82ee59e26c62e8,2048,1536,ab686895533e,0.9572
df3adfd6ba36,2,3204,1,False,e73705a09cf3df991b7cd3b2a5d43f5c,b43744b71142765459ee4499875373d1,2588,1958,9c72ed6befa0,0.8888
df4913ca3712,4,3063,2,False,7f5c9c9b1e466fbba278b5acddc6f335,5f1f33e2d0c3a66df9f97a16c3b666e2,1504,1000,d51b3fe0fa1b,1.0
df4aec4a0eaf,4,3206,1,False,2bd268b0c320db79983d21b799f7576e,46057d241c1532509fb00e51f73b5ae4,3388,2588,1a90fad9ffa2,0.9701
df5ce3ea7820,2,3207,1,False,5a69a2a5e26d521f41e2bd8cba52cdfb,ccd5893d0189f2bb5513b8033aad847d,3216,2136,7bda86d95c5b,0.976
df6d13d04da1,0,3208,1,False,e1759001e08e3107260bf312d4a2415d,e0377ca4b913249987581552180cb2cd,1050,1050,e4a44f9158dc,0.9928
df8365d6ac33,2,3209,1,False,a302ce86e87c77ac388422788e0f0806,d4210fcb60bab23baacaca4c54274a6b,3216,2136,f5e9a307288c,0.9675
df841a0440d8,2,3210,1,False,aecc155f7f8ee79402a25c0f75b606cb,cb2674f5c225c7a341eb70dfc1b40c1b,2416,1736,1e8a1fdee5b9,0.9665
df84e7113003,4,3211,1,False,66eb6b701602c7f215a9238a93019b83,475c974c13b48c70118a18af4c9775a8,3216,2136,905cc86bf100,0.982
df9cb3729eb1,0,3212,1,False,4ba8e55abcc49c8fc10887202d4a26db,f3312b9084f246cb8cb22054fe10adb8,2048,1536,4145dcb25053,0.9676
dfc7ec7db0e0,0,3213,1,False,426a199e570dace144d7bf02fa924c3d,c2d2ae79e2068fc522ad2f652c2efc82,1050,1050,a247961a5cd9,0.99
dfea19863428,0,3214,1,False,88e1efdb1ed49313eacce02074146fc3,c2b7bfc249e711037781673fbb10d615,819,614,387138ddf43d,0.9137
e019b3e0f33d,4,3215,1,False,880c7ed1845c474160479d212340bd3b,d2298e9c414605ad9ecc5c470e945c5f,1504,1000,b8ac328009e0,0.9529
e01b7bac822b,0,3216,1,False,f6cfe141093180e4797232c2591c6a96,441cd33d25aa4b9273805f8ae2bc4844,1050,1050,370f575adb23,0.981
e0313be77035,0,3217,1,False,87dca64608c0fcf2a7af19f64e50e5ff,38095bcff0f0fc8720654596339e81cf,2048,1536,1f5496352859,0.967
e037643244b7,4,1318,2,False,bc7a44a01c566a98d6b19ca435b18830,47a0969e7c0735b5023eb7732dc53769,2416,1736,5b76117c4bcb,1.0
e03a74e7d74f,0,3219,1,False,00fb42a1e3dfa1315b1db5adbc4a3678,8fb3182c25cdd48ba6066ceba3a36de5,2048,1536,8433a032b96c,0.8551
e03e70bc8bba,2,3220,1,False,a7b4f9e03eef02174f1e37578e4c3102,73598b045435fde2d7dc5ae50d53af31,2416,1736,1e1fb019710d,0.9516
e04f3c6619a3,0,3221,1,False,7fadcdd15a533f29418f4f569e1a9d5b,a1dc196b36dcc49863c9dd743f579646,1050,1050,75a071608ea6,0.9947
e067b06fd655,0,3222,1,False,dbee2249546f38aa3c89b0490708c36e,408e573aa97bb63606baeeb1df99ef0c,1050,1050,12bc439d373a,0.9874
e06cccc08c59,0,3223,1,False,5fc68b7bec4fd7e31917233d8deef4a1,153abd67c9ef552851c00fe5691389d7,1050,1050,e8e44b3160e3,0.9858
e06d3d4733f0,2,3224,1,False,374c858941e9ab95ee0a9698b4191269,4a3b4c1a519a86c8df5dbf66c729c42c,3216,2136,5265dc9acdf8,0.9707
e07045d7c5f7,1,3225,1,False,054c66d0603aa0c7f7108ff057ca7212,45970892e443c3a7ab779871389e6ce8,2416,1736,9eaf735cf01f,0.9746
e0863b353093,2,3226,1,False,7d38fc43e5d8b414540d858d4bfb56de,7c9bb89f0719f5e4a8a06c41f03c0507,3216,2136,959dc602febc,0.9733
e087bd4b88f2,0,3227,1,False,9aa37345ac44dcc348cae3d6e6d3b975,08eca01fbc02935e7087850138ded1f7,2048,1536,9287e57326d0,0.9824
e0b5a982a018,3,3228,1,False,d827598e741e30246d6a8d490122b23b,06124784edd526de7ab6c5db9245712a,2416,1736,3428230bf1bd,0.9527
e0d229db881a,0,3229,1,False,80c76adb4ccb27b3baccb4af325b1181,727ef00d64db2198e849f8977d1543d0,1050,1050,8d13c46e7d75,0.9924
e10190a9d52f,2,3230,1,False,0a3a0bd79b81a58dec284172830c7fb6,abbcea6c24b093dbca8f00ab8bf07266,3388,2588,c48ae5da188e,0.9471
e12b67835e03,2,3231,1,False,265a7c1801d250c0bfc2cf854254f915,9b32751f731c5ce772ee5291fa669a8d,1050,1050,197af0de76e2,0.9885
e12d41e7b221,2,2703,2,True,7f5c8a0ffdecf70c9064e9517f327af9,b33e9f97adeb819a22c950e3603deb67,2416,1736,bacfb1029f6b,1.0
e12df54e0d1e,0,3233,1,False,d73934e86ca37172b30fc19dd7d05c30,a440c4e52944c16225392c16d5571e40,1050,1050,5ad3dabeb2cd,0.9857
e12f9f19d1be,0,3234,1,False,1ca5236a6c5b27060ccc1264af388c29,bfb16ebc72f1b34cedd3420151737ec2,819,614,9910c827e2fe,0.955
e13412678eff,3,3235,1,False,36708c4e314fe40394ad97f1bcc2d3f7,55db550415a009cff3215d05042d9056,2416,1736,cd5714db652d,0.9341
e135d7ba9a0e,0,3236,1,False,c0defbffc1d6eeed5446989375c8ff10,b5038d7fe0e7d0ab326598dc4cbcb9a6,1050,1050,de6210f88536,0.9936
e1418d28d668,2,3237,1,False,921de9b0a9b4e6e8edc3d2af5ff88e44,8ec6a5d0253892b9208cc317a4d0d124,2588,1958,8db2ce991101,0.9182
e150935f66a6,2,3238,1,False,9ddf0a4b0f6414b3d5ab5ed9fe5b6b65,56c79c72ce126269ac9c214848bcfab5,1050,1050,4350a1b2f3cb,0.9922
e160a3b19911,0,3239,1,False,fdf4b10795a2098ce678f0b39ecc00e5,596ae4ea5b5b2a3bcc2f74de32a94efa,819,614,c4aef0d88d1b,0.9653
e16af45285e5,0,3240,1,False,3c499a6d84c0ff5af96fe15bcd31f5f5,7847ab35abd2c4f2751cc828a59de77d,1050,1050,7d0a871c45db,0.9938
e16fc934069f,2,3241,1,False,0129de1004bc4f9883336aa0bbc6273c,5cde1e387f4859ba77e83e99f84a0b8d,3216,2136,f2094a20b275,0.9572
e17507a4a1f5,2,3242,1,False,8a3d772a9af35b2b927418f017203681,74d516f8f2939327b27f6dbb6e3cbc07,2416,1736,4478b870e549,0.9753
e1900014dabf,3,3243,1,False,1aa1e32a89c3dde72c89e1268fded8b2,df42a784bdd6a9382fa8781d6287158e,2416,1736,ff77e8e5b5f3,0.9313
e19936582c61,3,3244,1,False,1756736360eff7ba96a53bcfc1c659d7,8f29f487f656660f753ceae66fe6d201,3216,2136,7270367410a1,0.9384
e1ab92228e60,0,3245,1,False,9cfabe3b90694dda3cd5f4e5e2f0c53b,5d3c6adf80b4c2a3acb966aad0da531f,2416,1736,04ac765f91a1,0.9747
e1b8acb1cea1,0,3246,1,False,82d619a2555705cbcf780a072e3e4521,8e6f2ea9e7a792e9e95d6a3110d83c1c,1050,1050,7c2e852171c0,0.9904
e1c02f6c3362,0,3247,1,False,458f0a60e06b11edc72b01add7ac00ac,f44e875ab5c84e2c18770711991dae54,2048,1536,a8aed92940fb,0.9777
e1dc02a3dc2a,0,3248,1,False,821a5fe804a832b799774c0b2423c040,fb88c249da0618fd37b1f85927533069,1050,1050,ef99c499d665,0.9941
e1e490773462,2,3249,1,False,b18c51a411409336e134d36fc9d6e616,114fa36b0debb6ba3678e304f3762105,3388,2588,1844a039b4ea,0.9732
e1fb532f55df,3,2543,2,False,55611bfcf60071557f60c7af0ecd46ae,5f06073bbbae2e8ef377b832f2e6dee2,2896,1944,b019a49787c1,1.0
e2161692a0b4,2,3251,1,False,fe646ed11b97b7d1411dfbbaeee1970f,5b570ff695b9400f3aad144ca85a88f8,2588,1958,40e9b5630438,0.7965
e2265c383348,0,3252,1,False,d689e388c7f076483a7529dfdd76ad48,48ec454f08cef77c536d2ffacaa3d600,819,614,a9e3d186cd1b,0.9814
e229aca862c7,2,3253,1,False,2c179e30704458ac980adac760ab6680,af3f78e78dce38fd4bbe66a66e16fc31,3216,2136,87b1938994b5,0.9675
e23add229074,4,3254,1,False,00ead0679040464e1a4a8cc1f4d476a4,5dd43a6fa22d151082267e4b6067d9c3,3216,2136,e0863b353093,0.967
e246cd89e1cc,0,3255,1,False,f102ccde04e0530830079fd2e4a774d4,2857dff480c5b48a59edee09373c7cb3,1050,1050,8a8a251770cd,0.9925
e251bdf05b85,0,3256,1,False,69d86aa1ec8de32c74a7d1f772c395ba,4a50bac81716429a9b483aaf87e9eb18,819,614,7f43becd3e83,0.8754
e25ccfe38e44,1,3257,1,False,40a446c36f55c8d44f64df78b5b1bcfb,e89051f8c0673dfbd2ba81c5964c49b1,819,614,7526cf435753,0.9007
e265c870f9b3,2,3258,1,False,3aae9d96f03129a1ce1eaccab08bdb79,3fc99256576e0ccec51076c51488660b,3388,2588,4d1cf360b2d7,0.9646
e26bcae6c67b,0,3259,1,False,adad157f6d5bab0ff6e2f080f95052cc,15c0e9fd0e44a48e3e2f2710a255730b,2588,1958,08c60c647673,0.9537
e26d8718ca58,1,3260,1,False,cdb739531900cc1a351e5314cd5b7671,7888e9a28a67f114436ff7d79ff9408c,819,614,a02dfd67a925,0.8723
e2856afe62c5,2,3261,1,False,fcc8b4e3936efa1d64def9c66bf2cc9c,3ec985b21189311df2438c19b2180171,2416,1736,36677b70b1ef,0.9753
e29e54ff921e,0,3262,1,False,4c5f0f3f0e9c11b891282dffe66becfd,ca296ccf55c7a67033007cbbdad5338c,1050,1050,356304d15a5c,0.9929
e2a233493b90,1,3263,1,False,ab26591bd627688580f71921abbb7ee7,fb4883b70ecc73365ec77d8f85b3be01,2416,1736,bcd503c726ba,0.9524
e2a47a74e6e1,2,3264,1,False,037ec6ac5295502de2071b2645d196ac,7ae0be7f25a5592423640e5b9ace9462,2416,1736,383e72af1955,0.9004
e2c39ed0c941,0,3265,1,False,dfc956348d87b76cd7f5f0fbf4c8158a,dab2ef8ad3d970546d827ac64ea0e5ad,1050,1050,9274e75dc4d5,0.9922
e2c3b037413b,0,2420,2,False,6c6d0a03f7ddbc2958802f8de44d34c2,f2b18d88d47e46712544bc7c31814da8,2416,1736,a8b637abd96b,1.0
e2ec22b3d07e,0,3267,1,False,48231391c959f9ec4bcc4817d1fcc173,7bd65b276e04a5e86a908ad6387c280c,819,614,76cab26493f1,0.923
e30a890600e1,0,3268,1,False,c2939d7b217550d48a3d39031c461fd8,b14ef8fa7a4a37af21853239d8ef6600,819,614,e5de79795c1d,0.9256
e31c42a8652b,2,3269,1,False,f85a5911edb97b018d49de2f1cd8f9fe,20904d35e771e3de2e01ddcc4ef64edf,640,480,a3802934bad7,0.6558
e322acd46152,0,3270,1,False,260c0fb258972d1d0e0de6294351aedf,f4c016cb2ab3251b7d4a20d5005e305c,2048,1536,cd314653a4d8,0.9761
e32a359be36d,3,3271,1,False,91ea7cc488a97c85ba177190f974c070,08009fa4181926042ac31f8b17a98361,2588,1958,7efc91af4ae6,0.9104
e32dc722eca5,4,3272,1,False,76b5e34a84f2e54aff3fdd88680d4e26,89bc2153f975c1b70488b4b630049d48,3216,2136,7d8f67cadc29,0.9536
e33766353db2,0,3273,1,False,c4a808217b3a2cedd952bdbbd1317c98,8d5d72146fd4ed9e96f9408dc003e692,819,614,08037e4490e5,0.9691
e34fa07bd64d,2,3274,1,False,395248bce05d9ac22ef87b6f021f9dfb,f91ca7e2cedc9ee50b324dc15eab2201,1844,1226,07122e268a1d,0.9058
e387311a840e,2,3275,1,False,eacecf5dd00c96f81eac44993dac9d0b,be914e47bed7bc6d1f888b1d257ce216,2416,1736,13ab8db8c700,0.9287
e38f3a65b02b,1,3276,1,False,b5d085885001b2d734a9daef91d0808d,4338a89fb66666ab6a422d2317576f79,4288,2848,0ca0aee4d57e,0.9635
e39b627cf648,4,2671,2,True,7dfc81788fb0ba952897c36bb59dc431,f72eaad95b4fa205c9e719c37f75e6a6,1504,1000,b9127e38d9b9,1.0
e3a7671f787b,2,3278,1,False,caa565130e9b3e2821a7f874a7f45c10,ac49f519bce930b81bafe6d02573bf99,3388,2588,6d259b5b4c76,0.9644
e3ab63dc9a60,4,3279,1,False,c44c20f5ad4a876e600894654e1594ce,1f12f61fd0d05a781681f35a9723af49,2416,1736,1df3e03a8f5f,0.9555
e3b47ed5b511,0,3280,1,False,95b09e683adf5341d3d9264c2643f985,f1784e43bca93f97ebd8c31476292ae0,1050,1050,870fbe6eaa68,0.9908
e3cd96cb094c,0,3281,1,False,28c6cb403e90517321935fc8992301b4,fd71d477e7640d23c686db1682f045f9,2048,1536,43823561c3f0,0.9598
e3e490babc0c,2,3282,1,False,3aa881c1f71ac7eba401af7d4a82e169,7ac223e8667d18a09ff990b794d25719,2416,1736,eeb231c3ef1f,0.9735
e3ec668f6fad,4,3283,1,False,d7d30ffdd29997072c133e6cecef39a7,432ae0033ec6d0cd467651cbce600cc4,3388,2588,bc34ed91c9bc,0.9059
e4151feb8443,2,989,2,True,c87e2f95a75a7ab965aa58e730a0d4cc,5425e81dca2955d4020d0c5eac39d1ea,3216,2136,46cdc8b685bd,1.0
e4210e7fe587,3,3285,1,False,eafe6ea3ec122fcc3ac0539dac15a566,9e4bf8686ff73b166b2037880f05c641,2588,1958,9b57e43b44e7,0.9062
e42d9a94a66d,0,3286,1,False,37fe34fad6ca51daddb2a8a75dd6d1cc,d25f74137b944b7251df78335851f4f7,2588,1958,d06ccd0cf4b8,0.9189
e4730ddde408,4,3287,1,False,83ae9fba38520921e46670f8c5c411f2,422b0f76e3d825608e7b65b5328aa804,3216,2136,840527bc6628,0.957
e47452069ea1,0,3288,1,False,f4193a69f450b5cd849602056dd30ee3,14c1a1b9a955090a49256fa78799e6d1,2048,1536,b74de20d73de,0.9782
e47770a2e5d1,0,3289,1,False,0be273bfd7fae5238a8bf622d113ad73,ee2d2bd9a3ee3a1cd8945cc2d8728a3e,2588,1958,9dab2e6ba44b,0.8803
e499434242cc,2,3290,1,False,6b60facb533311f6c5263826045c518c,40dd9682561cc9e1f7e19e29d12058e9,3216,2136,c80f79579fed,0.9797
e4a44f9158dc,0,3291,1,False,65303d1706429ffd7ecf9b51cf0b35aa,1ff33b96964192bad5ab543024ca12e2,1050,1050,17f6c7072f61,0.9956
e4ae1ee6aada,0,3292,1,False,1a0ca2cbc1fafd060a5215e11cef14b4,6e81172b184b4c8b86ee8031a956fe92,1050,1050,8f10e41a2f02,0.9875
e4b0df29b96f,0,3293,1,False,f9584d2aad767b87588eea432f113818,13b27e20a1baaf04b78fd7f4412e38e9,1050,1050,d74ccc796517,0.9954
e4c799738a19,0,3294,1,False,2c1edfce3189f0816d0c0125af4c5aa1,413d650d2434d359ae48402d5e177bc1,1050,1050,d9ad2a0ec026,0.9948
e4d3d437b0a8,0,3295,1,False,f97f9982b3e007e42bac7659e6b4386c,c08350da76f50b55fc0edbd11fb3e605,1050,1050,501c319f7a9f,0.9889
e4dcca36ceb4,0,3296,1,False,e6a00b913351e0e77b46a805994450b2,f20851496627a55d763a8e7328fa19ed,1050,1050,1ca91751be4d,0.9944
e4e343eaae2a,2,944,2,False,781b4bf238bc2bba180d85f615a988a6,b004b1c202b08b3a0d3e9d4cb56148ba,2144,1424,43fb6eda9b97,1.0
e4f12411fd85,4,3298,1,False,9908982fd8c3d7f1106a999189c07ca3,f191ba6b28837b4978d461aadfb2abb3,2896,1944,069f43616fab,0.963
e50b0174690d,0,3299,1,False,deb6743d1f72f3172a0a21426930cc3f,66db3556a6f97bd899fe924f1be81e22,1050,1050,174db0854291,0.9932
e5197d77ec68,0,3300,1,False,aaba2c74fbfc4973ad812805cae9705f,da02e5832058b05486a895b1e9b6e2cc,819,614,4a05f81b3aba,0.866
e529c5757d64,0,3301,1,False,032c3262488bdb780eab6c918d9ddd8f,8ba6758795ef1e888d9bc76340ed3c18,819,614,fbfa925506f6,0.9646
e52ed5c29c5e,3,3302,1,False,a4683d55588bf7de6312c36c126af603,cf5c4e660afac7c8a4875ae537035dbc,3216,2136,e6a6acf7fca1,0.9819
e540d2e35d15,2,3303,1,False,c0ce05df7be7e7e78fe0f22eacb56c9f,12365e234775f1a11421b3f2671464cd,2416,1736,b0d6417bad3e,0.9719
e55188915f9d,1,3304,1,False,18dc627bc759d5ff6adf054d81131992,f70a36e9baa9a9a8f65e3a8c01bb3210,2416,1736,af133a85ea0c,0.9351
e580676516b0,1,3305,1,False,b0e75455670c5f9e61d08c8449353cba,027c713f2ec179fc0bd4e22e0e2500c7,2588,1958,3128eb593012,0.9601
e582e56e7942,0,3306,1,False,b399c5f0d0543f6756ac767d75a93d34,4817874e3f6698a6b39763daa52d6ed3,1050,1050,87a9f4d20f07,0.9888
e594c19e2e1d,0,3307,1,False,af41cf0a1cc256155d2e5581e07ac3d8,79b5c3dd2431130c27764a1c4ec844e0,1050,1050,2927665214e1,0.9888
e599151ca14b,2,3308,1,False,aa91c269401ecf68b0f99d8f9cd4a29a,84c2d761ac0ce4e36dd9fa3c1d565180,2416,1736,bb5083fae98f,0.9636
e59c5f345bb0,0,3309,1,False,0633ccc10c37bc0f05ede7fac1290254,648e6ee45494d6830b506a7570ecdee8,1050,1050,18b99159a14f,0.9923
e5d56f4f359b,2,3310,1,False,f8496403ab9f69cf8c4f8e024b31b1e9,79dd26aaf3b0f63af4d3473cd9bd19bf,3216,2136,071435a218ec,0.9675
e5de79795c1d,0,3311,1,False,ad038a4ec99549b182d6c11543017cc5,6eb9cd442f3ddd310300bcf16cc33f26,819,614,a1e236fbc863,0.934
e5f332efcbc7,0,3312,1,False,a01d71f4570a2f5093dfc5a12a57e404,eff5b0224b77e015a6dff8452946c144,2048,1536,41345cec5957,0.9252
e5f73f2855c0,0,3313,1,False,c2c75b9f901d0a0fc8dbeee607c84fc1,163f48fe500264f35eb369fa6d0810be,1050,1050,2dd28ac497d2,0.9909
e60e4edb3ca9,0,3314,1,False,9e9ca0853cf1ffa94f9746e508445cb3,d6f2982c2a6a7d4aeb04e40a307feb26,1050,1050,66bfec8d6bcd,0.9913
e62490b7d0e9,4,3315,1,False,4f152916b17adaf2452319e04d47c9da,8819dc461702a2f7c003d441c2a88e89,3216,2136,c73c5f6ef664,0.9631
e632e38fd2d4,0,3316,1,False,3f4bf1d45e7c8ca969baf9cd23961def,b282b6c6c331eb7fd2527858bb7003f2,2588,1958,7b49041cbf17,0.9013
e6552b7432b3,0,3317,1,False,bff30b137038abb97b63242340a7aeee,e60dc5d23bcdf28331f0d4d537db469f,1050,1050,46acc506fa61,0.9851
e65a2ff90494,2,3318,1,False,49ae496d0b34e9161bca6eda9f0c749e,7fe2a1b9bd529e2a2aede7106b5ba05d,2416,1736,7270367410a1,0.9553
e65f94ad9be3,2,3319,1,False,044c6fb6fae466b5b5d073d6e6864f03,86e56ae93bcd86df4f1396890b33a048,2588,1958,8dc22e65c06f,0.9108
e663c6627a95,2,3320,1,False,5067e0054b3772492f3124b5bb9aade4,287d08d742809a2a351ba4540d0b4ebe,2416,1736,1e8a1fdee5b9,0.9593
e66855a5c583,0,3321,1,False,7b1646a9a3b9f854a26bef3e5d4c444e,c5dacd6e18fcf954c6b3cb7263bdd077,1050,1050,4927945ecfed,0.9898
e66ad813a508,0,3322,1,False,0320dd037f6c80013d482c2109fc80c8,a277455990b643d2581e9f464fcd9ff0,1050,1050,ed6bd9293a89,0.9904
e68746d426b2,0,3323,1,False,3547fce58d4cf086b13a94faaf482ec0,58aded7c587f21a901531073ebe5aa1f,819,614,f8f5942b690e,0.8345
e68bdd36e589,0,3324,1,False,1ea88e015129b51c4ab2621d4256a7a4,66b22943a85908fb3d14458edaefe872,2588,1958,210bfe0127c6,0.9195
e69b48516577,0,3325,1,False,53118d4a23f50f5312be1d5f72b95f86,28ad673f35fa283d2ac1df768fb547dd,2588,1958,6107a2e9f60e,0.877
e6a58edc5b42,2,3326,1,False,a5da68df4db49a33b840ba5385dec1ca,4fec5784654ccbafb37786908ffdd13e,3216,2136,5265dc9acdf8,0.9854
e6a5e4718873,0,3327,1,False,d497214441c67c91b13fa67ffd4b483f,9c790d207a44b669a74013cd63dffad2,1050,1050,d5c63a8d9e94,0.9934
e6a6acf7fca1,2,3328,1,False,b7c6959331afee448f12c668698bbf1f,12d27ca1393b39345cda9aa3efca8aeb,3216,2136,d83c3efade75,0.9842
e6f0ce5bf282,2,3329,1,False,988b47d427156343a219e01a29e7b38b,eee1a59097f87b4c6c0957a61d88a976,3216,2136,ca9c912ebad7,0.9714
e724866f5084,2,3330,1,False,d9a6e0785af36b4573ab4252a127ab42,552a4a6a44df3db2feb53f6385dfc5c7,3216,2136,cd54d022e37d,0.9759
e7291472109b,0,3331,1,False,7a15e57736627c577d898c2af01b467d,4a610a41dc9f2b3dbc9574bf8c87b2b9,1050,1050,370f575adb23,0.9734
e740af6ac6ea,4,2171,2,True,f52144fec260494290f0ba7b23653c02,84b071d94e6a45359755d215ff915198,1504,1000,98f7136d2e7a,1.0
e756495c11cb,2,3333,1,False,76e2dd1bc5fa2d56be0bbd5267d6031a,ee1eb73ee299d3343a87bd150ade140b,2416,1736,4aa07d720638,0.9668
e7578d8dba72,0,3334,1,False,fd40f1b84de60df67f9955b7c7c8c5c3,be34ef5c79afa38faf48ccbf8cd973c0,819,614,c26f98f58350,0.9647
e76a9cbb2a8c,3,2713,2,False,4504e9549c404aea6f9424817dbafd5b,301f893b9d33a6a101bbb3d5fad80bac,1504,1000,bb7e0a2544cd,1.0
e77a93c3d9a9,0,3336,1,False,4846f33ff653d01105136a3afda84870,a7d9d2250d5972261097c5910f668c96,2588,1958,64c6c6ee0d98,0.9119
e79e10907295,0,3337,1,False,f474b663ba6465b68fd19fd81a35fccd,9d9d02d6ac3a04fedfa5ca29747d500a,1050,1050,653534ded339,0.9937
e7a372a1c3a4,2,3338,1,False,978b3ef08663da4843e654b12b1eb084,3f21caf1cab0dcf30e9aa0f50f7de037,2416,1736,36041171f441,0.9728
e7a7187066ad,2,2973,2,False,760a5f40f35dd1ca462fbd81d190ab92,b84967220c86d1ad82ee53072f338da7,1504,1000,ce887b196c23,1.0
e7b5dd5bab1f,0,3340,1,False,2b4c835d1100e3be13a59efdd352aaab,511f4807612c3ec3e9f78add054dfc8f,1050,1050,d2fb715b0c41,0.9853
e7d2c2c3b30f,4,3341,1,False,68df6a189a0e96c8acd5a4bf93732508,cdb02effa95dffc562f1ad5585050dc9,2416,1736,0ad7f631dedb,0.9402
e7defafeb957,2,3342,1,False,eadee44654d7b44dee1f3d0689d96472,309071ec292e76e06cd75c527d84d197,3388,2588,b0cc9f8d06e4,0.9595
e7fc93ac5b6d,2,3343,1,False,7fe2c423d14753b6e15b6eb141946d1e,7796342bee50939233ac72955cf9f9c2,2588,1958,31360e44ac64,0.9259
e811f39a1243,2,3344,1,False,9b1a33eacf9431b67bd11d39eb099928,3ab0440a1c93e5565b8e0abd4a1a0327,2896,1944,069f43616fab,0.9293
e81f4a2fbbdc,0,3345,1,False,73044ad9b6adee2172b4df0c755c54e6,0d5ffcaee7fab8d534dfb890d5be96cb,2588,1958,2cfe8703f265,0.934
e821c1b6417a,4,3346,1,False,8112e8f9df07e9b4b8574af45fc0cffa,a008243e71a2ddfe2eb71fec46932617,2588,1958,3435fd8675a2,0.8633
e82232a3c28b,0,3347,1,False,8956f773d1e616ac2e8b870866a733d9,f74c96705cf053d4418c566a021e4b11,1050,1050,51af8a689511,0.9948
e83d315d8f98,2,3348,1,False,844dcc319c1dfe744de79cac9e0d5dbd,91df09bd82b1ec74fd7fde915dc63223,2588,1958,0a09aa7356c0,0.8244
e85d410d6836,2,3349,1,False,55c9b2300c21b74ec794065c88250b75,12200bda2ea82e993c474ba35af20508,640,480,21d18b022429,0.8512
e868c3da340b,2,3350,1,False,af3889f52b0c9bb896751539e3e3f201,bf3e8adf4a2ad00fb7b432a4410f0bb4,3216,2136,4da6e2089d57,0.9758
e893e86dde94,0,3351,1,False,51c50fbacbffa0b6bd186ea61889a1fe,416e38850468d2cbfd40ec684409e3d7,1050,1050,a76132e79688,0.9892
e8d1c6c07cf2,3,3352,2,True,f2925812dee45e7dba0ca4fbb346ea99,716d305d001bba75f9a9ee06fffa4e9e,1504,1000,f23902998c21,1.0
e8ddfc9709ce,0,3353,1,False,0e588e04a36859ccc0d59647a3f8adad,6659a066d1500b51d3e09f9a515a3994,1050,1050,259d30f693b6,0.9882
e8e44b3160e3,0,3354,1,False,5cfbfd8b7174a2cd2aae45d339037ebb,c975093ded20bf027f3aa321188954cc,1050,1050,f58f0b2fd718,0.9902
e907d23cce3d,0,3355,1,False,681d5a4820cd7e31c358deeed19cba63,2c2ea4a40bc9eff8b4ceb2e1c0c1e549,2048,1536,ef8c39eb9157,0.9622
e9129ce55fd7,2,3356,1,False,ed667a36269cd260daf0469a8eabe54d,68cdff88a3659d4f57f346f99147659d,2588,1958,25002fe43f92,0.9171
e9286ddf6ffe,1,3357,1,False,3a78ebd7f77017ca83e6bad4f96b8f26,301ca68f03f68c5db03a1a9bc05bfc47,4288,2848,0eb52045349f,0.9503
e933923aab15,0,3358,1,False,3d5cdf4f9e1ad0fe3bbb26bdf62ae08e,a49abc6a1c3a7203fdfcaa3b8f6665c7,1050,1050,e4a44f9158dc,0.9941
e93394175a19,3,3359,1,False,61f4fc74af346898df7fd7201e57a1fb,e9088c65e3e076d3674af4d233f51a0c,3216,2136,b574d229ec4c,0.9818
e96099b961b4,2,3360,1,False,9e171a3f3bd94ef9d58e263d44f2ffde,f0b9f6d512f4c9b6bcacabeea098a1b3,2416,1736,ef26625121b3,0.9562
e966850247f4,0,3361,1,False,37a3480a5ff46eb75d30ad1d1e02fb5d,48e5eed73a31829ae15560b1176be6c7,1050,1050,bc92a61a1f9c,0.9936
e9678824215d,0,3362,1,False,45edf5573113eb5a90d903de07e4998e,7b58ff9353b0f153d886a718acb514fe,1050,1050,c81c6911f5e0,0.9914
e96bd80a8a53,1,3363,1,False,d72f9d790af9e4d4600dba0e483b2d48,63bedfbb7b6232e66d85b051eb90aa1c,2416,1736,a19ecd0a706e,0.9703
e97ecf4355cb,0,3364,1,False,f93a7839925687cd4dc2eac1913392d9,a2f95bc473b884c341b6d4d634b93337,2048,1536,7c3747c0b2c3,0.986
e9ab8413e771,4,3365,1,False,88235be31bd0af2ffc5d02a5a43b2434,8d58eba83ca126876ea3de6698cb9a55,2588,1958,c62585bd68fb,0.8809
e9ce5bf645ab,0,3366,1,False,9c41d0688f2f5d5af063565f04504d9f,00591bf4bd6e24d58baaf2f530194a5d,1050,1050,fa573163dd8b,0.9931
e9f3c85a2a02,0,3367,1,False,e6879449a983d1ab08a78b1aa4ff603f,6e754ec9cd4c5105b4b91e8aa605cc52,1050,1050,15f8d769935c,0.9914
e9f82b5bbaf4,2,3368,1,False,0ec93f2bb049653bf5e2a584b72d2da5,2c7a0dd0d9e38c26495e736d1cffdf80,2416,1736,cab3dfa7962d,0.9673
e9faf0296643,0,3369,1,False,45c4b1ec35c0587bd6eb344ec983447b,89eb80f1008533f784ce1a811d77350a,2588,1958,165634a6167e,0.9066
e9ff9352ccb3,1,3370,1,False,26cf5a38e8ac56cd864f2b3f2836c0cd,ea3518282d4d5374bdb757f9d8c5b6e7,4288,2848,0eb52045349f,0.9572
ea05c22d92e9,2,2905,2,False,523b5e9da719b5d87b7d28b22fba31ce,f1ab5f598cce527b02c5cdb0929c0b42,1504,1000,ca0f1a17c8e5,1.0
ea15a290eb96,1,392,2,True,d81ce47a6d4b99561bdbd8ac3bd41728,b58fc5420b0e8d27409cd4acb87bb97e,2416,1736,1c9c583c10bf,1.0
ea1d045f9fea,2,3373,1,False,ed3cf428939027352baa0847cbb1d72f,f4b80a1b83e0a793262a27bdc2afd72f,3388,2588,975252e325e3,0.9744
ea4ce9516144,0,3374,1,False,3bf26530e4e8827f976be4c516651af7,d89658d90e1f4e375b9b4bf35a0a2a57,2048,1536,98d41bce73a8,0.9605
ea4dcb055139,2,3375,1,False,886c6337364ac868d973235f1f08583c,35bbc021ea52641f2df17e52d31666a5,2588,1958,f0860c21533b,0.8931
ea588d1e5d96,2,3376,1,False,1c0d383f509f77b6126d2bc87e87c70c,a9e34012f4debc852406fee7c50fd8cd,3216,2136,3c726de3ee90,0.9781
ea5c42a78979,0,3377,1,False,748bc77e58b954673fadb89e63f764a4,076238d6baed854bcad0a34a34d768ed,1050,1050,3f6c627e2ff2,0.9886
ea68b58a6e8f,0,3378,1,False,49ce448bb78d398038452887da7cfd6f,7c35a85f4b2cd7f2d6851ce43599d843,1050,1050,93802d1e3c41,0.9903
ea6a53e54d0f,0,3379,1,False,9a77f149e137815826ef3d13d2a74e5f,3b765380b5cddced39a58aa39fdcfb3c,819,614,0fbbd665431f,0.8809
ea7e21bab610,0,3380,1,False,b17cc7869a7cfec3f6de73b325e109ca,65c0f49ed48de325c2b735116dce3dd3,1050,1050,b5204c0decc7,0.991
ea9c41e1ced0,0,3381,1,False,9a423b3d379502b386e1b86703f549c5,4f7d5cc3e15a91d349d022d2354ad15c,1050,1050,79cbae28d8b2,0.9917
ea9e0fb6fb0b,2,502,2,False,de4d6b745deb0c337b7c3bca50d9b0a3,29b1a63612c40a745d5bf83e53839489,2144,1424,23d7ca170bdb,1.0
eaa0dfbd5024,4,3383,1,False,14f5a5aa4377d1436df1f27a7d3566ef,e53e83eb30222cb1047d2a2ff0e755ed,2416,1736,89ed6a0dd53f,0.9751
eabc7c716255,0,3384,1,False,1d350ec09c2fc6bcacab569f079aae02,55b6956ed16bae765c8efc72e2fb3357,819,614,5e97cb2b0888,0.9263
eabf421f94d0,0,3385,1,False,2af5904e32235e1bd3566390aa3af89d,0755adf443bc00302620c96873f70da1,1050,1050,b05922e7abd3,0.9921
ead23cc922ed,1,3386,1,False,f434c9e4fdeb60b16ef4ededa451d559,06c2b24125b05eeaa1ddb425ae825f7e,2416,1736,48c72dec46e5,0.9586
eadc57064154,4,1537,2,False,e4b6268985b346018804a921801508d1,752cd835ae9772f64975ba3c73ea230a,1050,1050,6c3745a222da,1.0
eadfc8809ec8,2,3388,1,False,0a1c15c62ad02d79660ec62ef9b01243,4294e30010b51e436e084860b014ab2c,3216,2136,85fce24084da,0.9767
eae70f527755,0,3389,1,False,be0dfdd574b83e1fe8886210ec6e3074,72528b5dc1b165146f8260ee3184a1bb,1050,1050,ff1e940105f9,0.9818
eae901557a84,2,3390,1,False,5446cc2a3fe61c2af4b093f8ef9c1a75,66e40a9c166ebfe6da458a1cefd4c060,2588,1958,917f76f360b6,0.9288
eb050765b323,0,3391,1,False,d3d46f5a691b49aa8e2dfc3bc69cb80a,27f5465031c0aec11b1806ba5564cafe,1050,1050,2b3a4a81d748,0.9903
eb175669d789,0,3392,1,False,4f7b872cf0c645d5d985a027786798d9,2341196378fcd0edba48adb5a61718ff,819,614,486e852a3b4d,0.9245
eb1ad14dd281,2,3393,1,False,dcb96e5fb1e7f2a8ddb91a98eba95836,7f42714743b36fe630dbb2e2988e2935,3388,2588,547b37da9223,0.9639
eb1d37b71fd1,4,3394,1,False,4b3c456cd0da40dc554ed19d70216f85,b6c56fd60cfbcaa5070d0e13d4168371,2416,1736,abdb365cacbc,0.9722
eb32a815f78c,2,3395,1,False,d6a69a98bd45f84583860eb836f5460b,5d47518fc915388728d0628fcd72ebb0,2588,1958,90c982cc2d96,0.8006
eb6b1f1c09db,0,3396,1,False,91e2ddbc9da88049010bcf9c34b9091e,9c3cbcb4b59df701bff4fe24eadbf4a1,3216,2136,76fe19ff64fb,0.9659
eba3acc42197,1,3397,1,False,aff9c061c23c04af70398b80f16071a5,91f7cd311af84e9db4d19f6eca189b10,3216,2136,8dfff47b06b7,0.9795
ebd96d853918,0,3398,1,False,7d36fd7ada811272420a443f2aceb0be,c45fcc4f2078c445917382ad04d92bc7,1050,1050,f4ea2a2cfbb9,0.9889
ebe0175e530c,4,3399,1,False,e08c856f684490e167e6ad8689fabd72,35ab847841c3c29db0e1aba7fb6f0235,2416,1736,1df3e03a8f5f,0.918
ebf4b22240f4,0,3400,1,False,265a25ceef502975fac12d6ad3524363,78c0e1d2be03a45fe6b4393bd0db4cf2,1050,1050,f5c953bee7cd,0.994
ec01f0862669,0,3401,1,False,cbaa072f0344fe1941cb116d1b18b669,55d27b644d7fb1f6defcfce37999a25a,1050,1050,b92eacd1392a,0.9939
ec0c9f817b03,0,3402,1,False,de59ac5b4019c2880a656941e53506f6,1d3dba3c4359d460d96c888170d55cfb,1050,1050,cbe633765ea7,0.9877
ec363f48867b,0,3403,1,False,893da6d0ae1fea8543fda39c7b9fc50d,a325aa5a66806e0cd285f3da04742bbf,2588,1958,2209daf71aab,0.9331
ec4649213ccf,1,3404,1,False,598100f0161a66b6faeceaf9245d861d,e3dfcb29655f8ad320d33414dedefe90,2416,1736,180afe1d5ef7,0.9713
ec57cc20d776,0,3405,1,False,2e59851e090edb21f69d7dd0fbdcf747,42d6e1e23c54eb9b53dd717921f5598b,819,614,33b91def2035,0.956
ec6659926105,0,3406,1,False,e33ee52a12d39e1744e50b3cf7860557,540212c5e874cccade78aab60de782f0,1050,1050,d5c63a8d9e94,0.9925
ec6f1797a25a,0,3407,1,False,1d637494248dd983eb1a602e13dc2268,c8cd3d8f6541b71f0f7ed90d0bc7e075,1050,1050,780f9daaa24b,0.9924
ecad6845f630,0,3408,1,False,2526a1692ddc8ab9a9d37b7dbdcde49e,6ef983ca505adf3d04b86ae302fbf2c7,2588,1958,d66ccb75ada1,0.908
ecb4500285ed,0,3409,1,False,2e4e83596af1aceecf8ffdee8327490c,84cf565087a63cbf06e8bdc8b579c92b,819,614,1002b5151b8e,0.9689
ed246ae1ed08,4,3410,1,False,99d02a49d8b20a8de21e11651e679357,1da9d2ab7925dddc30a50721f5a012c3,2416,1736,12e3f5f2cb17,0.9643
ed2c06fcc573,2,3411,1,False,001ad1efefcb3c7fa54e6c007d000423,36649a78fcffad494ed038af37079fa9,2416,1736,44f4ae58990e,0.9753
ed2c52c14493,0,3412,1,False,146171bb5d6b15b34dab96b8d4e642c6,2b264d1bc9f51f611e97837022fd2d9d,1050,1050,ef99c499d665,0.9916
ed2ef440d22c,0,3413,1,False,82d610d61a3a7f69f3d6cf9f617cbf28,a0b9b5cfdde5b0f3b884962cc38c0696,819,614,7131bf4c9e6f,0.9104
ed3a0fc5b546,4,2698,2,False,6c9d26bab272c4b6d0d4333de16f61d4,7a5c069478425c4cd002377a03c5a98b,2416,1736,ba735b286d62,1.0
ed3ce1674761,0,3415,1,False,ae256ba112ae384cb9b964e6872c81b4,db15eeab04f5ea87a471b0bd3f171a49,1050,1050,e6552b7432b3,0.9675
ed648b9bcd95,0,3416,1,False,5e8a5ce3cf7e926c80cf7a656aa32462,58d33333afa498bd29aaab84c7900667,819,614,f8f5942b690e,0.9129
ed6704e3b72e,3,3417,1,False,9c160507e86fe5bb38af3d78e15d1849,b11efdb856ae27875602caa192c8dc9b,2416,1736,51269b77d312,0.9786
ed6bd9293a89,0,3418,1,False,f78edb006eaba1a57459ea6d75caed8c,d1b479d9c6e64ec56856d1adb3d9ecd3,1050,1050,e66ad813a508,0.9904
ed88faaa325a,2,3419,1,False,eb7dd98320905fba8c578026e5446448,56bdafedb41d0a80befb999fd2a2992d,3216,2136,2b88cb6e31cd,0.9871
eda1d75cbcf0,0,3420,1,False,6d1a63a96d45ac715ef77f6ce6956412,c9e21e73e82c9ad95d4a62031826a631,1050,1050,62b4be2799ca,0.9921
eda29a9d78f3,0,3421,1,False,094a666e47ca76afa62c13885599805c,4927a267f55b4925dffebfb459d84f47,1050,1050,7eeb191ad06b,0.9908
edceb0657d77,0,3422,1,False,fba978d6497dbf5950d5c508db2164c7,ee9a8c5ebcd78d32de3be02adbad1502,819,614,c26f98f58350,0.9634
ee02294cc3d9,2,3423,1,False,47043d81383d727ddaf7699875f0f2cd,5cc5b36cce169cf877620aaca71ca932,3216,2136,23175b7ef453,0.979
ee059945b08a,2,3424,1,False,babe1bf3ac2402058ecad82cc614644d,90eee7c992516d55ac3996107c9fb276,2588,1958,a4359815f152,0.9098
ee1ec90b980f,4,3425,1,False,0364647a1034dcb854d6e81388ba34aa,3477f7d138e3a1691c4df34998f8642a,2416,1736,44e951e45dca,0.9698
ee2c2a5f7d0e,2,1706,2,False,ec96fe859062b331093a609ae243341a,51600d98cb7ffb7e51e432bd60f46dd3,3216,2136,7877be80901c,1.0
ee36ca728641,0,3427,1,False,c354fbd0c2bae3f5aba86ea041bddd35,9200e982184175356b94bbd9b295c17a,2048,1536,898f0bc8acfa,0.9674
ee3f5cf52188,0,3428,1,False,de3f10528e87121fe9e05151f1caa4ee,a81c00070b0c3ebf8f3c958235c450a4,2048,1536,ff03f74667df,0.9619
ee3fe7809e6a,0,3429,1,False,0885ecf5ee0b73fb7aa3cb9a445acc3a,fd0ea3bd5a854c365843c438eefec301,819,614,c81c6911f5e0,0.9759
ee6e39319b39,2,3430,1,False,9f0ad0232e369f00c666c6a85fae454b,5ff46389c97ea87eddacd7cefdf9cbec,3388,2588,855f0a5442b6,0.9659
ee74c3b177e0,2,3431,1,False,bf1c4f8e8366266bb339d1be88b8666f,57acd8c636939c22c9f0ee036f1e6145,2588,1958,c1896142a20a,0.899
ee77763a6afb,0,3432,1,False,47b7e2935b1c4782e68262ed12e530ae,bea01b6bb8feaa3f804232a7c9041f4f,2048,1536,ace2281f00c4,0.9817
ee78ce914066,1,3433,1,False,59c91479100f8c24d80ab8a7afc66ec7,46d05230f547fc39bcd19fd9d302a935,2416,1736,8bbd7835e9aa,0.9397
eeaea2c5ff34,0,3434,1,False,271aa358b764bcd2ca5e99c418153a02,be25f6aa9b8db1483cc8148bb49f6997,2048,1536,226c6ceb9185,0.9599
eeb231c3ef1f,1,3435,1,False,c5d2a1149e17617522494e5d44d6c71c,6eafcba8a4aa5e150e6d79b642c13f5d,2416,1736,e3e490babc0c,0.9735
eebd1e195952,0,3436,1,False,dd1d5191365b817010d3f1f25c7419d0,441db4b86355720a7b7c7a3552391c5d,819,614,3ca8be3b40d6,0.98
eed4afc8ec83,1,3437,1,False,3a7bb1e17e91711d8b6bf4f3f239e4d7,dfbeb4d40bbb85df7469dd8419f30b63,1050,1050,4cde86044ad1,0.9893
eedae6b28f96,0,3438,1,False,b6c3cdf5e7aa835640cf5f56883d5cdb,7f11db84fd294b4820201cd58cc878ea,2588,1958,47536db39f00,0.9681
ef247f28004f,0,3439,1,False,1c8f7b670369d99f041d992bdadfe4b4,270292f93d9ff993a289afcf03162fe1,2048,1536,da949aa67a4f,0.9826
ef26625121b3,4,3440,1,False,f3457500e609f39b3add0bdf216c88e8,73f664c1d8ebc2c36f65a0f8fd8d1e1e,2416,1736,7ccb267fd394,0.9599
ef4121e9bb67,0,3441,1,False,44c711bedf4e2d977975dd10b15e4f7b,cf253e68ce23a914780ee9dbfb374831,1050,1050,b1c6f0997e27,0.9935
ef476be214d4,0,3442,1,False,02957f9c41bc892cedc1278841d77b1f,cf2401fab90315e5a1a9dd01ff7e8cd3,819,614,04aef84a2cc1,0.9526
ef48780f5d5f,0,3443,1,False,078b5c09c72b9c75b3d3ff128d7cd5ef,b6aeb9db9eae6d7eb7bc132a52334dc4,1050,1050,150fc7127582,0.9916
ef5155990874,0,3444,1,False,5cfa35805cfb879fce93bbaccb5e3314,48e79e23d5d5ff6a561559de632fc0e3,1050,1050,ebf4b22240f4,0.9889
ef7a4ed8d5d1,2,3445,1,False,230fd4f726562bbec9b70651287eb252,d9e3ced1cf13b0aa4544ec7c19dd5e68,2588,1958,65e6f1bd9875,0.9061
ef7eb85b75fc,0,3446,1,False,3249fa60a287041113708f70c87475e2,4a26e65a48ac4c6cd95d5c6d0dba4d08,1050,1050,4350a1b2f3cb,0.9949
ef8109305128,1,3447,1,False,d351f22ef6dc187c0fdf83560524ae0a,d7ec29e7af75d924f6ca183f8731e5c2,2416,1736,5777ef74c9ec,0.9136
ef81cd8854cb,0,3448,1,False,cdfea2be5c1f78aea3903bca709d90dc,05061637fd26c3cabbbaeba9de5a0e92,1050,1050,caec68f11c86,0.9922
ef8c39eb9157,0,3449,1,False,4820ebf8f64d50c92273c53284899f8d,dd367e2caba0b59f55f4ff517fc1942b,2048,1536,e907d23cce3d,0.9622
ef99c499d665,0,3450,1,False,e82687be6e4b26c14ea126c7995e18e6,3aed60ba7edbd4ebbe7229b06039cd6d,1050,1050,e1dc02a3dc2a,0.9941
efff2f1a35f5,2,3451,1,False,cd54fc42a4e0d2e241fc3d05752b27b7,135f88c0e307886868dfbc2549a1fc58,2416,1736,ad1f7445b1a8,0.9799
f002ce614c59,0,3452,1,False,72b0925b8e9e622885891dc45bb9bc1e,918b6a7b7af7eb62e9387b99c23261d2,2588,1958,4ee1ad981a6d,0.87
f0098e9d4aee,4,3453,1,False,29f1d3590a06871c4c8ee7eefc32d52c,abcffd09c97f2a38f3c65bf1d7bd1f59,2416,1736,8273fdb4405e,0.9659
f00ce9b9d6f4,0,3454,1,False,e15603e309963b31e9a7ceed1ddf37ff,00ac31b198502233f2e2a5478d5f8527,1050,1050,b460ca9fa26f,0.9961
f02057c41256,0,3455,1,False,fed78d551dd6f119eed33233e7130229,7107b6c3736665efe45d99603500e7f4,2588,1958,3486f7096276,0.9481
f025f33b2c9b,4,3456,1,False,2b26406f82e83c7e15296e2eedd44b0b,d374046597274364faf06898ab9e94d8,3216,2136,7bda86d95c5b,0.9817
f0267c42907c,0,3457,1,False,930999ed8b1a0aae010c70e0703d6a29,cd270d742a762efd8084103b21ac4820,2048,1536,a94da3d3b5c0,0.9801
f02956bd7c50,0,3458,1,False,9fa2c7870dce869b9f4b41405fa335fe,f071e001e579981ad7d2765b1838ab46,2048,1536,152db3de8120,0.9788
f02babb3a023,0,3459,1,False,209303a740f8bdd6f3dd9d74a02d6673,82e6d036789bd42155010a767831413c,1050,1050,de6210f88536,0.9931
f03d3c4ce7fb,4,2194,2,True,3be1e5644df038399c1d31319e733af1,7c5dd8d3b844839f6f3d7763635c00bb,3216,2136,9a3c03a5ad0f,1.0
f0546a45ef10,0,3461,1,False,b3b25b62ef25ee6de9294894c89e3044,59d9df7654e5de6d3c385eb364db69b4,1050,1050,8bf2d925dc0c,0.994
f066db7a2efe,0,557,2,True,b985387a6d90af5b7ffd767a769e15ae,cf6dcd0320178ba248c359ca29c227fc,2416,1736,278aa860dffd,1.0
f06e7a9df795,0,3463,1,False,d5d3de6e5f051ac60047ae237b808458,8916a7bcf96e66caf85005cf3f6129c3,2588,1958,c76664770c07,0.9217
f0800723bc63,2,3464,1,False,29810ebedb02901be505a9de0ed64d87,7e86bbd7ebd964a478ab4ff557e45c80,2416,1736,29f44aea93a4,0.9369
f080a22008be,3,3465,1,False,d4977345ab002b95365835c5bec1c939,e8a381a0bb693aa35f6625a3330df02b,2416,1736,e3e490babc0c,0.9378
f0860c21533b,0,3466,1,False,3ef3e731fc40a89fa250896e0b84b62e,c0abffffc981513d3765d700ed86caca,2588,1958,ea4dcb055139,0.8931
f092febbf5c0,3,3467,1,False,dadea7422b87fa429f0d5c3b17988ec8,59a6d816e152be78122e1209f7f41e35,2416,1736,17eff993386f,0.974
f09cfc6a4dbd,0,3468,1,False,478bed928c966b81992f6c62cfa6441e,bf09a76bc092d786fa7d3142eb39a8f8,1050,1050,4409965eb2a4,0.9935
f09fd9433dff,0,3469,1,False,22bd0963288ec51d583a9f150f7d6f23,7cfae0d8f2447dcae4621295414c5693,1050,1050,e4a44f9158dc,0.993
f0a2dc580009,0,3470,1,False,65e071f176aff271c6779961b87ec4fc,6741242e70877045a22e420ee5fb96d0,819,614,675de69373f8,0.9812
f0c0f7b5e820,2,3471,1,False,f58e02af4341c7712ccbc724e06b2bea,bed90eb3e6d70dc8e1f4a155ee32c513,2416,1736,66a0bf258013,0.9448
f0c13be90519,1,3472,1,False,e465ab9e228e7bcbacb7b1d6d0e95f06,04a3b8f559d7e977f93409d648d64801,2588,1958,9f37c98b8187,0.8929
f0e1201b5c1f,0,3473,1,False,9a2d84613258b7f4ce3e5d2792dcbeff,ff34fcbd3f266beb7394691968877498,819,614,ab3c505b624f,0.984
f0f89314e860,4,273,2,True,197303f49434137ed6ab3c9906d76a13,48807bd9d831e5a0429264743487e58b,1504,1000,14e3f84445f7,1.0
f18abfa690ab,2,3475,1,False,2c70ecb172e367e5ad47fc96146c3b03,1fb57b434d864df5d2a8c89f43c230a5,640,480,daeaa5d8cf70,0.8526
f1979147aad4,0,3476,1,False,a84a487492b9c70b4e69a4d91e18d802,f5440f5afa6494e1b04fd885c5999402,2588,1958,66d2ca47aa44,0.9191
f1a761c68559,2,3477,2,False,eb7a7a5fa1307384791b6916edc3c81e,d571d4044fe23761981c86d312d44550,1504,1000,ff52392372d3,1.0
f1d719c97838,0,3478,1,False,cbcebf6d959d34e6995445a08b347259,b2653e57a777c2ee71a549f2ccc8b522,1050,1050,6324d77cf926,0.9877
f1dc26c4bfa3,4,3479,1,False,b6cc4a8a42b74d36fd6bd39f11133935,d203632258de3989408d9126c0becb21,3216,2136,247ac63e5510,0.9787
f2094a20b275,2,3480,1,False,d7f135ebfa5c7c95f3fff8446958db96,0716e062974bc34bf16289fb2a619169,3216,2136,4ce74e5eb51d,0.9792
f233638e0e90,0,3481,1,False,6f6b10f58e7184a0d1bf842d1c55248f,9455fd80a1241020be9e352b712b62ec,819,614,537e5c578f40,0.8785
f23902998c21,2,3352,2,True,f2925812dee45e7dba0ca4fbb346ea99,716d305d001bba75f9a9ee06fffa4e9e,1504,1000,e8d1c6c07cf2,1.0
f252046c0fe6,0,3483,1,False,e5ba4513cd1dc55cbf0b743145419995,6240b86a368c93f3f4f21231b3958e78,1050,1050,974c7d7b9c64,0.9854
f26b02ead915,0,3484,1,False,e446ca2b108266b43d78ddff4847b674,a086e50fab363d1a98240abb7b8603e7,2048,1536,0709652336e2,0.9764
f298b7d05958,0,3485,1,False,e07fbb11aa422e06fce6ac032dfd6893,fc46d2e34b5cac48f51fcaaaad70f24f,1050,1050,f85c78201a50,0.9903
f2c0b41acd05,0,3486,1,False,0734f870f7c6a2c13cff0e32be817805,feef8d4b87645eab3d25de3df1c6eb5e,2048,1536,4b6cb0bcfd44,0.9456
f2d2a0c92034,4,3487,1,False,6bd85e46e5de9bf2e79b246f0692c790,67e83447fc289758be0865d2d2cec636,3216,2136,4f5dd7660b17,0.9779
f2ee81781411,2,3488,1,False,d611f89aeeb7330cb7364beed6afd4af,ecd2400bb318fc169c93e218d2ac565d,3216,2136,4da6e2089d57,0.975
f2f569a64949,0,3489,1,False,ed41620ec6f5b3a58f8afeaa154bb44d,baad0b15cc18d2da9f29d50051a898e5,2048,1536,aeab0a63bcaf,0.9878
f30f203ef51e,2,3490,1,False,8177429823c8eb07d69ff79b27938043,f1b8f30fab672c9ab5ca6df9bee9e3aa,3216,2136,e6a6acf7fca1,0.9759
f35d80bb1a22,0,3491,1,False,f543213ce37c301956e00902ff1f8d9a,f1c0e5841aea4174d5241116948fa262,1050,1050,5077cdb88aed,0.9886
f361060eda3e,0,3492,1,False,0ee58beafc49d10bfd51732532079a99,a0ee492c11c0d26deb8614e2ce8bfad8,1050,1050,8bf2d925dc0c,0.9949
f366fb1cc475,0,3493,1,False,4953faed2b45914ab58d40d47a950e5c,3b2d4cde1e70335c444da425dd423941,1050,1050,f4df3d86688d,0.9936
f36cb007a1ef,0,3494,1,False,d4ac0150860fb4bf3089ce50dcb3eb9b,fefc62e42d671a6ab5503c5e0ecc83af,1050,1050,369229040a34,0.9935
f3a268d2726d,2,3495,1,False,29af1f1b35906ae83707096d280365c2,de05b026e967e3b931ae159c8e1ee2c2,2588,1958,0318598cfd16,0.9095
f3a4751af42e,0,3496,1,False,e28d91fb6fe6ba91511e4344d2cf4841,ffa713d6ba11c8eed7e76109b8ac01c2,1050,1050,cd941e5bc659,0.9911
f3a88d3026dc,2,3497,1,False,2d58f7a257513bf193872c2cb32370db,7826249f45fbdb37d1c27574c0155eae,1050,1050,a76132e79688,0.985
f3b27ac2d371,0,3498,1,False,0150567c3500c6b5e618105f2396e5a4,fafd2a1b19b017a6246a25a1d5914ab9,1050,1050,3cab32dd6ef9,0.9937
f3b6b7ca1eb1,2,3499,1,False,9d5fd4256114c35d3b03f2dfa7e3a04e,dc2238c6269cfcc24674cc0c48123597,2416,1736,36677b70b1ef,0.9723
f3bb996b45ce,0,3500,1,False,b91dc0bc2a45e1feb9d4f90b3ff18ad5,854c0e6021f82f0e2f7e7077d5ea9336,1050,1050,780f9c237c56,0.9816
f3cd489acbee,2,3501,1,False,03dc391a37bfce7b7600781c2452f4e9,de6485aaa056e2e44fe3befc5420030c,3216,2136,3748349334f6,0.98
f42b693a9414,0,3502,1,False,bc5f23ae6b22d77aac519d4045623ac6,5507151a260efd7ebc7712eea532d6b9,2048,1536,3f0d3629d69e,0.9664
f431f2e119d7,0,3503,1,False,fa64cf8ca6b90ded92fc276a45c75f60,7667594b92c74ab056065ed48829b8aa,2048,1536,4982378d72f9,0.9859
f451eee2b66b,0,3504,1,False,a9b0bfba9c5325c3c7a0d4a09e548246,07b1de24dc6f6782da8ffa5a1287a27a,1050,1050,369229040a34,0.9952
f45f1485c940,2,3505,1,False,73644ef8060ce06935b83ac955ede7b1,2af18ebf8bb2f238fbca99abb00e7975,2416,1736,4478b870e549,0.9711
f460608cf4cc,2,3506,1,False,e4b8e03308cc001ea41ed39effc5cfd2,7b9bb0f5ee1ac3a41a3ada1bb1d14534,3216,2136,a9a28c37c8c4,0.9708
f47a2a4a0411,1,3507,1,False,cdc45a87ac8660b971c5c53bc8c4d007,625b09733a815b54bc89c86ade9e3521,3216,2136,1ade1e949383,0.9757
f481f76a6b75,1,3508,1,False,f6b6275b7f6f59422fd8b4233b063230,1375867adcde0cb38307d86035b8a1d9,2416,1736,49c5e7f6b8d2,0.9725
f48241b0c995,0,3509,1,False,1509acd11caaf53db3069e331b07d061,3c3783e3fc257353a5f1dcc7ef8e2dad,2048,1536,da949aa67a4f,0.9859
f4874247ede6,0,3510,1,False,986c347cd2064a0af9bbea7344356c3f,fcf135c0a04e24ed7b07e407909190f5,819,614,f633c474e8b8,0.975
f4c7ae514c54,0,3511,1,False,336fbccd634a433b70cfa24b39da2669,6cff50305a207d3e6f8881c8c56d4a8b,2048,1536,0db1d8dcf219,0.9835
f4d3169b468a,0,3512,1,False,5527e077a7f91c2d8c80606876de7747,460fd75a144357a4028dbf93d900758c,1050,1050,367c7049929c,0.9929
f4d3777f2710,2,1349,2,False,e696ddd2ab0544e99e4a6050586875a9,664e190a6bdbefbf58b258a9001341a2,3216,2136,5dc23e440de3,1.0
f4de9620e3f2,0,3514,1,False,7861948e24c1c87c595236ce56046855,12589c240e38520d75b276de3a43b7b8,2588,1958,1a369baf9ee6,0.941
f4df3d86688d,0,3515,1,False,7809d29e58c694292bd4d96ea58a2922,75798c9aca79dd0fb10c6f1b36e0bbc1,1050,1050,9122b31414d3,0.9944
f4e68b61f480,0,3516,1,False,efa9ee6bd3fd1913f1583d704d1c949d,a3b2b34653022033cf91aec01f09fdac,2588,1958,9bafbbd152d2,0.8945
f4ea2a2cfbb9,0,3517,1,False,b95bc6088ddc40a73c2de0be63cbfbfc,6dae572e6148c1fc7d63fa84e840ad5c,1050,1050,32ed318235b8,0.992
f531232ecb55,0,3518,1,False,a4cef18e865b8f7f4b96dd46b23ea171,11e513932c4f666bcf953830ae96558c,1050,1050,e135d7ba9a0e,0.9881
f549294e12e1,4,3519,1,False,310078c0ea2fa63b681bcbe3dd0bd040,1116a43ceec1d1c9c8a34a107b0d6858,3388,2588,157d17349cc6,0.9832
f55e1d2a19e4,1,3520,1,False,a121255f2e75bf83fd9941d4b0127603,c839b06fa6c558611a8a35dad1b52fea,2416,1736,44f4ae58990e,0.9752
f5650eb52640,1,3521,1,False,212c871897f22d8667b359b4c2722adc,dfe9cd9edc168496a773193f96f6b6e7,2416,1736,6d454444f17c,0.9496
f56ff0440ed1,0,3522,1,False,5260b9fdaf5d5dabd170c1f559b46676,d8d09c9553f23e48568169eb8b0265cc,2588,1958,6cee2e148520,0.9378
f5733f77273d,0,3523,1,False,b13fc2a368671eb7a319481c8cd76d19,dde9fcf21be60007488bf2ebff39be79,1050,1050,abbb8791785e,0.9842
f576e45d1da2,3,3524,1,False,d512299104fe7a8bfe22ad8b8580b108,c5b577c57f26350e5a80c79f97232fa1,3388,2588,10ecc5292ab1,0.9759
f57cf3b6f48e,0,3525,1,False,d389377bf8b129c439d5e578be6897eb,6443422c11df7de65afd6e337ed5117d,2048,1536,7ddcfcea7369,0.9752
f580566e27f5,0,3526,1,False,d1c172b74291264f752ef48c2dfa2cf9,715379f25823a1672295b19da55eb978,819,614,7ef5ff774a48,0.9172
f583a722434c,2,3527,1,False,ffd1a18a930722dbf3a33c0633f67785,dafc30cb3904e906a0dff9b3294ca281,2588,1958,c1437a7a52c9,0.9111
f58cdfa968be,0,3528,1,False,ef4631ecba9a7c7d74a7251243e0aace,52511f1d173c7287526d8d57ae80d48d,2048,1536,53ddae6a619e,0.9747
f58d37d48e42,4,3529,1,False,9bee89a50731ccb5fb3fabf1ab283aa5,6f166b5eb8a2efc2092c3e39855d6947,3388,2588,9d74428188bb,0.9104
f58f0b2fd718,0,3530,1,False,15d22de4302bbd6ceacf9eb997391a11,84dc77b16088e33b87235cbdb1c3afc8,1050,1050,4c17e85686f0,0.9927
f5a8c6426a71,3,3531,1,False,96ff50aed6f83c9de8638777c6ff99a0,d6d8ab33d99378e3b944f66dc66f82dc,2416,1736,d868acdccb5b,0.9697
f5c953bee7cd,0,3532,1,False,d511ea5e3957206c61873fbe2f51393a,93f20f17835f3c8237655bdf948e7ac1,1050,1050,ebf4b22240f4,0.994
f5e6226bd2e0,4,3533,1,False,d3165ad2b987055e9c3047391becf1af,adcd9885282ca68fc8b49157aaabc8ea,2416,1736,9a94e0316ee3,0.9568
f5e9a307288c,2,3534,1,False,070af041391295c25ef95c06bf4bdc45,8bff433e00d9dafbc95e7b5dfeb583c8,3216,2136,a95858e052d6,0.9862
f61bf44c677c,2,3535,1,False,8ed0c78015bfde2810ca86505221b542,1f48dd253fe466089844d921a0c83116,3388,2588,10ecc5292ab1,0.9594
f62b8a076833,0,3536,1,False,f23237f072dccedc51ecf8caecb11de4,a9d252775f6629fd9f6980b496a9a588,2048,1536,5d9c841eb245,0.9468
f633c474e8b8,0,3537,1,False,57bb392d88057b08193a911c25a3c619,39692ec553e1ba4cec42e559ad3f2e86,1050,1050,a08a0133754a,0.9884
f64214bed40e,3,3538,1,False,72030c6eac23fe35f9f938eb7295454b,8a4ab019c379313161d3122e7f3fe11c,2588,1958,7b49041cbf17,0.8994
f64b6e85f1c9,0,3539,1,False,4897b19be63d5bbdd8a779b54108dcf9,09c8ed0a4cbc8a0ae3fd888d6c58ad89,1050,1050,ebf4b22240f4,0.9903
f66c4ee86629,0,3540,1,False,802265573577afca84696e8fd0df2100,84f2e9f573920ef464812d46d2beb08d,2588,1958,59ee65760535,0.7991
f68690db78d3,0,3541,1,False,c10c6ca532ae94fa6391728518de32c0,33bf6455bda26dc42aafc54d70c28875,2048,1536,c639d837f5e4,0.9854
f69400b316a7,2,3542,1,False,a8895e5f86856ca04242f00885d76389,738cad126e09e1e92870d75f54c7440c,2416,1736,62e6f814c8f5,0.9418
f69835dc7c50,4,3543,1,False,90126f6db918c26792a1ad12ba9bb4d4,b06ba9fa6a826a9d481f706ccd1a4f39,2416,1736,ee1ec90b980f,0.9594
f6d760566a51,0,3544,1,False,831a89d714a9d905a355ef01de8513fe,4a2924a47b570dd740102ec25e513c4b,1050,1050,4faf4063db8c,0.9918
f6f3ea0d2693,4,433,2,False,23d0e6d9ea565768b4b1a55ed17392da,fa94ed872dcf6d86d3d85ef75160c462,3216,2136,1e9224ccca95,1.0
f6f433f3306f,3,3546,1,False,080eea39ce78252e9215cd4a0085ac1d,9e5b8720a51569094d7b381c281b819a,2588,1958,8bdb891661a8,0.8538
f6f7dba7104d,1,3547,1,False,f8cee49ec1c586550933c9f42a71be26,28af999cdc897f0f2d1f149212258015,2416,1736,1df3e03a8f5f,0.9646
f7116e7b2f4e,0,3548,1,False,6c9bbd5b33ba54a3112eedac9aa7042a,2e1316d768190444c13ce2bc09656912,1050,1050,b5e6ae31493c,0.9912
f71333204618,0,3549,1,False,104c116c8a2e5401378922164e205f47,9c27f7965bba689803466c0de4fd1ac7,2588,1958,9a326446c431,0.9049
f71aca5a7dc3,0,3550,1,False,5a8052747a4c2ad6287aef5c2f1572a5,1f0ed522d8c13c6d9ea5cf13b224d852,2048,1536,ccd6dcb2f568,0.978
f71bea807c96,0,3551,1,False,0143cb2a8a2a5f94e6ea225b16a03692,621d26077b4dc91a652aa38ae9619af9,1050,1050,de6210f88536,0.9873
f72adcac5638,4,3552,1,False,8db8eae96fec1dbc0a26ac3db7ae6442,d62d4bc95f4f85201b30b91994a7a111,2588,1958,d95959798b57,0.9267
f72ef9ceeaa8,1,3553,1,False,08e18bfd175e7cc847777e390f1b6ae1,beebff5a8c0be6a94b4688c7b57b91f4,2588,1958,e1418d28d668,0.9147
f7508f14dd7b,0,3554,1,False,fe3666ac5996b581df65d844224f30a1,d55456860fe844e8c39a94692848f669,2048,1536,a62e995f167c,0.932
f762c272c522,1,3555,1,False,f3edb72c717f1d9618ef365a1eb3a223,e691e2b9e440f3d30fe84fc1f3419d5a,3388,2588,8ff2733f6aef,0.9691
f7735b6d47f7,0,3556,1,False,16f7257138a17152c74cef1368bedbea,215c925a930d71bc81093a4e99b4b375,1050,1050,cfed7c1172ec,0.9935
f7defe70afc3,0,3557,1,False,d50ba9bdad9a244f0288a517e26884e0,b4555168e9a5879ff2b47f3682890363,2588,1958,73e83a07a16d,0.7866
f7e9fa75c7c1,0,3558,1,False,97a7b86922517e44388cf7114d922cfc,fce3764c1e43d91a381cb3b0a51e6470,1050,1050,5f4a8c074bd5,0.9901
f7edc074f06b,2,1135,3,True,76773eca8d3a286e9baf4c146745d912,7472923de57ad878ce4c28e87279a77f,2416,1736,4fecf87184e6,1.0
f7fec8935126,1,3560,1,False,ebca5c041a42543824680b8aba5202e7,b8e8018eab02a116266ab2b887d1d9ed,2416,1736,a0267206d51e,0.9584
f80118bbda18,2,3561,1,False,27c86f0f3777f33d093775d9ee6dad02,f55ac87ba156888e56da8d8cc48b29ba,2416,1736,172df1330a60,0.9328
f819c65b803c,0,3562,1,False,4923eedb85d491758102866054c61e97,8a2212690c239e676615981e16779783,2048,1536,005b95c28852,0.9651
f8372e80f731,2,3563,1,False,fa05c51aa8441f8951458976bdeec72c,d2be50e2e79b43d904306f74d9b6664c,3216,2136,bfe467b7e997,0.9804
f850cb51fdba,4,3564,1,False,046dd388751071f545b475dd25f50988,00a5aa69df7c386a7ff9410d57c87cc9,2416,1736,7b20210d9120,0.9414
f85c78201a50,0,3565,1,False,ae4fc05a0914e2a9a87e3c64460f44ac,e598c0ae4da96d1ac82184ed90cb262a,1050,1050,495106ae3b68,0.992
f85fd4fac887,0,3566,1,False,b487367bfdda45a926b9c3e6f11375f5,0cc09fb050fcfe0aa3cd46d6b238a1d3,2588,1958,49e4b95ee2dc,0.9297
f86d1c404acb,0,3567,1,False,fec350d35ea1831a5e3b8547bcabb18c,9600cb92f0973cc3707933c3e2b56b36,819,614,8a87dd2a784e,0.937
f8cf7ed8ef00,4,3568,1,False,beee8ab44676ac725c97344143388fa4,351db00a10331195f85d48b192385ea1,2416,1736,fe37f4492920,0.9637
f8d62557ad0c,0,3569,1,False,8eeaa35b006087d32893958e8cc80299,927ae860c0569a32eec70392338766a3,819,614,4c6c5a1bf5ab,0.92
f8f5942b690e,0,3570,1,False,36ea6219befc42b166d22e4eed13d0a3,c8fc8a2f28aebd733f0bc55a2b9d0a65,819,614,441848e0f308,0.9177
f8fc411092c7,2,3571,1,False,e9aa4a49306810e95b6185affbcaa63a,c1cf61487f9f8484c38ca4f5730d5897,3216,2136,23d7ca170bdb,0.9745
f901d460517c,3,3572,1,False,d6c2c73c349b4caddfaa8ba2d4025962,cb8dbb82f91ba6a0d21d9f104c3d4e1b,3388,2588,ea1d045f9fea,0.951
f90f8931a9bc,0,3573,1,False,beed5819c35a230b38c8ed14b3d333ef,a8bc26a09169d0bffffe92c76101a405,1050,1050,504a69096fcb,0.9868
f9156aeffc5e,3,3574,1,False,5eef95d70dd1828620659e10bf50ed37,398e888d58d11d2ff4e55d2f0518d1f5,2896,1944,d990a3f0cbdb,0.8729
f91cfa82b9d4,0,3575,1,False,6813eaffc1062e3c512243a098aeb72e,717908d881da8da7ba0e95ebe463c3f8,819,614,afc744fad65e,0.973
f920ccd926db,2,2728,2,False,c7660cb49b8811ccef8d04f6c962a321,305a0a070e3c79112fa021db274f094d,3216,2136,bcdc8db5423b,1.0
f952ad2e4356,0,3577,1,False,32d8743c98e4ea90333c3ea6c3e72d92,42493b6b5db07676af440745e7c537e5,819,614,5baed382f062,0.9765
f994a3b07935,0,3578,1,False,ffa65f71a81f0613538244de0c917929,8762fe0cdfdc04b6949957ab86f67ea8,1050,1050,d838d5b9f571,0.992
f999c6921e6d,2,3579,1,False,654877e667460f156299b583b1fec652,e7b79624c95e7a8d4bf5edaa399c425d,2416,1736,e9f82b5bbaf4,0.9411
f9aa35187bf3,2,3580,1,False,782f8f809b517f8ea2a8d973d4168605,33883eb6282f801a6163bd6f771d6a21,1050,1050,d1a60c3b9fe5,0.996
f9d52509c571,0,3581,1,False,7ffa9d856a75add128dfdb5488ce4df4,d059a967bac8500326c48ffdc0908ec2,1050,1050,2da82d14e1b7,0.9882
f9d8ff3e6592,0,3582,1,False,129093124b9b29b7a7b017b4f1e4356c,32bb2fe7d129712500033c71cd5abc31,2048,1536,189cbbc9e5e3,0.9855
f9e1c439d4c8,0,870,2,False,319b37310cab5383d72f3ecdd6385fd2,9e0e2ecb87a61e1855c2ec1e2b292df0,2416,1736,3f44d749cd0b,1.0
f9e779a13204,2,3584,1,False,8f7444ce2310d7558806a89b64c89b29,3e44e5c0a4409d7965ca60331b2c836c,2416,1736,c8823cdaf7fa,0.9398
f9ecf1795804,2,3030,2,False,d55aa25d769d844084c79e8c243067be,bd83e14698ecec7368bf417ae8eec316,3216,2136,d28bd830c171,1.0
fa0c87bd75ce,0,3586,1,False,cbe5a0f7c97e6a36d9101a0efb0271e2,0ba37922acb61fe85b2161ea7baae81f,2588,1958,1608c82a263f,0.9278
fa3e544a7401,2,3587,1,False,e64195bd2d7a182b50bcc40995f78ed4,fcb3891f738dd8db715c0ef0ae6b1ae3,2588,1958,cac80797770f,0.8948
fa573163dd8b,0,3588,1,False,7d9e1c0ebbae2034d320e48a9f11a1fa,ddd39bb927587cc7ed985bd7366cd352,1050,1050,3c28fd846b43,0.9943
fa59221cf464,4,3589,1,False,868e0f3e6236400de271cbf706ae2c0e,8ff943f6ab32481b327c6f0d4bed85e1,2896,1944,92d9e9f08709,0.95
fa6f3d8bb1d5,0,3590,1,False,0612b790ae367a75112f392379dd3f2c,06b38a224b8c00fee53062f6bf939a94,1050,1050,d69698f838db,0.9887
fa748b57262b,2,3591,1,False,dbea260bb3cc77cb4bfc5cb74b4b4fee,477343105a51a2ff1c29a972fa8a5bf1,3388,2588,9d74428188bb,0.9761
fa7fa797c650,0,3592,1,False,51b6a4b79a7d7ded8d8c3c8404d60964,87c478c7d9056ced70332d7d7bdd7e28,1050,1050,17f6c7072f61,0.9953
fa9bece586fc,0,3593,1,False,f614ffa58067a20583f2dbc594a50cad,b8030909e28eecb3d18fa9c7cebf72f6,2588,1958,beb00fa6e7c9,0.9143
fa9f1bc03f21,0,3594,1,False,9332c4402873b0c07605875efa9d95a9,8086d35cdf572f820efa7d247a9a16a1,1050,1050,6110ecb3bb1c,0.99
fac399455195,2,3595,1,False,4bca701d1a8b94b375e541fb98a3858a,0d83833cbaa69cd838643d8398aac59d,3388,2588,1844a039b4ea,0.9598
fb1b8771c70a,0,3596,1,False,c7e612fd2502676fa948948500b29dbe,ddf9cb0a91e34cdb8981cb69f230ee17,1050,1050,e135d7ba9a0e,0.9931
fb61230b99dd,3,3597,1,False,1103efc07d8f0fd494132e6f766d28eb,fe556e623d5517ffd58d0c60351dfe04,1844,1226,cca626a0e19a,0.9334
fb696a8e055a,4,3598,1,False,7cf7bdf2ceefb3efdebb8b43bf740d18,9052d97208f3a9005ee3407b3dbaa9cc,1844,1226,eb1ad14dd281,0.9414
fb6b8200b7f8,1,3599,1,False,921ca55953546361494f2a122d53b077,f0fd971b96d0c4cf5b00c8f82ba31af2,2416,1736,5a03fe3ed15c,0.9638
fb767cea406c,0,3600,1,False,05547b3395af306847fc2a1c930558e2,2f3c0f73d6d514e2d3ac391d39200a10,819,614,26d60db3bbfd,0.9392
fb88783de055,0,3601,1,False,b45b0dd5fa4708cdd3d4400263bce243,7b9d7174698ec94bbcb1dc146d7b1ca1,1050,1050,e4d3d437b0a8,0.9834
fb88d23fc5fe,0,3602,1,False,a5d214239b68feebd169c2c99236005f,163f20becfaff9961802a87c4b425b4f,1050,1050,f994a3b07935,0.9832
fba493e17448,2,3603,1,False,128a260c704ba388583b5efee371600b,459cc114263c4d883756f463620b4611,2416,1736,295fdc964f6e,0.9622
fbcbc81cf9be,0,3604,1,False,b1e14e4873008f024780a421435b9d28,edae763e4af1dcf0ea1808eae8b6b118,1050,1050,16060f05d047,0.9916
fbdc796290d4,0,3605,1,False,cd82d06995b428ac38e68aea9ea10799,cee7dfb0dc99878967e1af3e462e84dd,1050,1050,7a77c3eb468c,0.9922
fbfa925506f6,0,3606,1,False,cd8aa7bd5d130c805bf0ef3aacdc8b1c,73d109d7c6bd258fe12f2be3a16710f8,819,614,e529c5757d64,0.9646
fc1b1841eadf,2,3607,1,False,b65ffc35e2831c8a428d0bcfefe7cfbd,964fc94b8738c344f2e1a9d1134f80fd,3216,2136,7270367410a1,0.9688
fc4c2d35c6f8,2,3608,1,False,4b5cac3cee8c69921a2fcd670938ff08,d6af03da285f0d5a2735520b1274f504,3216,2136,19113e5f45ec,0.9709
fc4d69128e7c,2,3609,1,False,c868bc9129e01d2e81ace9a2d49f1525,80df900eaf592117286d088837033efc,2588,1958,4d1e7def7624,0.9105
fc603cbedb41,2,3610,1,False,34c3f20b25d582657e892193d8452777,af75ba0590f3e156e3c7217ab61d7da6,3216,2136,87b1938994b5,0.9811
fc782722a50c,0,3611,1,False,18ba350c1d771d0b00e6e95a55d762d0,99ed0606086b64ab91fe21d77a6274c7,1050,1050,922586d86cd8,0.9874
fc898dfeb24f,0,3612,1,False,da44cb95fff413bdfd227a1d12d0ba41,45a62062f54c92497ed9ccf7c4da06fd,2048,1536,ffc04fed30e6,0.965
fc8fce67fbf8,0,3613,1,False,d55997c2c3799abe23ba27ae35ce800c,a89cd48fedac634d642a439874f78a46,2048,1536,6b91e99c9408,0.9557
fca1a8738b8a,0,3614,1,False,7f56aea31fea4895c43243effb2134a3,3fa8f301c77b706594ab2f2859531467,1050,1050,1d37f1c8b6d8,0.9924
fca931da5c5e,1,3615,1,False,208aa2af4015c39c226d8c0d261a4420,a91753663bd43d8050ed57175cecad92,2416,1736,32a3eb37ff40,0.978
fcc32dffd24d,0,3616,1,False,1b9075b210e048add20f765c7e4d2f2e,1e5219980ed3413b3800c7373809a309,2588,1958,5327f88a1919,0.8931
fcc55ae641ae,2,3617,1,False,b8941887967b9f3864233d0ced13b4ef,b0cb68585daf81be613b32857eb36fb1,3388,2588,354b8911d6ed,0.9714
fcc6aa6755e6,3,1381,3,True,fc193ee5b4467caaeeb4cbb68d442535,ebcd143d3168ef26bf5fe9ed84ab2a72,2896,1944,60f15dd68d30,1.0
fce73678f650,0,3619,1,False,57fcdb9aee0f8a85fa3bb19c65fc56cd,323fd081cace67d1f55773c3bd058d9c,1050,1050,b598bc9753c2,0.9924
fce93caa4758,4,3620,1,False,5210405173cd58bf7428b3387b470b12,1d6be161430ade43e2705b13935cb8bb,2416,1736,2994f17f58a5,0.9612
fd079d2e93a2,0,3621,1,False,5c7bf133358b60aa781ab57506fed5e6,f753327bdde96f595b878b5a60025ca3,1050,1050,aafe980edd0c,0.988
fd0a70082e7c,0,3622,1,False,ce839e323ac4489a84f4f2328c19cf32,b3ee0ece0f211953fe3ad8b3ce85dd17,1050,1050,38c7153457e2,0.9814
fd48cf452e9d,2,3623,1,False,b5aca770553dde771bd94fec1f6bb60c,9e22df94d2da982327e4313e5be0f08c,2588,1958,0fb560f9adb2,0.9319
fd4c946c52bf,0,3624,1,False,0777b7689a6d9aeda286f64321487754,00e8d3e5fad9242b4d8f4ab7ad55ed1f,1050,1050,a528be013a04,0.949
fd62bd0db4f1,1,3625,1,False,050a0afb4f3fccbf18a51843b279eb25,9ae79c454326096a82fa4adbf3181739,2588,1958,d15ca3469b87,0.8883
fd87b6b2e664,0,3626,1,False,87a5467f11a706c4b699f5c1b6893c07,825999912204ee71cd04f33e31b3ca5e,1050,1050,780f9daaa24b,0.9929
fda39982a810,3,145,2,True,89ecd9da08e22d225b70af86960ca4f6,bcd4dd1f41c57e4a1406b29426a88c89,1504,1000,0ac436400db4,1.0
fdbc252813b1,0,3628,1,False,6e2738e9bfcb83ffb89ac41888db44f4,41d7cc3141393df8231b84289f13a8c7,819,614,b66f23ffa730,0.9689
fdc685055659,0,3629,1,False,08bee533799adc0c68205614a61477e9,8599ad4c650f42b2f3b03ea0a4d4bcbe,1050,1050,bc7bf19b84e3,0.9922
fdd18ccbbdc5,1,3630,1,False,0560b9e8098bbdc129ccb3f98683dcff,0cdd53b9af6763262ee1887d7c5e66cc,2416,1736,4dd5d5ccddcf,0.9633
fdd534271f3d,4,3631,1,False,34b9a7ba1bd2efafe38305209ecb62b4,9add48e65b77d78148d5cefe3945a6af,2416,1736,6f923b60934b,0.9369
fe06dad6851c,0,3632,1,False,cb076979a6b45234f07d6bda852419ac,6227f712997d08cd01f27515ecb1614d,2048,1536,1864d3411143,0.9746
fe0e2dee1834,0,3633,1,False,30ba7ef72a5180065b6f18a393edd6b1,38559551575abbad2f873c61f2bc9234,2048,1536,289a47dcbb82,0.9877
fe0fc67c7980,3,1179,2,True,bd50c5d39c29e48294f5a73dbf0e43a5,58c1c954998a30ceeaeb2aa60b75663d,1504,1000,521d3e264d71,1.0
fe2df69676cf,1,3635,1,False,7577458232017037c3e160de2774f816,014e210a4e9139a802f44a295b41ca1c,1844,1226,bf1b7e21e774,0.9576
fe37f4492920,2,3636,1,False,cf97df5198979a2e1c8a19545910f72f,76113adfa53bf15d274f9342e7fa553b,2416,1736,c7b622ec8104,0.9708
fe3b0e50be78,0,3637,1,False,5d92ac709e43f35f4df6e53cebf8dd25,03bc7bc99ca58c2ccf4353ddc3e242d9,819,614,ace287a5c991,0.8372
fe3f62695b2d,0,3638,1,False,16cfefa5fb66dc73a0cef0f3a5db6e64,bd844f3f4171723c8d2310921470c401,1050,1050,e16af45285e5,0.986
fe674c2f73f5,1,3639,1,False,70b5d41bb9fe78967824ffa302fb8f21,09d6c54ab46f7822ffaff8e6abcbf5ad,2416,1736,a3ad6c2db6f1,0.9771
fea14b3d44b0,1,1824,2,False,70f1921d018abf3eb649fe94cdda57d7,2e525398715e15f24920b20895a4a327,2416,1736,80d24897669f,1.0
febfb20dc311,0,3641,1,False,2c3434b30998d49d4302120e57246e26,20369dfb12b7c1316d7056c9ae44d40c,1050,1050,79cbae28d8b2,0.9916
fecf4c5ae84b,1,3642,1,False,c14ca691122ada7dc07ec591e96dfb5e,3aacba2f03830e3ef1f613072897a7d1,2416,1736,7dee6bf8b9c1,0.9758
fed5bb685832,0,3643,1,False,9acdd0b8a58df570b460be8be6c6754b,7eab52bd212451c5b25a17a5e3fdd43d,1050,1050,f4df3d86688d,0.9923
fefded6bf135,0,3644,1,False,d346d2836acb74d43405ab3a13b87a38,e9a1d5bc64f05882c1184c57a5b950c9,2588,1958,1a369baf9ee6,0.9315
ff03f74667df,0,3645,1,False,99c4e86271402cf9efe66d1cef09f11e,491195489f5f951b474aac5951bf493e,2048,1536,cf6551521a35,0.9646
ff0740cb484a,2,2663,2,False,6de1e04f816fb915da5832eba82b0a1a,3f10a4a47905b6c112c57cfb59a17437,1504,1000,b8ac328009e0,1.0
ff1e940105f9,0,3647,1,False,7ee96c9df7a956de67a39659ebd69d9f,86148b746297b9da55c5d631df1799ce,1050,1050,1faf8664816c,0.9914
ff344e5c9341,2,3648,1,False,0d6d1cbc92b5034cd59ffb2be2d1c083,1061e454cb894c888204c2f5f64acf32,3216,2136,789434d095d1,0.9789
ff4832d55461,0,3649,1,False,f16bd8feaa3ff9313e40615c6204cd70,75e55725a33c7cc0e6515fbf016b6db8,2048,1536,f71aca5a7dc3,0.9749
ff4955e76894,0,3650,1,False,ed41c947cebd716c4c335704ba74416b,0367ea4b4fb537486545fde1c68512e1,2416,1736,00cb6555d108,0.9707
ff4cd992667b,0,3651,1,False,863e59dfc738939dd1228393b71608bb,6d0131a255d06e2f97db50ed40a1aed4,2588,1958,ae94ce412de9,0.9068
ff52392372d3,2,3477,2,False,eb7a7a5fa1307384791b6916edc3c81e,d571d4044fe23761981c86d312d44550,1504,1000,f1a761c68559,1.0
ff59d44a70a7,0,3653,1,False,a8b346f356c6c47c97aae34018fbdf7a,c402b5cbc3d38145a672e409ed31c24e,1050,1050,54038e56131d,0.991
ff631653374e,0,3654,1,False,550d107c49d37999e796b77e0d449f7e,8e250bce5688cdb2858ebdb497dc0490,1050,1050,a1edf0e66592,0.992
ff77e8e5b5f3,2,3655,1,False,f868aed9045e9e69f2ebab3a680a82fa,b5b6d076ced198b08a9b3fa28e3f2411,2416,1736,d10d315f123f,0.9347
ff8a0b45c789,4,3656,1,False,82697fa7ed75a6b17ab22e987f30c7c1,58eac3fb01840819f43fe83f1b97fd4a,1844,1226,94111ed3d276,0.9448
ffa47f6a7bf4,2,3657,1,False,a6b27720160c9973afb10a0eba2cacd1,fd8e1c087baa6989281c2e2e36b04fab,3388,2588,a88f68b0b114,0.9668
ffc04fed30e6,0,3658,1,False,26a248b4157c8002710ca67411a2db33,e4d5da30342104d7572e90f0fb65b3d6,2048,1536,0a74c92e287c,0.9775
ffcf7b45f213,2,3659,1,False,674a37d5f0415737094346dbb889a7b3,51145c6b28835af9ed9aa73a5d40d05d,3216,2136,09eeafa9656a,0.936
ffd97f8cd5aa,0,3660,1,False,67289119f329393da6ff43f87fb39039,0290d5a217d4858945ef82fbcce79b66,1050,1050,1f63d44d9e3c,0.9912
ffec9a18a3ce,2,3661,1,False,1ca0ae42abab9c57677fe10f50484b10,b4152c3ca7079ea818cab5e88fd5a5bf,2588,1958,12025b34deb8,0.8957
